query,model,embryo,sex,direction,mse
Dnmt3a,identity,embryo10,male,-0.05821218844139483,0.03049738256872458
Dnmt3a,identity,embryo3,male,-0.041202437875330906,0.05751071175459923
Dnmt3a,identity,embryo5,male,-0.094871505568175,0.030938693245392564
Dnmt3a,identity,embryo7,male,-0.03567808717089008,0.0371980689997197
Dnmt3a,identity,embryo9,female,-0.05610537945823557,0.04635122137840071
Dnmt3a,mean_within,embryo10,male,0.4623157243666914,0.02991700938093605
Dnmt3a,mean_within,embryo3,male,0.0014749477031605603,0.09720398641307934
Dnmt3a,mean_within,embryo5,male,0.5089589897242216,0.025566354645959733
Dnmt3a,mean_within,embryo7,male,0.2652985768635343,0.04430014811154888
Dnmt3a,mean_within,embryo9,female,0.09338182020028563,0.07050489654927886
Dnmt3a,mean_combined,embryo10,male,0.47336069583584345,0.04432234743523909
Dnmt3a,mean_combined,embryo3,male,-0.002332215512124077,0.12468684991368256
Dnmt3a,mean_combined,embryo5,male,0.4724829978392537,0.03905224303469947
Dnmt3a,mean_combined,embryo7,male,0.3714344613990581,0.05632794788408805
Dnmt3a,mean_combined,embryo9,female,0.15041564496591125,0.08827592585768185
Dnmt3a,nearest_within,embryo10,male,0.32963203969371274,0.05002697026124959
Dnmt3a,nearest_within,embryo3,male,-0.12010253704230564,0.13334419318327853
Dnmt3a,nearest_within,embryo5,male,0.388698746185903,0.044293864528760225
Dnmt3a,nearest_within,embryo7,male,0.13405277524418255,0.06805167355830295
Dnmt3a,nearest_within,embryo9,female,-0.012578552349942651,0.10006297821958386
Dnmt3a,nearest_combined,embryo10,male,0.34405840786971437,0.08327433341902728
Dnmt3a,nearest_combined,embryo3,male,-0.11315151025980705,0.18684338239807483
Dnmt3a,nearest_combined,embryo5,male,0.38446850709544356,0.07494954689018782
Dnmt3a,nearest_combined,embryo7,male,0.2254678709392649,0.10093778094330055
Dnmt3a,nearest_combined,embryo9,female,0.05539081214741365,0.13826833467712676
Dnmt3a,ridge_within,embryo10,male,0.4354097868350221,0.03289659774616088
Dnmt3a,ridge_within,embryo3,male,-0.024261098410225945,0.1032800202770587
Dnmt3a,ridge_within,embryo5,male,0.48122579713675184,0.028257023206220342
Dnmt3a,ridge_within,embryo7,male,0.23975102012048638,0.04798413899918839
Dnmt3a,ridge_within,embryo9,female,0.07040676075636712,0.07532842910492492
Dnmt3a,ridge_combined,embryo10,male,0.4403722333517164,0.049521410712044286
Dnmt3a,ridge_combined,embryo3,male,-0.029653813585330507,0.13468783758300618
Dnmt3a,ridge_combined,embryo5,male,0.4622811543059909,0.04344251500150837
Dnmt3a,ridge_combined,embryo7,male,0.3342546170719978,0.06310594998007393
Dnmt3a,ridge_combined,embryo9,female,0.1271777811133902,0.09596253623868123
Dnmt3a,known_response_oracle,embryo10,male,0.5304628615127027,0.013981907411649551
Dnmt3a,known_response_oracle,embryo3,male,0.7655346889339636,0.01302098149046391
Dnmt3a,known_response_oracle,embryo5,male,0.498919471875038,0.016835263354942703
Dnmt3a,known_response_oracle,embryo7,male,0.6373339624732969,0.012363204398421356
Dnmt3a,known_response_oracle,embryo9,female,0.789801814138677,0.006865562126998731
Kmt2a,identity,embryo10,female,0.061439596654998,0.03187380467258732
Kmt2a,identity,embryo2,male,-0.008370801607748342,0.040276790376084295
Kmt2a,identity,embryo4,male,0.017270333347824664,0.03731398118625397
Kmt2a,identity,embryo6,male,-0.07322233821688413,0.04360168838298198
Kmt2a,identity,embryo8,male,-0.004748711450147213,0.04751496942675496
Kmt2a,mean_within,embryo10,female,0.4914201150992877,0.013418020326852584
Kmt2a,mean_within,embryo2,male,0.5957736956179571,0.012882671556798822
Kmt2a,mean_within,embryo4,male,0.5019415959246009,0.014309719529725042
Kmt2a,mean_within,embryo6,male,0.5637836418183381,0.014718365127075505
Kmt2a,mean_within,embryo8,male,0.6021397670572681,0.017243519953841824
Kmt2a,mean_combined,embryo10,female,0.5438901639833007,0.016882530596315733
Kmt2a,mean_combined,embryo2,male,0.6017686763070619,0.011864309467081472
Kmt2a,mean_combined,embryo4,male,0.5947928105354354,0.014110688930578952
Kmt2a,mean_combined,embryo6,male,0.4990596665278901,0.01629025466247949
Kmt2a,mean_combined,embryo8,male,0.5712092845203172,0.01844900243152581
Kmt2a,nearest_within,embryo10,female,0.5949642271380687,0.023837278776603285
Kmt2a,nearest_within,embryo2,male,0.3841775953850248,0.04120180742483075
Kmt2a,nearest_within,embryo4,male,0.4957936464151656,0.031708538499341854
Kmt2a,nearest_within,embryo6,male,0.34166695821174586,0.04258882205383149
Kmt2a,nearest_within,embryo8,male,0.22645576956854122,0.05405923235107225
Kmt2a,nearest_combined,embryo10,female,0.6260471637540321,0.02016306528773427
Kmt2a,nearest_combined,embryo2,male,0.4099506389584708,0.037584775341476404
Kmt2a,nearest_combined,embryo4,male,0.5262529225597159,0.027823057475097293
Kmt2a,nearest_combined,embryo6,male,0.34546840027630593,0.03976696305549759
Kmt2a,nearest_combined,embryo8,male,0.23556755870853296,0.052540488745311295
Kmt2a,ridge_within,embryo10,female,0.5412272171740874,0.012400777415981928
Kmt2a,ridge_within,embryo2,male,0.6084123576809559,0.01419417939638754
Kmt2a,ridge_within,embryo4,male,0.5434468003911691,0.014202141245164038
Kmt2a,ridge_within,embryo6,male,0.5775315831005543,0.01596711224468658
Kmt2a,ridge_within,embryo8,male,0.5931128640310369,0.019671294087782773
Kmt2a,ridge_combined,embryo10,female,0.567731533978192,0.014383989509142043
Kmt2a,ridge_combined,embryo2,male,0.6005591360525668,0.011966874203981735
Kmt2a,ridge_combined,embryo4,male,0.6074599279283516,0.012975170815461744
Kmt2a,ridge_combined,embryo6,male,0.5055858764842918,0.016097695692540243
Kmt2a,ridge_combined,embryo8,male,0.5548514212100103,0.019501013229580998
Kmt2a,known_response_oracle,embryo10,female,0.7591749235597998,0.008186142102057545
Kmt2a,known_response_oracle,embryo2,male,0.7642226046507214,0.004735355800165681
Kmt2a,known_response_oracle,embryo4,male,0.7817528250978487,0.005622139525925896
Kmt2a,known_response_oracle,embryo6,male,0.701368960624029,0.006125729493277531
Kmt2a,known_response_oracle,embryo8,male,0.6916895462338101,0.009807736031831426
Kdm2b,identity,embryo10,female,0.1478868011953878,0.1872446168386787
Kdm2b,identity,embryo3,female,0.08161195212931366,0.07844019549762568
Kdm2b,identity,embryo5,male,0.12259166604276261,0.06903674278752
Kdm2b,identity,embryo7,male,0.14772352320590235,0.21012876945733064
Kdm2b,identity,embryo9,male,0.11419850686219332,0.07098872062331905
Kdm2b,mean_within,embryo10,female,0.25553730922910595,0.15835073741962452
Kdm2b,mean_within,embryo3,female,0.4122581333950031,0.05294955352335589
Kdm2b,mean_within,embryo5,male,0.4475526781997052,0.046807941281290136
Kdm2b,mean_within,embryo7,male,0.19656529901541703,0.1875597114350665
Kdm2b,mean_within,embryo9,male,0.36240145691214287,0.051615913096000623
Kdm2b,mean_combined,embryo10,female,0.3132990682721235,0.14288154875756873
Kdm2b,mean_combined,embryo3,female,0.4772480986917596,0.04324678144550821
Kdm2b,mean_combined,embryo5,male,0.46691216831831134,0.04083853852814966
Kdm2b,mean_combined,embryo7,male,0.2583973385358384,0.17229129390341258
Kdm2b,mean_combined,embryo9,male,0.3636577443031295,0.04662286268675666
Kdm2b,nearest_within,embryo10,female,0.029326674279229734,0.20388521288166792
Kdm2b,nearest_within,embryo3,female,0.1772698893855125,0.08858810798851383
Kdm2b,nearest_within,embryo5,male,0.16802856045965894,0.0810343602453438
Kdm2b,nearest_within,embryo7,male,-0.005468348839634051,0.22899099811682794
Kdm2b,nearest_within,embryo9,male,0.09481960486434902,0.08475773961325507
Kdm2b,nearest_combined,embryo10,female,0.12171103735997374,0.1907350648213927
Kdm2b,nearest_combined,embryo3,female,0.25843283964933556,0.08084477597832526
Kdm2b,nearest_combined,embryo5,male,0.23536010652072395,0.0757861701270688
Kdm2b,nearest_combined,embryo7,male,0.08927254916088333,0.2154605896782664
Kdm2b,nearest_combined,embryo9,male,0.1347413934675822,0.08071994084812435
Kdm2b,ridge_within,embryo10,female,0.20854735325443877,0.17127992905918177
Kdm2b,ridge_within,embryo3,female,0.3665848211978022,0.06266264262625071
Kdm2b,ridge_within,embryo5,male,0.380054075975922,0.056098028086968045
Kdm2b,ridge_within,embryo7,male,0.1579994827400042,0.1992280111462945
Kdm2b,ridge_within,embryo9,male,0.29704672143572863,0.06056685861288166
Kdm2b,ridge_combined,embryo10,female,0.2495401978204663,0.1579608241705032
Kdm2b,ridge_combined,embryo3,female,0.4242323409342147,0.05403197201977052
Kdm2b,ridge_combined,embryo5,male,0.41034965209236834,0.050551022068396935
Kdm2b,ridge_combined,embryo7,male,0.20637320457556127,0.18589324654236708
Kdm2b,ridge_combined,embryo9,male,0.31226651769482566,0.055861474662793835
Kdm2b,known_response_oracle,embryo10,female,0.8120438180806242,0.030279903784596652
Kdm2b,known_response_oracle,embryo3,female,0.7908919349860124,0.012944691330159958
Kdm2b,known_response_oracle,embryo5,male,0.8137758846656926,0.012852029423702718
Kdm2b,known_response_oracle,embryo7,male,0.7499628089799084,0.05492993373328705
Kdm2b,known_response_oracle,embryo9,male,0.7790914294674915,0.018508215191957143
