query,embryo,sex,method,direction,severity_abs,mse
Dnmt3a,embryo10,male,identity,-0.025451448780683558,6.907755278982137,0.03116828369541851
Dnmt3a,embryo10,male,mean,0.4864597897654722,0.6465729239494474,0.03321396134261918
Dnmt3a,embryo10,male,nearest,0.3261024622319659,0.7604785908206284,0.05568308280685946
Dnmt3a,embryo10,male,ridge,0.44519580184425894,0.6700291250274405,0.036698481623513024
Dnmt3a,embryo3,male,identity,-0.0015940509339135273,6.907755278982137,0.06377354790992006
Dnmt3a,embryo3,male,mean,0.08402482715333813,6.907755278982137,0.0984621464462513
Dnmt3a,embryo3,male,nearest,-0.08767498798055966,6.907755278982137,0.13579959137982928
Dnmt3a,embryo3,male,ridge,0.03878035542085514,6.907755278982137,0.10487475229742568
Dnmt3a,embryo5,male,identity,0.005130819601522568,6.907755278982137,0.029448775075842787
Dnmt3a,embryo5,male,mean,0.5269160380717248,0.4891194596855467,0.028786809690150898
Dnmt3a,embryo5,male,nearest,0.3547978583198051,0.5254893390263727,0.04970652479495
Dnmt3a,embryo5,male,ridge,0.4874583686257754,0.49822813592292087,0.0319540906470826
Dnmt3a,embryo7,male,identity,0.004618591602801998,6.907755278982137,0.03577924403134445
Dnmt3a,embryo7,male,mean,0.369628609330228,0.9563767034126205,0.04298193304666704
Dnmt3a,embryo7,male,nearest,0.19062545032921924,1.1628430900628803,0.0677882991860485
Dnmt3a,embryo7,male,ridge,0.32991525897331697,0.9966266361650222,0.046927654428647374
Dnmt3a,embryo9,female,identity,-0.10346598157366586,6.907755278982137,0.03935793026231961
Dnmt3a,embryo9,female,mean,0.23328977392543765,1.1712619435603158,0.05060703127202295
Dnmt3a,embryo9,female,nearest,0.11037862388437547,1.4175192981955251,0.07706802098428644
Dnmt3a,embryo9,female,ridge,0.19978269054187908,1.2177134216398595,0.05465418498348573
Kmt2a,embryo10,female,identity,-0.0772445341111387,6.907755278982137,0.03690104416582798
Kmt2a,embryo10,female,mean,0.5833031982438174,0.4183683339602907,0.012610445448776252
Kmt2a,embryo10,female,nearest,0.4484660298047641,0.9784504987922273,0.03795654853913719
Kmt2a,embryo10,female,ridge,0.6003471428571866,0.48142346659793395,0.01376415910800439
Kmt2a,embryo2,male,identity,0.08411301224731374,6.907755278982137,0.033552572394418036
Kmt2a,embryo2,male,mean,0.6580193563894244,0.3819497418251317,0.010427078923489529
Kmt2a,embryo2,male,nearest,0.5514754280253386,0.9092741633916694,0.03346562624665469
Kmt2a,embryo2,male,ridge,0.691565789837974,0.4339290039006069,0.010916451926227566
Kmt2a,embryo4,male,identity,0.10161729142877282,4.127471745495392,0.033333260510486414
Kmt2a,embryo4,male,mean,0.5963292537063379,0.38169125993616565,0.01273587252061101
Kmt2a,embryo4,male,nearest,0.6838097510013952,0.5476947186579283,0.02395089763703246
Kmt2a,embryo4,male,ridge,0.6533460489841021,0.3995931882745905,0.011682494595676737
Kmt2a,embryo6,male,identity,-0.0449199980273451,6.907755278982137,0.041507607136582636
Kmt2a,embryo6,male,mean,0.6458400131433583,0.48804353525066574,0.01444668876265478
Kmt2a,embryo6,male,nearest,0.5119034877271209,1.0716923417334252,0.04142427387718519
Kmt2a,embryo6,male,ridge,0.6777975226845789,0.5449203047215937,0.015430314635979174
Kmt2a,embryo8,male,identity,-0.015541021863748618,5.121030503348628,0.03960496264110664
Kmt2a,embryo8,male,mean,0.626757245379395,0.4220994256677717,0.013316931163540562
Kmt2a,embryo8,male,nearest,0.29233277961705323,1.2163834155274533,0.0483836200113742
Kmt2a,embryo8,male,ridge,0.6025978991954848,0.4944367295997025,0.01537432882138165
Kdm2b,embryo10,female,identity,-0.009447592950225573,6.907755278982137,0.20869803618398333
Kdm2b,embryo10,female,mean,0.15083676207393024,2.4120932969805686,0.1928252907462492
Kdm2b,embryo10,female,nearest,-0.05202523779506026,6.907755278982137,0.2401255720157846
Kdm2b,embryo10,female,ridge,0.09385036321210859,2.8403889542550393,0.20691645117028232
Kdm2b,embryo3,female,identity,0.010434567356360981,6.907755278982137,0.09015112814575502
Kdm2b,embryo3,female,mean,0.31558434737371194,1.6184146528438788,0.07375825488566871
Kdm2b,embryo3,female,nearest,0.0706562005954931,6.907755278982137,0.11229421459226506
Kdm2b,embryo3,female,ridge,0.2362171706540195,1.9573263288222578,0.08487025136850408
Kdm2b,embryo5,male,identity,-0.04486798798183333,6.907755278982137,0.05250616743364527
Kdm2b,embryo5,male,mean,0.4293176506230134,1.0014969957483084,0.03500190121487994
Kdm2b,embryo5,male,nearest,0.2267554813158533,2.0581474241815565,0.0659497704312179
Kdm2b,embryo5,male,ridge,0.37412902854593066,1.2325140410632798,0.04316854284667504
Kdm2b,embryo7,male,identity,0.11717462724251124,5.065327795470209,0.1801758093263313
Kdm2b,embryo7,male,mean,0.14287592175518496,2.3140951547745026,0.1701651898307416
Kdm2b,embryo7,male,nearest,-0.0378147367488748,6.907755278982137,0.20994883073929602
Kdm2b,embryo7,male,ridge,0.08854322055559447,2.6684486776476515,0.1812307136363931
Kdm2b,embryo9,male,identity,-0.013403294674811274,6.907755278982137,0.05451223654877471
Kdm2b,embryo9,male,mean,0.3531521037918831,1.0920354816433502,0.03984813863359522
Kdm2b,embryo9,male,nearest,0.15850379379993498,2.074501596995127,0.0692585360390367
Kdm2b,embryo9,male,ridge,0.3040828411499502,1.3129996339158203,0.047577727307964654
