cell_state,count,sum,mean
0,17,17,1.0
1,322,310,0.9627329192546584
2,7,7,1.0
4,2,2,1.0
5,369,355,0.962059620596206
6,963,936,0.9719626168224299
7,286,277,0.9685314685314685
9,274,263,0.9598540145985401
10,1878,1804,0.9605963791267306
11,28,25,0.8928571428571429
12,676,645,0.9541420118343196
13,223,214,0.9596412556053812
14,163,152,0.9325153374233128
15,521,500,0.9596928982725528
16,464,460,0.9913793103448276
18,1150,1115,0.9695652173913043
20,75,73,0.9733333333333334
21,440,413,0.9386363636363636
22,2422,2417,0.9979355904211396
23,72,70,0.9722222222222222
24,3059,2978,0.9735207584177836
25,15,15,1.0
26,48,47,0.9791666666666666
27,22,19,0.8636363636363636
28,24,21,0.875
29,89,81,0.9101123595505618
30,827,800,0.9673518742442564
31,884,852,0.9638009049773756
32,600,587,0.9783333333333334
33,1035,996,0.9623188405797102
34,1256,1221,0.9721337579617835
35,1496,1425,0.9525401069518716
36,130,117,0.9
38,1,1,1.0
39,1662,1613,0.970517448856799
40,733,718,0.9795361527967258
41,282,279,0.9893617021276596
