local_path	source	source_uri_or_commit	task_or_role	shape	panel_or_schema_check	sha256	status
/workspace/shared/t3_v88_optimization_20261008/source_panel/WT_raw_panel.h5ad	Frozen v87 approved GSE122187 WT and GSE137337 unrelated-KO inputs	/workspace/shared/t3_v87_restored/PACK_FILE_HASHES.json	T3 approved source reconstruction; raw_panel	24780x500	byte-identical to frozen v87 panel	79902a45835a26e31effd08943c2ad3f227f7f26c78829dce772b147705fdb16	VERIFIED_RECONSTRUCTED; same approved scope
/workspace/shared/t3_v88_optimization_20261008/source_panel/Dnmt3a_raw_panel.h5ad	Frozen v87 approved GSE122187 WT and GSE137337 unrelated-KO inputs	/workspace/shared/t3_v87_restored/PACK_FILE_HASHES.json	T3 approved source reconstruction; raw_panel	274461x500	byte-identical to frozen v87 panel	c8627b19f6e0c4288aa6fb2bf3db2c9595b420dbebda1382f3fbacb192a4c492	VERIFIED_RECONSTRUCTED; same approved scope
/workspace/shared/t3_v88_optimization_20261008/source_panel/Kmt2a_raw_panel.h5ad	Frozen v87 approved GSE122187 WT and GSE137337 unrelated-KO inputs	/workspace/shared/t3_v87_restored/PACK_FILE_HASHES.json	T3 approved source reconstruction; raw_panel	399226x500	byte-identical to frozen v87 panel	7f8f550454d04419945e7c8770c9d32dd0d58cd89083a32a89fa9fe15ff35f1a	VERIFIED_RECONSTRUCTED; same approved scope
/workspace/shared/t3_v88_optimization_20261008/source_panel/Kdm2b_raw_panel.h5ad	Frozen v87 approved GSE122187 WT and GSE137337 unrelated-KO inputs	/workspace/shared/t3_v87_restored/PACK_FILE_HASHES.json	T3 approved source reconstruction; raw_panel	393637x500	byte-identical to frozen v87 panel	934ab0f8bb0ac867378e09485fdb4debf962a08802d4a940dbcc591101662307	VERIFIED_RECONSTRUCTED; same approved scope
/workspace/shared/t3_v88_optimization_20261008/source_panel/WT_idmatched_raw_panel.h5ad	Frozen v87 approved GSE122187 WT and GSE137337 unrelated-KO inputs	/workspace/shared/t3_v87_restored/PACK_FILE_HASHES.json	T3 approved source reconstruction; raw_panel	24780x500	byte-identical to frozen v87 panel	0bc7fae3682c23087651aae68abe785a786f10be8b8e41065d858c77ee4fe45e	VERIFIED_RECONSTRUCTED; same approved scope
/workspace/shared/t3_v88_optimization_20261008/source_panel/Dnmt1_raw_panel.h5ad	Frozen v87 approved GSE122187 WT and GSE137337 unrelated-KO inputs	/workspace/shared/t3_v87_restored/PACK_FILE_HASHES.json	T3 approved source reconstruction; raw_panel	277091x500	byte-identical to frozen v87 panel	50efd24c22d0eac00d48c6a4b561755ffa33c97147f2af2d12b988bf9cc24ccd	VERIFIED_RECONSTRUCTED; same approved scope
/workspace/shared/t3_v88_optimization_20261008/source_panel/Dnmt3b_raw_panel.h5ad	Frozen v87 approved GSE122187 WT and GSE137337 unrelated-KO inputs	/workspace/shared/t3_v87_restored/PACK_FILE_HASHES.json	T3 approved source reconstruction; raw_panel	225067x500	byte-identical to frozen v87 panel	800c2d767bab0e6c8804e0ca786170234526b7daf1c1baf263bc41d9f6dda245	VERIFIED_RECONSTRUCTED; same approved scope
/workspace/shared/t3_v88_optimization_20261008/source_panel/Ehmt2_raw_panel.h5ad	Frozen v87 approved GSE122187 WT and GSE137337 unrelated-KO inputs	/workspace/shared/t3_v87_restored/PACK_FILE_HASHES.json	T3 approved source reconstruction; raw_panel	417721x500	byte-identical to frozen v87 panel	fa626e154d8aba25efd26cb8f84aac70b6486d0656607c28529d045c3497bde1	VERIFIED_RECONSTRUCTED; same approved scope
/workspace/shared/t3_v88_optimization_20261008/source_panel/Kmt2b_raw_panel.h5ad	Frozen v87 approved GSE122187 WT and GSE137337 unrelated-KO inputs	/workspace/shared/t3_v87_restored/PACK_FILE_HASHES.json	T3 approved source reconstruction; raw_panel	393773x500	byte-identical to frozen v87 panel	ff3ab16209e483ea5025c4883c1ea75a92aee2f3bc6d165b31515c019b26dddc	VERIFIED_RECONSTRUCTED; same approved scope
/workspace/shared/t3_v88_optimization_20261008/source_panel/normalized/WT_whitelisted_panel10000.h5ad	Frozen v87 source panel plus original SNP-derived embryo/barcode annotation whitelist	/workspace/shared/t3_v87_restored/PACK_FILE_HASHES.json	T3 approved source reconstruction; normalized_panel	21825x500	exact frozen join; log1p panel library 10000; finite/nonnegative; H5AD round-trip PASS	c250bfee6d80a105931aa7707ca18914956d950bfee9fec021543759717f7e4b	VERIFIED_RECONSTRUCTED; same approved scope
/workspace/shared/t3_v88_optimization_20261008/source_panel/normalized/Dnmt3a_whitelisted_panel10000.h5ad	Frozen v87 source panel plus original SNP-derived embryo/barcode annotation whitelist	/workspace/shared/t3_v87_restored/PACK_FILE_HASHES.json	T3 approved source reconstruction; normalized_panel	18320x500	exact frozen join; log1p panel library 10000; finite/nonnegative; H5AD round-trip PASS	b5415999941df7846c02fc817c2510123e4841031eed0b684b6a6424e7d59a54	VERIFIED_RECONSTRUCTED; same approved scope
/workspace/shared/t3_v88_optimization_20261008/source_panel/normalized/Kmt2a_whitelisted_panel10000.h5ad	Frozen v87 source panel plus original SNP-derived embryo/barcode annotation whitelist	/workspace/shared/t3_v87_restored/PACK_FILE_HASHES.json	T3 approved source reconstruction; normalized_panel	15776x500	exact frozen join; log1p panel library 10000; finite/nonnegative; H5AD round-trip PASS	c880d2d560115bf9cc024dec16f9043284c46dadc14d9d778480dd01abea1910	VERIFIED_RECONSTRUCTED; same approved scope
/workspace/shared/t3_v88_optimization_20261008/source_panel/normalized/Kdm2b_whitelisted_panel10000.h5ad	Frozen v87 source panel plus original SNP-derived embryo/barcode annotation whitelist	/workspace/shared/t3_v87_restored/PACK_FILE_HASHES.json	T3 approved source reconstruction; normalized_panel	18943x500	exact frozen join; log1p panel library 10000; finite/nonnegative; H5AD round-trip PASS	56141602a7a30ca7c8e3b59c6e2a6ce3288b0b459f56818c201cb5459a815c4d	VERIFIED_RECONSTRUCTED; same approved scope
/workspace/shared/t3_v88_optimization_20261008/source_panel/normalized/Dnmt1_whitelisted_panel10000.h5ad	Frozen v87 source panel plus original SNP-derived embryo/barcode annotation whitelist	/workspace/shared/t3_v87_restored/PACK_FILE_HASHES.json	T3 approved source reconstruction; normalized_panel	20890x500	exact frozen join; log1p panel library 10000; finite/nonnegative; H5AD round-trip PASS	c7712ee10e8294d8c72d9d6efe55ad3d928970536ca865048b3b4ca47588e0ef	VERIFIED_RECONSTRUCTED; same approved scope
/workspace/shared/t3_v88_optimization_20261008/source_panel/normalized/Dnmt3b_whitelisted_panel10000.h5ad	Frozen v87 source panel plus original SNP-derived embryo/barcode annotation whitelist	/workspace/shared/t3_v87_restored/PACK_FILE_HASHES.json	T3 approved source reconstruction; normalized_panel	25408x500	exact frozen join; log1p panel library 10000; finite/nonnegative; H5AD round-trip PASS	5431a2ce277fc785a93f6bd3060d595aa34cc9110c365c8ecbf69f3060a8c98e	VERIFIED_RECONSTRUCTED; same approved scope
/workspace/shared/t3_v88_optimization_20261008/source_panel/normalized/Ehmt2_whitelisted_panel10000.h5ad	Frozen v87 source panel plus original SNP-derived embryo/barcode annotation whitelist	/workspace/shared/t3_v87_restored/PACK_FILE_HASHES.json	T3 approved source reconstruction; normalized_panel	20389x500	exact frozen join; log1p panel library 10000; finite/nonnegative; H5AD round-trip PASS	e40df07fa27921cbbc0f2f249ce7935aeb0a4a74b09aa518a2bd114c26c53b05	VERIFIED_RECONSTRUCTED; same approved scope
/workspace/shared/t3_v88_optimization_20261008/source_panel/normalized/Kmt2b_whitelisted_panel10000.h5ad	Frozen v87 source panel plus original SNP-derived embryo/barcode annotation whitelist	/workspace/shared/t3_v87_restored/PACK_FILE_HASHES.json	T3 approved source reconstruction; normalized_panel	15603x500	exact frozen join; log1p panel library 10000; finite/nonnegative; H5AD round-trip PASS	1c1ca3d5b78d377147ee83e9d98aa27eb4d5de11912a24b5dc3751364fedc237	VERIFIED_RECONSTRUCTED; same approved scope
