version,board,method,path,sha256,server_score,score_status,local_contract
v0009,T3:gata4,b4_t3_r1_l1_gata4_zero_all,submissions/candidates/T3_gata4/v0009_b4_t3_r1_l1_gata4_zero_all/submission.h5ad,c6be65ec7d8c8a4b94bce936ff0cad985ac26f78c77ea3e4f68643f07076b088,46.95,registered,pass
v0034,T3:gata4,next_r6meanfix,submissions/candidates/T3_gata4/v0034_next_r6meanfix/submission.h5ad,4e32ae02d1ea520ee6bf8497ff659d1357227acdc47303da5c4fdeba02b57429,47.53,scored,pass
v0044,T3:gata4,next_n3latent,submissions/candidates/T3_gata4/v0044_next_n3latent/submission.h5ad,f0713cb372da64af7af8ff3fd834028d735aeb17277ddfae9d21ad340917e3a0,47.47,scored,pass
v0046,T3:gata4,next_o2shrink,submissions/candidates/T3_gata4/v0046_next_o2shrink/submission.h5ad,924c33703d2fc1aa0393072cafa91f1ba8d6825704eddfd45ce01b3b05aaf909,47.65,scored,pass
v0048,T3:gata4,next_n2hurdle,submissions/candidates/T3_gata4/v0048_next_n2hurdle/submission.h5ad,6f4b7096ca83407d942b36671523263ec21a5e554cde668daee644ad9eaeda29,47.93,scored,pass
v0052,T3:gata4,round2_o1logit,submissions/candidates/T3_gata4/v0052_round2_o1logit/submission.h5ad,652d3b0a6c19864cda3c97f9d0bdcf39f33a1dead8a2d83c702b9c95818dea84,47.62,scored,pass
v0053,T3:gata4,round2_o2geneshrink,submissions/candidates/T3_gata4/v0053_round2_o2geneshrink/submission.h5ad,ed4e82feb07ae1c36657e43602191af65b97f725534b42032f5f9a14e26017c3,47.66,scored,pass
v0054,T3:gata4,three_r1agree,submissions/candidates/T3_gata4/v0054_three_r1agree/submission.h5ad,dd4ff51f7f9143af4add1ecd387927ada3156ae2fb79f779cd7ecf7c55760c2f,47.75,scored,pass
v0055,T3:gata4,three_r2damp,submissions/candidates/T3_gata4/v0055_three_r2damp/submission.h5ad,11076fed8f52d83f773773cd7aa4fb47774c4509b4df6fdc40c9776842d03784,47.25,scored,pass
v0056,T3:gata4,three_r3diffuse,submissions/candidates/T3_gata4/v0056_three_r3diffuse/submission.h5ad,586fad56e326edfc85cee01b7f6d12b15378b0b090f4f6092e39ddf7dc6f2509,47.93,scored,pass
v0057,T3:gata4,five_select_r2gene,submissions/candidates/T3_gata4/v0057_five_select_r2gene/submission.h5ad,06a7dc2950807a9a424433b14c580d18cfcf4161b94608efc7b46352e7aefa31,47.37,scored,pass
v0058,T3:gata4,five_select_r4spline,submissions/candidates/T3_gata4/v0058_five_select_r4spline/submission.h5ad,b671f35b7808baff1743f927e1c9c82bfa79c59a9ce831357a6cf5d884982db2,47.95,scored,pass
v0059,T3:gata4,five_select_r3bag,submissions/candidates/T3_gata4/v0059_five_select_r3bag/submission.h5ad,914054b8d7fd14c35bd9699446dff92a0c866307cc7f0dee87a73b5d6b0c301c,47.93,scored,pass
v0075,T3:gata4,six_o1_dual_form,submissions/candidates/T3_gata4/v0075_six_o1_dual_form/submission.h5ad,bf0f399eeaa7d85ad486804793fb20efbba8ce76bbd95b552fac095250b838f6,46.73,scored,pass
v0076,T3:gata4,six_o2_gate_mult,submissions/candidates/T3_gata4/v0076_six_o2_gate_mult/submission.h5ad,3e4200183497b04d935cbcca01bf8822f33bb195b0c0f61347df7b5cbad8d886,47.31,scored,pass
v0077,T3:gata4,six_o3_shrunk_beta,submissions/candidates/T3_gata4/v0077_six_o3_shrunk_beta/submission.h5ad,b04b782e29866996aabf326409b797adf6c33a2b764e3b857f123bbd0899788a,47.43,scored,pass
v0078,T3:gata4,six_n1_nmf_ablation,submissions/candidates/T3_gata4/v0078_six_n1_nmf_ablation/submission.h5ad,cf72af8b302498b363c53f2a6c943f5300fca1fc601b3b87e7a7009580e2d323,47.93,scored,pass
v0079,T3:gata4,six_n2_marker_gate,submissions/candidates/T3_gata4/v0079_six_n2_marker_gate/submission.h5ad,30ba57845104e23a2eefc7d179fc717da3d8005de56d459112d6322be2a220b3,47.4,scored,pass
v0080,T3:gata4,six_n3_switch_emit,submissions/candidates/T3_gata4/v0080_six_n3_switch_emit/submission.h5ad,bc2370a608b341e6abed7200519da178630431df818787a552815d6f837e5f5c,46.82,scored,pass
v0081,T3:gata4,six2_o1_hnmf,submissions/candidates/T3_gata4/v0081_six2_o1_hnmf/submission.h5ad,e58e831c25c0e63f833e59e4e277ff25f90cafad8fd8e60436a100e61f73b1d9,47.92,scored,pass
v0082,T3:gata4,six2_o2_pnmf,submissions/candidates/T3_gata4/v0082_six2_o2_pnmf/submission.h5ad,38f04968a563e1463cbf0d4826ef60fd7bc4a7f2756c9751279494d52126e432,47.94,scored,pass
v0083,T3:gata4,six2_o3_psb,artifacts/reproductions/20261008/v0083/submission.h5ad,8232a607865f4e92d92b027251cc1e59212792b82466086a79b4ad669333c657,47.51,scored,pass
v0084,T3:gata4,six2_n1_qtl,artifacts/reproductions/20261008/v0084/submission.h5ad,d7af1cef61e032210f9af502684a8b8a95f5a79bef79f79e15634daa556f6230,49.55,scored,pass
v0085,T3:gata4,six2_n2_dsign,artifacts/reproductions/20261008/v0085/submission.h5ad,8cfbc8950216f8848969f26bb1973c9c52b8efd4c85c49ab15c17c7b16246418,47.45,scored,pass
v0087,T3:gata4,embhurdle_v2,submissions/candidates/T3_gata4/v0087_embhurdle/submission.h5ad,b0cfdf5e870f762185efd9f2bdc803cab26ecb0a54e18a870286d41165ce5fc9,53.42,scored,pass
v0088,T3:gata4,condhurdle,submissions/candidates/T3_gata4/v0088_condhurdle/submission.h5ad,d7944880d8f55974946dad4b2c22879582c03bce547ead312921b0fc39bdddc7,53.69,scored,pass
