scenario,split,method,de_score,de_direction,severity_abs,mmd_u,variogram,mean_response_mse,density
pooled,development17,dsign05,0.2522875816993464,0.3856485194134484,3.383572448312352,0.029566234046154993,0.003458176167709159,0.003936284931235141,0.1677727272727272
pooled,development17,qtl025,0.22712418300653595,0.12760914647184993,6.000929349129846,0.032671141492969805,0.0038272781872792823,0.004556923431752676,0.1677727272727272
pooled,historical9,dsign05,0.2311490978157645,0.37877542822665056,2.216664624978475,0.050420334873100076,0.005372554581198378,0.006737660518202401,0.1677727272727272
pooled,historical9,qtl025,0.08937343520676855,0.19953686673563598,3.0277701527724754,0.05334777664393181,0.005889220861718,0.007484787785441356,0.1677727272727272
sample0_to_1,development17,dsign05,0.12774806892453952,0.10958567148798676,4.1029001508449365,0.038906630566891455,0.004527453442706736,0.005116456173697376,0.1608823529411764
sample0_to_1,development17,qtl025,0.05209235209235211,0.039593982351933274,5.584208462146499,0.04096567154149794,0.004759995965287047,0.005562628875817453,0.1608823529411764
sample0_to_1,historical9,dsign05,0.02663540163540164,0.1851111999923045,3.148876763485096,0.057713129247228254,0.006366371772148489,0.0077329904100544335,0.1608823529411764
sample0_to_1,historical9,qtl025,-0.1429413179413179,0.10421958900067191,4.292758369178485,0.05907477666106485,0.006739661770148366,0.008305742891400812,0.1608823529411764
sample1_to_0,development17,dsign05,0.12076376004947433,0.09953182571087095,4.685219797217155,0.033527399413287584,0.004294116145876346,0.004846211434665093,0.173728813559322
sample1_to_0,development17,qtl025,0.09516079158936301,0.04748251322005845,5.8660843810891645,0.035139099913923125,0.004520983921418682,0.005224935244042412,0.173728813559322
sample1_to_0,historical9,dsign05,-0.07738095238095241,0.19181674490596856,3.189987846504407,0.054912679828703355,0.006441255281161889,0.00807347933422749,0.173728813559322
sample1_to_0,historical9,qtl025,-0.1012400793650794,0.12810719959193767,6.088394241762582,0.05642293864447204,0.006820835522375956,0.00864091162618029,0.173728813559322
