scenario,split,gene,method,de_score,de_direction,severity_abs,mmd_u,variogram,severity_r2,mean_response_mse,density
pooled,development17,Yy1,qtl025,0.3749999999999999,0.2388957225787213,2.6118729718524087,0.0895475894212722,0.0091865295544266,0.4578,0.012399314939968,0.1677727272727272
pooled,development17,Yy1,dsign05,0.5,0.3785163732698789,1.95368411708848,0.0827775076031684,0.0082958294078707,0.3681,0.0107744937201242,0.1677727272727272
pooled,development17,Arid2,qtl025,0.8333333333333334,0.3921560894979029,2.135378287588964,0.0327263846993446,0.0039194114506244,0.9251,0.0046312695025465,0.1677727272727272
pooled,development17,Arid2,dsign05,0.8333333333333334,0.6898359945671848,1.1885577314785405,0.0210288316011428,0.0028277800884097,0.9608,0.0028965781856793,0.1677727272727272
pooled,development17,Setd1b,qtl025,0.1666666666666666,0.2383927682019177,6.907755278982137,0.0248967017978429,0.0025331093929708,-1.821,0.0033932664610211,0.1677727272727272
pooled,development17,Setd1b,dsign05,0.3333333333333333,0.3734025168890272,6.907755278982137,0.022208172827959,0.0024174351710826,-0.8779,0.003112368527406,0.1677727272727272
pooled,development17,Brd9,qtl025,0.5,0.0967905023710203,,0.0082305166870355,0.00176122400444,,0.0018617668460721,0.1677727272727272
pooled,development17,Brd9,dsign05,0.5,0.4170324827027349,,0.0077116922475397,0.0015286684501916,,0.0014579218497094,0.1677727272727272
pooled,development17,Znhit1,qtl025,0.0,0.0648146058266454,,0.0091152312234044,0.0016862120246514,,0.0013117832580358,0.1677727272727272
pooled,development17,Znhit1,dsign05,0.0,0.4071083079216753,,0.0093166586011648,0.0013219597749412,,0.0009866540781576,0.1677727272727272
pooled,development17,Kansl1,qtl025,0.0,0.1143746795912546,6.907755278982137,0.0232186038047075,0.0025234478525817,-0.8102,0.0029984669238463,0.1677727272727272
pooled,development17,Kansl1,dsign05,0.1666666666666666,0.3275985998922637,2.0115960925891785,0.0235700067132711,0.0023524884600192,0.5462,0.0026819337436841,0.1677727272727272
pooled,development17,Pbrm1,qtl025,1.0,0.403996768226569,,0.0094686252996325,0.0017829678254202,,0.0016726611257242,0.1677727272727272
pooled,development17,Pbrm1,dsign05,0.3333333333333333,0.6908051435910215,,0.0037631287705153,0.0011074411449953,,0.0007507276004694,0.1677727272727272
pooled,development17,Tfpt,qtl025,0.25,0.1264008605646036,,0.0112379509955644,0.0012193693546578,,0.0018081467282516,0.1677727272727272
pooled,development17,Tfpt,dsign05,0.75,0.3606668651652469,,0.005694699473679,0.0009118978050537,,0.0009968557624384,0.1677727272727272
pooled,development17,Setdb1,qtl025,0.2222222222222222,0.0985614833661327,6.907755278982137,0.0387332960963249,0.005771174095571,-0.0052,0.0054769535893858,0.1677727272727272
pooled,development17,Setdb1,dsign05,0.2222222222222222,0.3641302921687748,3.249351680794305,0.0362436436116695,0.0055873673409223,0.1181,0.0050586401557313,0.1677727272727272
pooled,development17,Chd4,qtl025,0.0,0.0258414463087164,6.907755278982137,0.0477849170565605,0.0055234055034816,-0.0785,0.0060118743735076,0.1677727272727272
pooled,development17,Chd4,dsign05,-0.1,0.2948381354348339,6.907755278982137,0.0467261895537376,0.0053191254846751,-0.3464,0.0055818946298652,0.1677727272727272
pooled,development17,Srcap,qtl025,-0.2222222222222221,0.1411226423648583,6.907755278982137,0.0617217496037483,0.0065472605638206,-0.1152,0.0091004588131428,0.1677727272727272
pooled,development17,Srcap,dsign05,-0.3333333333333333,0.3882962386257715,3.5199080891673686,0.0558931715786457,0.0058628804981708,0.0834,0.0080662548463549,0.1677727272727272
pooled,development17,Smarcd1,qtl025,0.5,0.0122283810021039,,0.0094957752153277,0.0017243744805455,,0.0020380712137825,0.1677727272727272
pooled,development17,Smarcd1,dsign05,0.5,0.2512658168160739,,0.0081481589004397,0.0015225118258967,,0.0017642328509222,0.1677727272727272
pooled,development17,Rest,qtl025,0.0,0.0063346650276002,,0.0076375501230359,0.0016485878732055,,0.0014770090986793,0.1677727272727272
pooled,development17,Rest,dsign05,0.0,0.2977005964219841,,0.0080049764364957,0.0015808340394869,,0.0013694327135206,0.1677727272727272
pooled,development17,Dmap1,qtl025,0.125,-0.0081827885200744,6.907755278982137,0.0522676296532154,0.0052132750861346,-0.2978,0.0061524291295228,0.1677727272727272
pooled,development17,Dmap1,dsign05,0.25,0.3251029654455183,2.540467546543264,0.0492154732346534,0.0047453506849706,0.2562,0.005456415893576,0.1677727272727272
pooled,development17,Kmt2a,qtl025,0.111111111111111,0.0550901024527555,6.907755278982137,0.0359259881079196,0.0053541385568678,-0.0116,0.0047147806142208,0.1677727272727272
pooled,development17,Kmt2a,dsign05,0.111111111111111,0.2919657067960593,2.8290274384291108,0.0350552536547184,0.0053797485306859,0.1483,0.0047114458419542,0.1677727272727272
pooled,development17,Egr2,qtl025,0.0,0.0738188115929382,,0.0152307748794555,0.0020775378216058,,0.0023515952973177,0.1677727272727272
pooled,development17,Egr2,dsign05,0.0,0.3485133196099421,,0.0131977219134569,0.0018268778221681,,0.0018715617278584,0.1677727272727272
pooled,development17,Rnf40,qtl025,0.0,0.0887187495677829,6.907755278982137,0.0781701207160949,0.0065917037427425,-0.1056,0.0100678504247706,0.1677727272727272
pooled,development17,Rnf40,dsign05,0.2222222222222222,0.3492454747106313,2.7276212290690025,0.0740706920623779,0.0062007983215153,0.0563,0.0093794317035462,0.1677727272727272
pooled,historical9,Brd7,qtl025,0.0,0.0869085374227964,,0.0106172831729054,0.0013977162307128,,0.0016537574733445,0.1677727272727272
pooled,historical9,Brd7,dsign05,0.0,0.2696995300471524,,0.0090239671990275,0.0012157635064795,,0.0013916394011891,0.1677727272727272
pooled,historical9,Kat8,qtl025,-0.4,0.2506233919701611,3.462228649228758,0.030515868216753,0.0040478613227605,0.2864,0.0049386366442495,0.1677727272727272
pooled,historical9,Kat8,dsign05,0.6,0.5453829856697914,1.4931695436301964,0.023720595985651,0.0033101551234722,0.7392,0.0034874180324128,0.1677727272727272
pooled,historical9,Kat5,qtl025,0.1538461538461538,0.3460191671502666,2.8999328031057434,0.0943960472941398,0.0101617462933063,0.3925,0.0135993267730715,0.1677727272727272
pooled,historical9,Kat5,dsign05,0.0769230769230768,0.4046734508229845,2.411157642202621,0.0912095457315445,0.0094520645216107,0.412,0.0126013803886749,0.1677727272727272
pooled,historical9,Ino80,qtl025,0.5000000000000001,0.3091072331761757,2.128650648143795,0.0371433123946189,0.0033841186668723,0.4805,0.005079168595534,0.1677727272727272
pooled,historical9,Ino80,dsign05,0.5000000000000001,0.5011766422002919,1.2749578633223504,0.0284669436514377,0.0025555600877851,0.5932,0.0035344774382841,0.1677727272727272
pooled,historical9,Wdr82,qtl025,-0.3076923076923076,0.1348170402045355,4.722631911244093,0.1240475922822952,0.0120224533602595,0.0449,0.0166767342756201,0.1677727272727272
pooled,historical9,Wdr82,dsign05,-0.3076923076923076,0.3087167876317603,3.0530794580866765,0.1214362531900405,0.0111352624371647,0.1325,0.0155782059287958,0.1677727272727272
pooled,historical9,Smarca4,qtl025,-0.1111111111111111,0.1130138489843952,2.9531999885578424,0.0688635408878326,0.0069175628013908,0.2149,0.0091037640393987,0.1677727272727272
pooled,historical9,Smarca4,dsign05,0.111111111111111,0.1922898198039337,2.420197327066138,0.066823735833168,0.0065598194487392,0.1358,0.008764963268282,0.1677727272727272
pooled,historical9,Paxip1,qtl025,0.1818181818181818,0.067329887258577,3.5024010432151824,0.0432490892708301,0.0057292566634714,0.0997,0.006489114928132,0.1677727272727272
pooled,historical9,Paxip1,dsign05,0.0,0.2166621093622159,3.743243883487348,0.0455643534660339,0.0057035274803638,0.0185,0.0066299283896318,0.1677727272727272
pooled,historical9,Hcfc1,qtl025,0.1875,0.1949421874016005,3.1321028013336987,0.0582014545798301,0.0075194588862359,0.1027,0.0082301288663173,0.1677727272727272
pooled,historical9,Hcfc1,dsign05,0.5000000000000001,0.4649641621369854,2.3348587155221123,0.0566375032067298,0.0070069641806185,0.3879,0.0074869943518605,0.1677727272727272
pooled,historical9,Yeats4,qtl025,0.6,0.2930705070522156,1.4210133773506892,0.0130958016961812,0.0018228135304525,0.7678,0.0015924584733046,0.1677727272727272
pooled,historical9,Yeats4,dsign05,0.6,0.5054133663647398,1.0026525665103552,0.0109001155942678,0.0014138744445517,0.8694,0.0011639374646906,0.1677727272727272
sample0_to_1,development17,Yy1,qtl025,0.1111111111111111,0.1466656219728924,2.7650432285177997,0.0969816744327545,0.0108845392242074,0.5145,0.0134609145600361,0.1608823529411764
sample0_to_1,development17,Yy1,dsign05,0.1111111111111111,0.1203912201714146,2.22033520678059,0.0948217511177063,0.0103497840464115,0.4437,0.0124365469394397,0.1608823529411764
sample0_to_1,development17,Arid2,qtl025,0.6363636363636364,0.227674786286153,2.8310501066098825,0.0506551451981067,0.0056023919023573,0.5014,0.0075756381753787,0.1608823529411764
sample0_to_1,development17,Arid2,dsign05,0.7272727272727273,0.3029409399743399,1.8514159096256195,0.0417808517813682,0.0047751432284712,0.6056,0.0064404310817059,0.1608823529411764
sample0_to_1,development17,Setd1b,qtl025,0.0,-0.0239842437526744,6.907755278982137,0.0292076654732227,0.0036931941285729,-0.1336,0.0042229691145566,0.1608823529411764
sample0_to_1,development17,Setd1b,dsign05,0.0,-0.0255224871769136,6.907755278982137,0.0282286349684,0.0037141432985663,0.0012,0.0042287452169156,0.1608823529411764
sample0_to_1,development17,Brd9,qtl025,0.0,-0.1267083893411597,,0.0148612214252352,0.0025306129828095,,0.0026302087023257,0.1608823529411764
sample0_to_1,development17,Brd9,dsign05,0.3333333333333333,-0.0074245332688078,,0.0129596963524818,0.0023790942505002,,0.0022570643585996,0.1608823529411764
sample0_to_1,development17,Znhit1,qtl025,0.0,0.0740903115520392,,0.0152208972722291,0.0022425861097872,,0.0020082549445733,0.1608823529411764
sample0_to_1,development17,Znhit1,dsign05,0.0,0.1661298585755254,,0.016995046287775,0.0021087187342345,,0.0019551638073677,0.1608823529411764
sample0_to_1,development17,Kansl1,qtl025,0.0,0.1516572540254201,,0.0330050438642501,0.0029815793968737,,0.0029629590066719,0.1608823529411764
sample0_to_1,development17,Kansl1,dsign05,0.0,0.0794917542158062,,0.0340077802538871,0.00295518967323,,0.0027291941396431,0.1608823529411764
sample0_to_1,development17,Pbrm1,qtl025,0.8,0.2851671630574319,1.8917043334623511,0.0218329336494207,0.0028457622975111,0.8491,0.0036736219811587,0.1608823529411764
sample0_to_1,development17,Pbrm1,dsign05,0.8,0.3731907549930168,1.199627636920502,0.0147643741220235,0.002231515944004,0.8836,0.0025701255910742,0.1608823529411764
sample0_to_1,development17,Tfpt,qtl025,0.0,0.0337057966115799,,0.0227921325713396,0.0026905627455562,,0.0036937813343615,0.1608823529411764
sample0_to_1,development17,Tfpt,dsign05,0.3333333333333333,0.0941306095133894,,0.0209188852459192,0.0024170400574803,,0.003043115663833,0.1608823529411764
sample0_to_1,development17,Setdb1,qtl025,0.0,0.0969902646783728,6.907755278982137,0.0440643168985843,0.0065504885278642,0.0397,0.0071180711067444,0.1608823529411764
sample0_to_1,development17,Setdb1,dsign05,0.1,0.2130652003088292,6.907755278982137,0.0430177189409732,0.0065174452029168,-0.2921,0.0069052736841475,0.1608823529411764
sample0_to_1,development17,Chd4,qtl025,0.1666666666666666,-0.0854622891006154,6.907755278982137,0.0574362277984619,0.0061031212098896,-0.0253,0.0061212217926622,0.1608823529411764
sample0_to_1,development17,Chd4,dsign05,0.1666666666666666,0.0655177663605943,6.907755278982137,0.055755890905857,0.0059166154824197,-0.1497,0.0056295195788908,0.1608823529411764
sample0_to_1,development17,Srcap,qtl025,-0.1428571428571428,0.0577830149846872,6.907755278982137,0.0684582144021987,0.0072088385932147,-0.0597,0.0094147107408347,0.1608823529411764
sample0_to_1,development17,Srcap,dsign05,-0.4285714285714286,0.2348680416631512,2.6988975286900274,0.0623648539185524,0.0065364651381969,0.1861,0.0081320468879436,0.1608823529411764
sample0_to_1,development17,Smarcd1,qtl025,0.0,-0.0250906918219073,,0.0124448090791702,0.0026699949521571,,0.0029450826418155,0.1608823529411764
sample0_to_1,development17,Smarcd1,dsign05,0.0,0.0690937957610987,,0.0125801833346486,0.0026606535539031,,0.0028905204039871,0.1608823529411764
sample0_to_1,development17,Rest,qtl025,0.0,-0.0317116543787468,,0.0111962165683507,0.0024348499719053,,0.0022399251354052,0.1608823529411764
sample0_to_1,development17,Rest,dsign05,0.0,-0.0565379303440837,,0.0124344807118177,0.0024334285408258,,0.002158105698404,0.1608823529411764
sample0_to_1,development17,Dmap1,qtl025,0.0,-0.0861875815885467,6.907755278982137,0.0647821873426437,0.0055767484009265,-0.1223,0.0060204559951505,0.1608823529411764
sample0_to_1,development17,Dmap1,dsign05,0.4,0.0395523542207955,2.1963623146919167,0.0625509843230247,0.0052104354836046,0.5034,0.0054375360518271,0.1608823529411764
sample0_to_1,development17,Kmt2a,qtl025,-0.2857142857142857,-0.0259658624758509,6.907755278982137,0.0402123257517814,0.0056980191729962,-0.1018,0.0050810200768089,0.1608823529411764
sample0_to_1,development17,Kmt2a,dsign05,-0.5714285714285715,0.0924627953351511,6.907755278982137,0.0422525666654109,0.0059152236208319,0.0483,0.0056873285576408,0.1608823529411764
sample0_to_1,development17,Egr2,qtl025,0.0,-0.0503350060851602,,0.0171819049865007,0.0026019355282187,,0.0025469824672789,0.1608823529411764
sample0_to_1,development17,Egr2,dsign05,0.0,0.0306539037353018,,0.0153939751908183,0.0024438940454274,,0.0021540749984053,0.1608823529411764
sample0_to_1,development17,Rnf40,qtl025,-0.3999999999999999,0.0548092053589505,6.907755278982137,0.0960834994912147,0.0086047062650322,-0.1206,0.0128488731131339,0.1608823529411764
sample0_to_1,development17,Rnf40,dsign05,0.2,0.070952371257166,3.231341795812162,0.0905850455164909,0.0084019182249903,0.1381,0.0123249622930304,0.1608823529411764
sample0_to_1,historical9,Brd7,qtl025,0.0,0.0551319959266766,,0.0228123608976602,0.0024628872051835,,0.0035182152516371,0.1608823529411764
sample0_to_1,historical9,Brd7,dsign05,0.0,0.0493777224937086,,0.0217985827475786,0.0024147082585841,,0.0034312287368311,0.1608823529411764
sample0_to_1,historical9,Kat8,qtl025,-0.7999999999999999,0.121242784807875,6.907755278982137,0.0389308109879493,0.0051467735320329,-0.2124,0.0061677031740275,0.1608823529411764
sample0_to_1,historical9,Kat8,dsign05,0.0,0.2973365836294911,2.399425388884452,0.0365046299993991,0.0045228227972984,0.3434,0.0049863946257445,0.1608823529411764
sample0_to_1,historical9,Kat5,qtl025,0.2142857142857142,0.2620834663069492,2.7432862508383806,0.0786157473921775,0.0088496524840593,0.344,0.0104999274503452,0.1608823529411764
sample0_to_1,historical9,Kat5,dsign05,0.2142857142857142,0.2466419094439757,2.2830153831822084,0.0762899369001388,0.0083688683807849,0.3711,0.0098184570690727,0.1608823529411764
sample0_to_1,historical9,Ino80,qtl025,-0.6666666666666664,0.1681563511846485,2.241262199156467,0.0467201098799705,0.0043158819898962,0.299,0.0056981234250212,0.1608823529411764
sample0_to_1,historical9,Ino80,dsign05,-0.3333333333333332,0.2115506240977898,1.479110833290543,0.0419033356010913,0.0037441840395331,0.3548,0.0044686079249597,0.1608823529411764
sample0_to_1,historical9,Wdr82,qtl025,-0.2142857142857142,-0.028779386360884,6.907755278982137,0.130344420671463,0.0144605478271842,-0.0006,0.0193386609364336,0.1608823529411764
sample0_to_1,historical9,Wdr82,dsign05,-0.0714285714285714,0.1655465468927327,3.6386285641296814,0.1319693922996521,0.0134965162724256,0.0252,0.0181384944010257,0.1608823529411764
sample0_to_1,historical9,Smarca4,qtl025,-0.1249999999999999,-0.0218201050440253,3.364720439463453,0.0807774737477302,0.0080223325639963,0.0278,0.0103534760286648,0.1608823529411764
sample0_to_1,historical9,Smarca4,dsign05,0.125,0.0671789353623859,2.982835400700687,0.0785173326730728,0.0078552532941102,0.0287,0.0102935709497792,0.1608823529411764
sample0_to_1,historical9,Paxip1,qtl025,0.0909090909090909,0.0202103411084167,4.931460794470861,0.0504118502140045,0.0071109635755419,0.0116,0.0087623432331754,0.1608823529411764
sample0_to_1,historical9,Paxip1,dsign05,0.0909090909090909,0.0098306888509445,6.907755278982137,0.0522466301918029,0.0072270985692739,-0.0458,0.0089523352987715,0.1608823529411764
sample0_to_1,historical9,Hcfc1,qtl025,0.2142857142857143,0.1463534043176102,2.953068342355964,0.0613865852355957,0.0078111561015248,0.1074,0.0082206784068628,0.1608823529411764
sample0_to_1,historical9,Hcfc1,dsign05,0.2142857142857143,0.3538035221711195,2.351366495225963,0.0602410063147544,0.007442011963576,0.2875,0.0076082569392707,0.1608823529411764
sample0_to_1,historical9,Yeats4,qtl025,0.0,0.2153974487587804,,0.0216736309230327,0.0024767606519162,,0.0021925581164397,0.1608823529411764
sample0_to_1,historical9,Yeats4,dsign05,0.0,0.2647342669885926,,0.0199473164975643,0.0022258823737502,,0.0018995677450348,0.1608823529411764
sample1_to_0,development17,Yy1,qtl025,0.3333333333333332,0.1497789769248426,2.622291758580358,0.090154193341732,0.009138585999608,0.283,0.0127653245556411,0.173728813559322
sample1_to_0,development17,Yy1,dsign05,0.3333333333333332,0.1495649743033671,2.059797072330711,0.0864914059638977,0.0084800673648715,0.2063,0.0115904830216524,0.173728813559322
sample1_to_0,development17,Arid2,qtl025,0.5,0.182868314671295,1.8181807183471637,0.0215869285166263,0.0037951488047838,0.9109,0.0035213731854182,0.173728813559322
sample1_to_0,development17,Arid2,dsign05,0.5,0.3553099806927294,1.035202343675125,0.0138637023046612,0.0031096753664314,0.9506,0.0024280788181005,0.173728813559322
sample1_to_0,development17,Setd1b,qtl025,-0.1999999999999999,0.1030282045684727,6.907755278982137,0.0220485497266054,0.003054158296436,0.2979,0.0043811401716831,0.173728813559322
sample1_to_0,development17,Setd1b,dsign05,-0.1999999999999999,0.1632122407893479,6.907755278982137,0.0201477576047182,0.0029461167287081,-1.0707,0.0041200276496223,0.173728813559322
sample1_to_0,development17,Brd9,qtl025,0.0,-0.0450196137779626,,0.0113405156880617,0.0024952467065304,,0.0026003968521092,0.173728813559322
sample1_to_0,development17,Brd9,dsign05,0.0,0.0152005656562162,,0.0120785627514123,0.0024234906304627,,0.0025128780942558,0.173728813559322
sample1_to_0,development17,Znhit1,qtl025,,0.0913336311106899,,0.0221241116523742,0.0032771511469036,,0.0028986816327317,0.173728813559322
sample1_to_0,development17,Znhit1,dsign05,,0.1999966004703568,,0.0236395355314016,0.0026931311003863,,0.0022436058274318,0.173728813559322
sample1_to_0,development17,Kansl1,qtl025,0.0,0.0702952887033974,,0.0306039489805698,0.0039051545318216,,0.0048134231618291,0.173728813559322
sample1_to_0,development17,Kansl1,dsign05,0.0,0.0599657088992585,,0.0326741859316825,0.0039140312001109,,0.0047652002417575,0.173728813559322
sample1_to_0,development17,Pbrm1,qtl025,,0.1725679647465156,,0.0084595279768109,0.0023377563338726,,0.001796425414487,0.173728813559322
sample1_to_0,development17,Pbrm1,dsign05,,0.2976180527584969,,0.0078341979533433,0.0019466265803202,,0.0015893298966639,0.173728813559322
sample1_to_0,development17,Tfpt,qtl025,,-0.1167356971207515,,0.0068362848833203,0.001296930364333,,0.00162879306408,0.173728813559322
sample1_to_0,development17,Tfpt,dsign05,,-0.0517064883927254,,0.0045260591432452,0.0012434282107278,,0.0013267888415484,0.173728813559322
sample1_to_0,development17,Setdb1,qtl025,0.2,-0.0073748451653394,6.907755278982137,0.0402222760021686,0.00645217532292,-0.0756,0.0058186440773317,0.173728813559322
sample1_to_0,development17,Setdb1,dsign05,0.1,-0.0112390948041244,6.907755278982137,0.0390087887644767,0.0065679093822836,-0.014,0.0058521395137711,0.173728813559322
sample1_to_0,development17,Chd4,qtl025,0.0,0.1134496664738395,6.907755278982137,0.0581813678145408,0.0068166037090122,0.0335,0.0076500937652878,0.173728813559322
sample1_to_0,development17,Chd4,dsign05,-0.1,0.139595869366127,6.907755278982137,0.0597018972039222,0.0067955357953906,-0.0428,0.0075663958617773,0.173728813559322
sample1_to_0,development17,Srcap,qtl025,-0.2499999999999999,0.0758559119024845,6.907755278982137,0.0694942325353622,0.0075697368010878,-0.2462,0.010148011481699,0.173728813559322
sample1_to_0,development17,Srcap,dsign05,-0.2499999999999999,0.1153060368751202,6.907755278982137,0.0676007717847824,0.0072811860591173,-0.2433,0.0098952320807237,0.173728813559322
sample1_to_0,development17,Smarcd1,qtl025,0.3333333333333333,-0.1013443734805744,,0.0097243366762995,0.0020532391499727,,0.0022763275929238,0.173728813559322
sample1_to_0,development17,Smarcd1,dsign05,0.3333333333333333,-0.0977908654418351,,0.0094798235222697,0.0019741046708077,,0.0022939116048912,0.173728813559322
sample1_to_0,development17,Rest,qtl025,0.0,0.0275354707271506,,0.0125222634524106,0.00218873238191,,0.002271882468146,0.173728813559322
sample1_to_0,development17,Rest,dsign05,0.0,-0.0238773979869697,,0.0144367665052413,0.0022413756232708,,0.0023262383499983,0.173728813559322
sample1_to_0,development17,Dmap1,qtl025,0.0,-0.0430099719407001,6.907755278982137,0.0609935298562049,0.0068006943911314,0.0028,0.0078759019956298,0.173728813559322
sample1_to_0,development17,Dmap1,dsign05,0.1818181818181818,0.0838269782729191,2.6021860098199165,0.0542511120438575,0.0063005383126437,0.2295,0.0069651946013061,0.173728813559322
sample1_to_0,development17,Kmt2a,qtl025,0.2727272727272727,0.0631526859197124,6.907755278982137,0.0443709939718246,0.0066562797874212,-0.0665,0.0060807853415316,0.173728813559322
sample1_to_0,development17,Kmt2a,dsign05,0.3636363636363636,0.0960433925401051,1.9310163542179677,0.0406239628791809,0.0065380851738154,0.2817,0.0055579052780759,0.173728813559322
sample1_to_0,development17,Egr2,qtl025,0.0,0.0123849975452714,,0.0201926100999116,0.0027934045065194,,0.003436661973799,0.173728813559322
sample1_to_0,development17,Egr2,dsign05,0.0,0.0293219329349441,,0.0185417793691158,0.0027110148221254,,0.0031952830644556,0.173728813559322
sample1_to_0,development17,Rnf40,qtl025,0.1428571428571428,0.0584361129326501,6.907755278982137,0.0685090273618698,0.0062257284298539,-0.223,0.0088600324143929,0.173728813559322
sample1_to_0,development17,Rnf40,dsign05,0.4285714285714285,0.1716925501514725,6.907755278982137,0.0650654807686805,0.0058336574584245,-0.0838,0.0081569016432748,0.173728813559322
sample1_to_0,historical9,Brd7,qtl025,,-0.0404071925033825,,0.0077990009449422,0.0017424883553758,,0.0014847961222305,0.173728813559322
sample1_to_0,historical9,Brd7,dsign05,,-0.0131593222116198,,0.0094212396070361,0.0019781645387411,,0.0019201152008995,0.173728813559322
sample1_to_0,historical9,Kat8,qtl025,-0.1999999999999999,0.1780145851851153,6.907755278982137,0.0355156958103179,0.004690907895565,-0.4976,0.0056340529779592,0.173728813559322
sample1_to_0,historical9,Kat8,dsign05,0.1999999999999999,0.2896330419434559,2.521083403909941,0.0310293491929769,0.0041284067556262,0.2377,0.0045844286592835,0.173728813559322
sample1_to_0,historical9,Kat5,qtl025,-0.2666666666666667,0.2044040341131902,6.907755278982137,0.1248220205307006,0.013709015212953,-0.0295,0.019371270221869,0.173728813559322
sample1_to_0,historical9,Kat5,dsign05,-0.2000000000000001,0.2769884783993689,2.9080098247628743,0.1208359003067016,0.012867147102952,0.1711,0.0179311449865148,0.173728813559322
sample1_to_0,historical9,Ino80,qtl025,0.2499999999999998,0.1298343690924726,6.907755278982137,0.0365355499088764,0.0041023385711014,-0.0468,0.0059202306631315,0.173728813559322
sample1_to_0,historical9,Ino80,dsign05,0.0,0.2834077207666192,1.5211699218783197,0.0323987230658531,0.0036143825855106,0.036,0.0049980448373259,0.173728813559322
sample1_to_0,historical9,Wdr82,qtl025,-0.6250000000000001,0.1173553583815599,5.235632967332251,0.1190067380666732,0.0124866571277379,0.0189,0.017867678701264,0.173728813559322
sample1_to_0,historical9,Wdr82,dsign05,-0.5000000000000001,0.2236534767823949,2.799527107704951,0.1128049492835998,0.0114008709788322,0.1384,0.0163249715775839,0.173728813559322
sample1_to_0,historical9,Smarca4,qtl025,-0.1111111111111111,0.0303689313010545,2.8443503300951383,0.0655235797166824,0.0075672417879104,0.2438,0.0097777195534476,0.173728813559322
sample1_to_0,historical9,Smarca4,dsign05,-0.3333333333333333,0.0150357907468813,2.6200414471149998,0.0658949017524719,0.0075977584347128,0.1058,0.0099742175472313,0.173728813559322
sample1_to_0,historical9,Paxip1,qtl025,0.0,0.0641604467124611,6.907755278982137,0.0410796739161014,0.0058207712136209,-0.0222,0.0059847357741308,0.173728813559322
sample1_to_0,historical9,Paxip1,dsign05,0.0,0.1095002538052679,3.0523279411776256,0.0423340238630771,0.005802069325,0.0449,0.0060233775022215,0.173728813559322
sample1_to_0,historical9,Hcfc1,qtl025,0.1428571428571428,0.2042401526688047,6.907755278982137,0.0600126162171363,0.0086543103680014,-0.0764,0.0092247976477067,0.173728813559322
sample1_to_0,historical9,Hcfc1,dsign05,0.2142857142857143,0.2211509875081776,6.907755278982137,0.0621498115360736,0.0083130029961466,-0.0541,0.0086921791788391,0.173728813559322
sample1_to_0,historical9,Yeats4,qtl025,0.0,0.2649941113761632,,0.0175115726888179,0.0026137891691178,,0.0025029229738833,0.173728813559322
sample1_to_0,historical9,Yeats4,dsign05,0.0,0.3201402764131711,,0.0173452198505401,0.0022694948129355,,0.0022128345181479,0.173728813559322
