candidate,family,protocol,metric,local_value,local_reference,local_reference_value,local_improvement,better,server_score,server_parent,server_parent_score,server_delta,candidate_sha256,validity,absolute_gap_comparable,source,source_sha256,caveat
v0084,fixed_donor,pooled/development17/d70584c27ca0,de_score,0.2271241830065359,identity,0.0,0.2271241830065359,higher,49.55,v0048,47.93,1.6199999999999974,d7af1cef61e032210f9af502684a8b8a95f5a79bef79f79e15634daa556f6230,proxy_only,False,evidence/t3_delivery/package/reports/frozen_donors/SUMMARY.tsv,3ed8296adeb974fa14260ef79b072089f4577f3a73848a1ae766a262d5fa669d,Same frozen emitter/parameters; source WT carrier differs from target hurdle; historical holdouts adaptively reused; reconstructed target hash differs from absent original bytes
v0084,fixed_donor,pooled/development17/d70584c27ca0,de_direction,0.1276091464718499,identity,0.0,0.1276091464718499,higher,49.55,v0048,47.93,1.6199999999999974,d7af1cef61e032210f9af502684a8b8a95f5a79bef79f79e15634daa556f6230,proxy_only,False,evidence/t3_delivery/package/reports/frozen_donors/SUMMARY.tsv,3ed8296adeb974fa14260ef79b072089f4577f3a73848a1ae766a262d5fa669d,Same frozen emitter/parameters; source WT carrier differs from target hurdle; historical holdouts adaptively reused; reconstructed target hash differs from absent original bytes
v0084,fixed_donor,pooled/development17/d70584c27ca0,severity_abs,6.000929349129846,identity,6.907755278982137,0.9068259298522907,lower,49.55,v0048,47.93,1.6199999999999974,d7af1cef61e032210f9af502684a8b8a95f5a79bef79f79e15634daa556f6230,proxy_only,False,evidence/t3_delivery/package/reports/frozen_donors/SUMMARY.tsv,3ed8296adeb974fa14260ef79b072089f4577f3a73848a1ae766a262d5fa669d,Same frozen emitter/parameters; source WT carrier differs from target hurdle; historical holdouts adaptively reused; reconstructed target hash differs from absent original bytes
v0084,fixed_donor,pooled/development17/d70584c27ca0,mmd_u,0.0326711414929698,identity,0.0336828439715592,0.0010117024785894005,lower,49.55,v0048,47.93,1.6199999999999974,d7af1cef61e032210f9af502684a8b8a95f5a79bef79f79e15634daa556f6230,proxy_only,False,evidence/t3_delivery/package/reports/frozen_donors/SUMMARY.tsv,3ed8296adeb974fa14260ef79b072089f4577f3a73848a1ae766a262d5fa669d,Same frozen emitter/parameters; source WT carrier differs from target hurdle; historical holdouts adaptively reused; reconstructed target hash differs from absent original bytes
v0084,fixed_donor,pooled/development17/d70584c27ca0,variogram,0.0038272781872793,identity,0.0039451337926199,0.00011785560534060017,lower,49.55,v0048,47.93,1.6199999999999974,d7af1cef61e032210f9af502684a8b8a95f5a79bef79f79e15634daa556f6230,proxy_only,False,evidence/t3_delivery/package/reports/frozen_donors/SUMMARY.tsv,3ed8296adeb974fa14260ef79b072089f4577f3a73848a1ae766a262d5fa669d,Same frozen emitter/parameters; source WT carrier differs from target hurdle; historical holdouts adaptively reused; reconstructed target hash differs from absent original bytes
v0084,fixed_donor,pooled/development17/d70584c27ca0,mean_response_mse,0.0045569234317527,identity,0.0048121728556621,0.00025524942390940056,lower,49.55,v0048,47.93,1.6199999999999974,d7af1cef61e032210f9af502684a8b8a95f5a79bef79f79e15634daa556f6230,proxy_only,False,evidence/t3_delivery/package/reports/frozen_donors/SUMMARY.tsv,3ed8296adeb974fa14260ef79b072089f4577f3a73848a1ae766a262d5fa669d,Same frozen emitter/parameters; source WT carrier differs from target hurdle; historical holdouts adaptively reused; reconstructed target hash differs from absent original bytes
v0085,fixed_donor,pooled/development17/d70584c27ca0,de_score,0.2522875816993464,identity,0.0,0.2522875816993464,higher,47.45,v0048,47.93,-0.4799999999999969,8cfbc8950216f8848969f26bb1973c9c52b8efd4c85c49ab15c17c7b16246418,proxy_only,False,evidence/t3_delivery/package/reports/frozen_donors/SUMMARY.tsv,3ed8296adeb974fa14260ef79b072089f4577f3a73848a1ae766a262d5fa669d,Same frozen emitter/parameters; source WT carrier differs from target hurdle; historical holdouts adaptively reused; reconstructed target hash differs from absent original bytes
v0085,fixed_donor,pooled/development17/d70584c27ca0,de_direction,0.3856485194134484,identity,0.0,0.3856485194134484,higher,47.45,v0048,47.93,-0.4799999999999969,8cfbc8950216f8848969f26bb1973c9c52b8efd4c85c49ab15c17c7b16246418,proxy_only,False,evidence/t3_delivery/package/reports/frozen_donors/SUMMARY.tsv,3ed8296adeb974fa14260ef79b072089f4577f3a73848a1ae766a262d5fa669d,Same frozen emitter/parameters; source WT carrier differs from target hurdle; historical holdouts adaptively reused; reconstructed target hash differs from absent original bytes
v0085,fixed_donor,pooled/development17/d70584c27ca0,severity_abs,3.383572448312352,identity,6.907755278982137,3.5241828306697847,lower,47.45,v0048,47.93,-0.4799999999999969,8cfbc8950216f8848969f26bb1973c9c52b8efd4c85c49ab15c17c7b16246418,proxy_only,False,evidence/t3_delivery/package/reports/frozen_donors/SUMMARY.tsv,3ed8296adeb974fa14260ef79b072089f4577f3a73848a1ae766a262d5fa669d,Same frozen emitter/parameters; source WT carrier differs from target hurdle; historical holdouts adaptively reused; reconstructed target hash differs from absent original bytes
v0085,fixed_donor,pooled/development17/d70584c27ca0,mmd_u,0.029566234046155,identity,0.0336828439715592,0.004116609925404198,lower,47.45,v0048,47.93,-0.4799999999999969,8cfbc8950216f8848969f26bb1973c9c52b8efd4c85c49ab15c17c7b16246418,proxy_only,False,evidence/t3_delivery/package/reports/frozen_donors/SUMMARY.tsv,3ed8296adeb974fa14260ef79b072089f4577f3a73848a1ae766a262d5fa669d,Same frozen emitter/parameters; source WT carrier differs from target hurdle; historical holdouts adaptively reused; reconstructed target hash differs from absent original bytes
v0085,fixed_donor,pooled/development17/d70584c27ca0,variogram,0.0034581761677092,identity,0.0039451337926199,0.0004869576249107001,lower,47.45,v0048,47.93,-0.4799999999999969,8cfbc8950216f8848969f26bb1973c9c52b8efd4c85c49ab15c17c7b16246418,proxy_only,False,evidence/t3_delivery/package/reports/frozen_donors/SUMMARY.tsv,3ed8296adeb974fa14260ef79b072089f4577f3a73848a1ae766a262d5fa669d,Same frozen emitter/parameters; source WT carrier differs from target hurdle; historical holdouts adaptively reused; reconstructed target hash differs from absent original bytes
v0085,fixed_donor,pooled/development17/d70584c27ca0,mean_response_mse,0.0039362849312351,identity,0.0048121728556621,0.0008758879244269999,lower,47.45,v0048,47.93,-0.4799999999999969,8cfbc8950216f8848969f26bb1973c9c52b8efd4c85c49ab15c17c7b16246418,proxy_only,False,evidence/t3_delivery/package/reports/frozen_donors/SUMMARY.tsv,3ed8296adeb974fa14260ef79b072089f4577f3a73848a1ae766a262d5fa669d,Same frozen emitter/parameters; source WT carrier differs from target hurdle; historical holdouts adaptively reused; reconstructed target hash differs from absent original bytes
v0084,fixed_donor,pooled/historical9/d70584c27ca0,de_score,0.0893734352067685,identity,0.0,0.0893734352067685,higher,49.55,v0048,47.93,1.6199999999999974,d7af1cef61e032210f9af502684a8b8a95f5a79bef79f79e15634daa556f6230,proxy_only,False,evidence/t3_delivery/package/reports/frozen_donors/SUMMARY.tsv,3ed8296adeb974fa14260ef79b072089f4577f3a73848a1ae766a262d5fa669d,Same frozen emitter/parameters; source WT carrier differs from target hurdle; historical holdouts adaptively reused; reconstructed target hash differs from absent original bytes
v0084,fixed_donor,pooled/historical9/d70584c27ca0,de_direction,0.199536866735636,identity,0.0,0.199536866735636,higher,49.55,v0048,47.93,1.6199999999999974,d7af1cef61e032210f9af502684a8b8a95f5a79bef79f79e15634daa556f6230,proxy_only,False,evidence/t3_delivery/package/reports/frozen_donors/SUMMARY.tsv,3ed8296adeb974fa14260ef79b072089f4577f3a73848a1ae766a262d5fa669d,Same frozen emitter/parameters; source WT carrier differs from target hurdle; historical holdouts adaptively reused; reconstructed target hash differs from absent original bytes
v0084,fixed_donor,pooled/historical9/d70584c27ca0,severity_abs,3.0277701527724754,identity,6.907755278982137,3.8799851262096614,lower,49.55,v0048,47.93,1.6199999999999974,d7af1cef61e032210f9af502684a8b8a95f5a79bef79f79e15634daa556f6230,proxy_only,False,evidence/t3_delivery/package/reports/frozen_donors/SUMMARY.tsv,3ed8296adeb974fa14260ef79b072089f4577f3a73848a1ae766a262d5fa669d,Same frozen emitter/parameters; source WT carrier differs from target hurdle; historical holdouts adaptively reused; reconstructed target hash differs from absent original bytes
v0084,fixed_donor,pooled/historical9/d70584c27ca0,mmd_u,0.0533477766439318,identity,0.0571584629101885,0.003810686266256698,lower,49.55,v0048,47.93,1.6199999999999974,d7af1cef61e032210f9af502684a8b8a95f5a79bef79f79e15634daa556f6230,proxy_only,False,evidence/t3_delivery/package/reports/frozen_donors/SUMMARY.tsv,3ed8296adeb974fa14260ef79b072089f4577f3a73848a1ae766a262d5fa669d,Same frozen emitter/parameters; source WT carrier differs from target hurdle; historical holdouts adaptively reused; reconstructed target hash differs from absent original bytes
v0084,fixed_donor,pooled/historical9/d70584c27ca0,variogram,0.005889220861718,identity,0.0061321274843066,0.00024290662258860066,lower,49.55,v0048,47.93,1.6199999999999974,d7af1cef61e032210f9af502684a8b8a95f5a79bef79f79e15634daa556f6230,proxy_only,False,evidence/t3_delivery/package/reports/frozen_donors/SUMMARY.tsv,3ed8296adeb974fa14260ef79b072089f4577f3a73848a1ae766a262d5fa669d,Same frozen emitter/parameters; source WT carrier differs from target hurdle; historical holdouts adaptively reused; reconstructed target hash differs from absent original bytes
v0084,fixed_donor,pooled/historical9/d70584c27ca0,mean_response_mse,0.0074847877854413,identity,0.0080648859197466,0.0005800981343053006,lower,49.55,v0048,47.93,1.6199999999999974,d7af1cef61e032210f9af502684a8b8a95f5a79bef79f79e15634daa556f6230,proxy_only,False,evidence/t3_delivery/package/reports/frozen_donors/SUMMARY.tsv,3ed8296adeb974fa14260ef79b072089f4577f3a73848a1ae766a262d5fa669d,Same frozen emitter/parameters; source WT carrier differs from target hurdle; historical holdouts adaptively reused; reconstructed target hash differs from absent original bytes
v0085,fixed_donor,pooled/historical9/d70584c27ca0,de_score,0.2311490978157645,identity,0.0,0.2311490978157645,higher,47.45,v0048,47.93,-0.4799999999999969,8cfbc8950216f8848969f26bb1973c9c52b8efd4c85c49ab15c17c7b16246418,proxy_only,False,evidence/t3_delivery/package/reports/frozen_donors/SUMMARY.tsv,3ed8296adeb974fa14260ef79b072089f4577f3a73848a1ae766a262d5fa669d,Same frozen emitter/parameters; source WT carrier differs from target hurdle; historical holdouts adaptively reused; reconstructed target hash differs from absent original bytes
v0085,fixed_donor,pooled/historical9/d70584c27ca0,de_direction,0.3787754282266506,identity,0.0,0.3787754282266506,higher,47.45,v0048,47.93,-0.4799999999999969,8cfbc8950216f8848969f26bb1973c9c52b8efd4c85c49ab15c17c7b16246418,proxy_only,False,evidence/t3_delivery/package/reports/frozen_donors/SUMMARY.tsv,3ed8296adeb974fa14260ef79b072089f4577f3a73848a1ae766a262d5fa669d,Same frozen emitter/parameters; source WT carrier differs from target hurdle; historical holdouts adaptively reused; reconstructed target hash differs from absent original bytes
v0085,fixed_donor,pooled/historical9/d70584c27ca0,severity_abs,2.216664624978475,identity,6.907755278982137,4.691090654003662,lower,47.45,v0048,47.93,-0.4799999999999969,8cfbc8950216f8848969f26bb1973c9c52b8efd4c85c49ab15c17c7b16246418,proxy_only,False,evidence/t3_delivery/package/reports/frozen_donors/SUMMARY.tsv,3ed8296adeb974fa14260ef79b072089f4577f3a73848a1ae766a262d5fa669d,Same frozen emitter/parameters; source WT carrier differs from target hurdle; historical holdouts adaptively reused; reconstructed target hash differs from absent original bytes
v0085,fixed_donor,pooled/historical9/d70584c27ca0,mmd_u,0.0504203348731001,identity,0.0571584629101885,0.006738128037088398,lower,47.45,v0048,47.93,-0.4799999999999969,8cfbc8950216f8848969f26bb1973c9c52b8efd4c85c49ab15c17c7b16246418,proxy_only,False,evidence/t3_delivery/package/reports/frozen_donors/SUMMARY.tsv,3ed8296adeb974fa14260ef79b072089f4577f3a73848a1ae766a262d5fa669d,Same frozen emitter/parameters; source WT carrier differs from target hurdle; historical holdouts adaptively reused; reconstructed target hash differs from absent original bytes
v0085,fixed_donor,pooled/historical9/d70584c27ca0,variogram,0.0053725545811984,identity,0.0061321274843066,0.0007595729031082002,lower,47.45,v0048,47.93,-0.4799999999999969,8cfbc8950216f8848969f26bb1973c9c52b8efd4c85c49ab15c17c7b16246418,proxy_only,False,evidence/t3_delivery/package/reports/frozen_donors/SUMMARY.tsv,3ed8296adeb974fa14260ef79b072089f4577f3a73848a1ae766a262d5fa669d,Same frozen emitter/parameters; source WT carrier differs from target hurdle; historical holdouts adaptively reused; reconstructed target hash differs from absent original bytes
v0085,fixed_donor,pooled/historical9/d70584c27ca0,mean_response_mse,0.0067376605182024,identity,0.0080648859197466,0.0013272254015442011,lower,47.45,v0048,47.93,-0.4799999999999969,8cfbc8950216f8848969f26bb1973c9c52b8efd4c85c49ab15c17c7b16246418,proxy_only,False,evidence/t3_delivery/package/reports/frozen_donors/SUMMARY.tsv,3ed8296adeb974fa14260ef79b072089f4577f3a73848a1ae766a262d5fa669d,Same frozen emitter/parameters; source WT carrier differs from target hurdle; historical holdouts adaptively reused; reconstructed target hash differs from absent original bytes
v0084,fixed_donor,sample0_to_1/development17/d70584c27ca0,de_score,0.0520923520923521,identity,0.0,0.0520923520923521,higher,49.55,v0048,47.93,1.6199999999999974,d7af1cef61e032210f9af502684a8b8a95f5a79bef79f79e15634daa556f6230,proxy_only,False,evidence/t3_delivery/package/reports/frozen_donors/SUMMARY.tsv,3ed8296adeb974fa14260ef79b072089f4577f3a73848a1ae766a262d5fa669d,Same frozen emitter/parameters; source WT carrier differs from target hurdle; historical holdouts adaptively reused; reconstructed target hash differs from absent original bytes
v0084,fixed_donor,sample0_to_1/development17/d70584c27ca0,de_direction,0.0395939823519332,identity,0.0,0.0395939823519332,higher,49.55,v0048,47.93,1.6199999999999974,d7af1cef61e032210f9af502684a8b8a95f5a79bef79f79e15634daa556f6230,proxy_only,False,evidence/t3_delivery/package/reports/frozen_donors/SUMMARY.tsv,3ed8296adeb974fa14260ef79b072089f4577f3a73848a1ae766a262d5fa669d,Same frozen emitter/parameters; source WT carrier differs from target hurdle; historical holdouts adaptively reused; reconstructed target hash differs from absent original bytes
v0084,fixed_donor,sample0_to_1/development17/d70584c27ca0,severity_abs,5.584208462146499,identity,6.907755278982137,1.3235468168356377,lower,49.55,v0048,47.93,1.6199999999999974,d7af1cef61e032210f9af502684a8b8a95f5a79bef79f79e15634daa556f6230,proxy_only,False,evidence/t3_delivery/package/reports/frozen_donors/SUMMARY.tsv,3ed8296adeb974fa14260ef79b072089f4577f3a73848a1ae766a262d5fa669d,Same frozen emitter/parameters; source WT carrier differs from target hurdle; historical holdouts adaptively reused; reconstructed target hash differs from absent original bytes
v0084,fixed_donor,sample0_to_1/development17/d70584c27ca0,mmd_u,0.0409656715414979,identity,0.0404514613396981,-0.0005142102017998001,lower,49.55,v0048,47.93,1.6199999999999974,d7af1cef61e032210f9af502684a8b8a95f5a79bef79f79e15634daa556f6230,proxy_only,False,evidence/t3_delivery/package/reports/frozen_donors/SUMMARY.tsv,3ed8296adeb974fa14260ef79b072089f4577f3a73848a1ae766a262d5fa669d,Same frozen emitter/parameters; source WT carrier differs from target hurdle; historical holdouts adaptively reused; reconstructed target hash differs from absent original bytes
v0084,fixed_donor,sample0_to_1/development17/d70584c27ca0,variogram,0.004759995965287,identity,0.0048531582168139,9.316225152689993e-05,lower,49.55,v0048,47.93,1.6199999999999974,d7af1cef61e032210f9af502684a8b8a95f5a79bef79f79e15634daa556f6230,proxy_only,False,evidence/t3_delivery/package/reports/frozen_donors/SUMMARY.tsv,3ed8296adeb974fa14260ef79b072089f4577f3a73848a1ae766a262d5fa669d,Same frozen emitter/parameters; source WT carrier differs from target hurdle; historical holdouts adaptively reused; reconstructed target hash differs from absent original bytes
v0084,fixed_donor,sample0_to_1/development17/d70584c27ca0,mean_response_mse,0.0055626288758174,identity,0.0057406023425107,0.0001779734666933,lower,49.55,v0048,47.93,1.6199999999999974,d7af1cef61e032210f9af502684a8b8a95f5a79bef79f79e15634daa556f6230,proxy_only,False,evidence/t3_delivery/package/reports/frozen_donors/SUMMARY.tsv,3ed8296adeb974fa14260ef79b072089f4577f3a73848a1ae766a262d5fa669d,Same frozen emitter/parameters; source WT carrier differs from target hurdle; historical holdouts adaptively reused; reconstructed target hash differs from absent original bytes
v0085,fixed_donor,sample0_to_1/development17/d70584c27ca0,de_score,0.1277480689245395,identity,0.0,0.1277480689245395,higher,47.45,v0048,47.93,-0.4799999999999969,8cfbc8950216f8848969f26bb1973c9c52b8efd4c85c49ab15c17c7b16246418,proxy_only,False,evidence/t3_delivery/package/reports/frozen_donors/SUMMARY.tsv,3ed8296adeb974fa14260ef79b072089f4577f3a73848a1ae766a262d5fa669d,Same frozen emitter/parameters; source WT carrier differs from target hurdle; historical holdouts adaptively reused; reconstructed target hash differs from absent original bytes
v0085,fixed_donor,sample0_to_1/development17/d70584c27ca0,de_direction,0.1095856714879868,identity,0.0,0.1095856714879868,higher,47.45,v0048,47.93,-0.4799999999999969,8cfbc8950216f8848969f26bb1973c9c52b8efd4c85c49ab15c17c7b16246418,proxy_only,False,evidence/t3_delivery/package/reports/frozen_donors/SUMMARY.tsv,3ed8296adeb974fa14260ef79b072089f4577f3a73848a1ae766a262d5fa669d,Same frozen emitter/parameters; source WT carrier differs from target hurdle; historical holdouts adaptively reused; reconstructed target hash differs from absent original bytes
v0085,fixed_donor,sample0_to_1/development17/d70584c27ca0,severity_abs,4.1029001508449365,identity,6.907755278982137,2.8048551281372003,lower,47.45,v0048,47.93,-0.4799999999999969,8cfbc8950216f8848969f26bb1973c9c52b8efd4c85c49ab15c17c7b16246418,proxy_only,False,evidence/t3_delivery/package/reports/frozen_donors/SUMMARY.tsv,3ed8296adeb974fa14260ef79b072089f4577f3a73848a1ae766a262d5fa669d,Same frozen emitter/parameters; source WT carrier differs from target hurdle; historical holdouts adaptively reused; reconstructed target hash differs from absent original bytes
v0085,fixed_donor,sample0_to_1/development17/d70584c27ca0,mmd_u,0.0389066305668915,identity,0.0404514613396981,0.0015448307728066005,lower,47.45,v0048,47.93,-0.4799999999999969,8cfbc8950216f8848969f26bb1973c9c52b8efd4c85c49ab15c17c7b16246418,proxy_only,False,evidence/t3_delivery/package/reports/frozen_donors/SUMMARY.tsv,3ed8296adeb974fa14260ef79b072089f4577f3a73848a1ae766a262d5fa669d,Same frozen emitter/parameters; source WT carrier differs from target hurdle; historical holdouts adaptively reused; reconstructed target hash differs from absent original bytes
v0085,fixed_donor,sample0_to_1/development17/d70584c27ca0,variogram,0.0045274534427067,identity,0.0048531582168139,0.0003257047741071998,lower,47.45,v0048,47.93,-0.4799999999999969,8cfbc8950216f8848969f26bb1973c9c52b8efd4c85c49ab15c17c7b16246418,proxy_only,False,evidence/t3_delivery/package/reports/frozen_donors/SUMMARY.tsv,3ed8296adeb974fa14260ef79b072089f4577f3a73848a1ae766a262d5fa669d,Same frozen emitter/parameters; source WT carrier differs from target hurdle; historical holdouts adaptively reused; reconstructed target hash differs from absent original bytes
v0085,fixed_donor,sample0_to_1/development17/d70584c27ca0,mean_response_mse,0.0051164561736974,identity,0.0057406023425107,0.0006241461688133,lower,47.45,v0048,47.93,-0.4799999999999969,8cfbc8950216f8848969f26bb1973c9c52b8efd4c85c49ab15c17c7b16246418,proxy_only,False,evidence/t3_delivery/package/reports/frozen_donors/SUMMARY.tsv,3ed8296adeb974fa14260ef79b072089f4577f3a73848a1ae766a262d5fa669d,Same frozen emitter/parameters; source WT carrier differs from target hurdle; historical holdouts adaptively reused; reconstructed target hash differs from absent original bytes
v0084,fixed_donor,sample0_to_1/historical9/d70584c27ca0,de_score,-0.1429413179413179,identity,0.0,-0.1429413179413179,higher,49.55,v0048,47.93,1.6199999999999974,d7af1cef61e032210f9af502684a8b8a95f5a79bef79f79e15634daa556f6230,proxy_only,False,evidence/t3_delivery/package/reports/frozen_donors/SUMMARY.tsv,3ed8296adeb974fa14260ef79b072089f4577f3a73848a1ae766a262d5fa669d,Same frozen emitter/parameters; source WT carrier differs from target hurdle; historical holdouts adaptively reused; reconstructed target hash differs from absent original bytes
v0084,fixed_donor,sample0_to_1/historical9/d70584c27ca0,de_direction,0.1042195890006719,identity,0.0,0.1042195890006719,higher,49.55,v0048,47.93,1.6199999999999974,d7af1cef61e032210f9af502684a8b8a95f5a79bef79f79e15634daa556f6230,proxy_only,False,evidence/t3_delivery/package/reports/frozen_donors/SUMMARY.tsv,3ed8296adeb974fa14260ef79b072089f4577f3a73848a1ae766a262d5fa669d,Same frozen emitter/parameters; source WT carrier differs from target hurdle; historical holdouts adaptively reused; reconstructed target hash differs from absent original bytes
v0084,fixed_donor,sample0_to_1/historical9/d70584c27ca0,severity_abs,4.292758369178485,identity,6.907755278982137,2.6149969098036516,lower,49.55,v0048,47.93,1.6199999999999974,d7af1cef61e032210f9af502684a8b8a95f5a79bef79f79e15634daa556f6230,proxy_only,False,evidence/t3_delivery/package/reports/frozen_donors/SUMMARY.tsv,3ed8296adeb974fa14260ef79b072089f4577f3a73848a1ae766a262d5fa669d,Same frozen emitter/parameters; source WT carrier differs from target hurdle; historical holdouts adaptively reused; reconstructed target hash differs from absent original bytes
v0084,fixed_donor,sample0_to_1/historical9/d70584c27ca0,mmd_u,0.0590747766610648,identity,0.0618731015258365,0.0027983248647716966,lower,49.55,v0048,47.93,1.6199999999999974,d7af1cef61e032210f9af502684a8b8a95f5a79bef79f79e15634daa556f6230,proxy_only,False,evidence/t3_delivery/package/reports/frozen_donors/SUMMARY.tsv,3ed8296adeb974fa14260ef79b072089f4577f3a73848a1ae766a262d5fa669d,Same frozen emitter/parameters; source WT carrier differs from target hurdle; historical holdouts adaptively reused; reconstructed target hash differs from absent original bytes
v0084,fixed_donor,sample0_to_1/historical9/d70584c27ca0,variogram,0.0067396617701484,identity,0.0069431385491043,0.00020347677895589996,lower,49.55,v0048,47.93,1.6199999999999974,d7af1cef61e032210f9af502684a8b8a95f5a79bef79f79e15634daa556f6230,proxy_only,False,evidence/t3_delivery/package/reports/frozen_donors/SUMMARY.tsv,3ed8296adeb974fa14260ef79b072089f4577f3a73848a1ae766a262d5fa669d,Same frozen emitter/parameters; source WT carrier differs from target hurdle; historical holdouts adaptively reused; reconstructed target hash differs from absent original bytes
v0084,fixed_donor,sample0_to_1/historical9/d70584c27ca0,mean_response_mse,0.0083057428914008,identity,0.0087586145878836,0.0004528716964828008,lower,49.55,v0048,47.93,1.6199999999999974,d7af1cef61e032210f9af502684a8b8a95f5a79bef79f79e15634daa556f6230,proxy_only,False,evidence/t3_delivery/package/reports/frozen_donors/SUMMARY.tsv,3ed8296adeb974fa14260ef79b072089f4577f3a73848a1ae766a262d5fa669d,Same frozen emitter/parameters; source WT carrier differs from target hurdle; historical holdouts adaptively reused; reconstructed target hash differs from absent original bytes
v0085,fixed_donor,sample0_to_1/historical9/d70584c27ca0,de_score,0.0266354016354016,identity,0.0,0.0266354016354016,higher,47.45,v0048,47.93,-0.4799999999999969,8cfbc8950216f8848969f26bb1973c9c52b8efd4c85c49ab15c17c7b16246418,proxy_only,False,evidence/t3_delivery/package/reports/frozen_donors/SUMMARY.tsv,3ed8296adeb974fa14260ef79b072089f4577f3a73848a1ae766a262d5fa669d,Same frozen emitter/parameters; source WT carrier differs from target hurdle; historical holdouts adaptively reused; reconstructed target hash differs from absent original bytes
v0085,fixed_donor,sample0_to_1/historical9/d70584c27ca0,de_direction,0.1851111999923045,identity,0.0,0.1851111999923045,higher,47.45,v0048,47.93,-0.4799999999999969,8cfbc8950216f8848969f26bb1973c9c52b8efd4c85c49ab15c17c7b16246418,proxy_only,False,evidence/t3_delivery/package/reports/frozen_donors/SUMMARY.tsv,3ed8296adeb974fa14260ef79b072089f4577f3a73848a1ae766a262d5fa669d,Same frozen emitter/parameters; source WT carrier differs from target hurdle; historical holdouts adaptively reused; reconstructed target hash differs from absent original bytes
v0085,fixed_donor,sample0_to_1/historical9/d70584c27ca0,severity_abs,3.148876763485096,identity,6.907755278982137,3.7588785154970408,lower,47.45,v0048,47.93,-0.4799999999999969,8cfbc8950216f8848969f26bb1973c9c52b8efd4c85c49ab15c17c7b16246418,proxy_only,False,evidence/t3_delivery/package/reports/frozen_donors/SUMMARY.tsv,3ed8296adeb974fa14260ef79b072089f4577f3a73848a1ae766a262d5fa669d,Same frozen emitter/parameters; source WT carrier differs from target hurdle; historical holdouts adaptively reused; reconstructed target hash differs from absent original bytes
v0085,fixed_donor,sample0_to_1/historical9/d70584c27ca0,mmd_u,0.0577131292472283,identity,0.0618731015258365,0.004159972278608197,lower,47.45,v0048,47.93,-0.4799999999999969,8cfbc8950216f8848969f26bb1973c9c52b8efd4c85c49ab15c17c7b16246418,proxy_only,False,evidence/t3_delivery/package/reports/frozen_donors/SUMMARY.tsv,3ed8296adeb974fa14260ef79b072089f4577f3a73848a1ae766a262d5fa669d,Same frozen emitter/parameters; source WT carrier differs from target hurdle; historical holdouts adaptively reused; reconstructed target hash differs from absent original bytes
v0085,fixed_donor,sample0_to_1/historical9/d70584c27ca0,variogram,0.0063663717721485,identity,0.0069431385491043,0.0005767667769558003,lower,47.45,v0048,47.93,-0.4799999999999969,8cfbc8950216f8848969f26bb1973c9c52b8efd4c85c49ab15c17c7b16246418,proxy_only,False,evidence/t3_delivery/package/reports/frozen_donors/SUMMARY.tsv,3ed8296adeb974fa14260ef79b072089f4577f3a73848a1ae766a262d5fa669d,Same frozen emitter/parameters; source WT carrier differs from target hurdle; historical holdouts adaptively reused; reconstructed target hash differs from absent original bytes
v0085,fixed_donor,sample0_to_1/historical9/d70584c27ca0,mean_response_mse,0.0077329904100544,identity,0.0087586145878836,0.0010256241778292012,lower,47.45,v0048,47.93,-0.4799999999999969,8cfbc8950216f8848969f26bb1973c9c52b8efd4c85c49ab15c17c7b16246418,proxy_only,False,evidence/t3_delivery/package/reports/frozen_donors/SUMMARY.tsv,3ed8296adeb974fa14260ef79b072089f4577f3a73848a1ae766a262d5fa669d,Same frozen emitter/parameters; source WT carrier differs from target hurdle; historical holdouts adaptively reused; reconstructed target hash differs from absent original bytes
v0084,fixed_donor,sample1_to_0/development17/d70584c27ca0,de_score,0.095160791589363,identity,0.0,0.095160791589363,higher,49.55,v0048,47.93,1.6199999999999974,d7af1cef61e032210f9af502684a8b8a95f5a79bef79f79e15634daa556f6230,proxy_only,False,evidence/t3_delivery/package/reports/frozen_donors/SUMMARY.tsv,3ed8296adeb974fa14260ef79b072089f4577f3a73848a1ae766a262d5fa669d,Same frozen emitter/parameters; source WT carrier differs from target hurdle; historical holdouts adaptively reused; reconstructed target hash differs from absent original bytes
v0084,fixed_donor,sample1_to_0/development17/d70584c27ca0,de_direction,0.0474825132200584,identity,0.0,0.0474825132200584,higher,49.55,v0048,47.93,1.6199999999999974,d7af1cef61e032210f9af502684a8b8a95f5a79bef79f79e15634daa556f6230,proxy_only,False,evidence/t3_delivery/package/reports/frozen_donors/SUMMARY.tsv,3ed8296adeb974fa14260ef79b072089f4577f3a73848a1ae766a262d5fa669d,Same frozen emitter/parameters; source WT carrier differs from target hurdle; historical holdouts adaptively reused; reconstructed target hash differs from absent original bytes
v0084,fixed_donor,sample1_to_0/development17/d70584c27ca0,severity_abs,5.8660843810891645,identity,6.907755278982137,1.0416708978929723,lower,49.55,v0048,47.93,1.6199999999999974,d7af1cef61e032210f9af502684a8b8a95f5a79bef79f79e15634daa556f6230,proxy_only,False,evidence/t3_delivery/package/reports/frozen_donors/SUMMARY.tsv,3ed8296adeb974fa14260ef79b072089f4577f3a73848a1ae766a262d5fa669d,Same frozen emitter/parameters; source WT carrier differs from target hurdle; historical holdouts adaptively reused; reconstructed target hash differs from absent original bytes
v0084,fixed_donor,sample1_to_0/development17/d70584c27ca0,mmd_u,0.0351390999139231,identity,0.0355801734635058,0.0004410735495827059,lower,49.55,v0048,47.93,1.6199999999999974,d7af1cef61e032210f9af502684a8b8a95f5a79bef79f79e15634daa556f6230,proxy_only,False,evidence/t3_delivery/package/reports/frozen_donors/SUMMARY.tsv,3ed8296adeb974fa14260ef79b072089f4577f3a73848a1ae766a262d5fa669d,Same frozen emitter/parameters; source WT carrier differs from target hurdle; historical holdouts adaptively reused; reconstructed target hash differs from absent original bytes
v0084,fixed_donor,sample1_to_0/development17/d70584c27ca0,variogram,0.0045209839214187,identity,0.0045652476290021,4.4263707583399974e-05,lower,49.55,v0048,47.93,1.6199999999999974,d7af1cef61e032210f9af502684a8b8a95f5a79bef79f79e15634daa556f6230,proxy_only,False,evidence/t3_delivery/package/reports/frozen_donors/SUMMARY.tsv,3ed8296adeb974fa14260ef79b072089f4577f3a73848a1ae766a262d5fa669d,Same frozen emitter/parameters; source WT carrier differs from target hurdle; historical holdouts adaptively reused; reconstructed target hash differs from absent original bytes
v0084,fixed_donor,sample1_to_0/development17/d70584c27ca0,mean_response_mse,0.0052249352440424,identity,0.0052779440480069,5.300880396450023e-05,lower,49.55,v0048,47.93,1.6199999999999974,d7af1cef61e032210f9af502684a8b8a95f5a79bef79f79e15634daa556f6230,proxy_only,False,evidence/t3_delivery/package/reports/frozen_donors/SUMMARY.tsv,3ed8296adeb974fa14260ef79b072089f4577f3a73848a1ae766a262d5fa669d,Same frozen emitter/parameters; source WT carrier differs from target hurdle; historical holdouts adaptively reused; reconstructed target hash differs from absent original bytes
v0085,fixed_donor,sample1_to_0/development17/d70584c27ca0,de_score,0.1207637600494743,identity,0.0,0.1207637600494743,higher,47.45,v0048,47.93,-0.4799999999999969,8cfbc8950216f8848969f26bb1973c9c52b8efd4c85c49ab15c17c7b16246418,proxy_only,False,evidence/t3_delivery/package/reports/frozen_donors/SUMMARY.tsv,3ed8296adeb974fa14260ef79b072089f4577f3a73848a1ae766a262d5fa669d,Same frozen emitter/parameters; source WT carrier differs from target hurdle; historical holdouts adaptively reused; reconstructed target hash differs from absent original bytes
v0085,fixed_donor,sample1_to_0/development17/d70584c27ca0,de_direction,0.0995318257108709,identity,0.0,0.0995318257108709,higher,47.45,v0048,47.93,-0.4799999999999969,8cfbc8950216f8848969f26bb1973c9c52b8efd4c85c49ab15c17c7b16246418,proxy_only,False,evidence/t3_delivery/package/reports/frozen_donors/SUMMARY.tsv,3ed8296adeb974fa14260ef79b072089f4577f3a73848a1ae766a262d5fa669d,Same frozen emitter/parameters; source WT carrier differs from target hurdle; historical holdouts adaptively reused; reconstructed target hash differs from absent original bytes
v0085,fixed_donor,sample1_to_0/development17/d70584c27ca0,severity_abs,4.685219797217155,identity,6.907755278982137,2.2225354817649814,lower,47.45,v0048,47.93,-0.4799999999999969,8cfbc8950216f8848969f26bb1973c9c52b8efd4c85c49ab15c17c7b16246418,proxy_only,False,evidence/t3_delivery/package/reports/frozen_donors/SUMMARY.tsv,3ed8296adeb974fa14260ef79b072089f4577f3a73848a1ae766a262d5fa669d,Same frozen emitter/parameters; source WT carrier differs from target hurdle; historical holdouts adaptively reused; reconstructed target hash differs from absent original bytes
v0085,fixed_donor,sample1_to_0/development17/d70584c27ca0,mmd_u,0.0335273994132876,identity,0.0355801734635058,0.002052774050218205,lower,47.45,v0048,47.93,-0.4799999999999969,8cfbc8950216f8848969f26bb1973c9c52b8efd4c85c49ab15c17c7b16246418,proxy_only,False,evidence/t3_delivery/package/reports/frozen_donors/SUMMARY.tsv,3ed8296adeb974fa14260ef79b072089f4577f3a73848a1ae766a262d5fa669d,Same frozen emitter/parameters; source WT carrier differs from target hurdle; historical holdouts adaptively reused; reconstructed target hash differs from absent original bytes
v0085,fixed_donor,sample1_to_0/development17/d70584c27ca0,variogram,0.0042941161458764,identity,0.0045652476290021,0.0002711314831257,lower,47.45,v0048,47.93,-0.4799999999999969,8cfbc8950216f8848969f26bb1973c9c52b8efd4c85c49ab15c17c7b16246418,proxy_only,False,evidence/t3_delivery/package/reports/frozen_donors/SUMMARY.tsv,3ed8296adeb974fa14260ef79b072089f4577f3a73848a1ae766a262d5fa669d,Same frozen emitter/parameters; source WT carrier differs from target hurdle; historical holdouts adaptively reused; reconstructed target hash differs from absent original bytes
v0085,fixed_donor,sample1_to_0/development17/d70584c27ca0,mean_response_mse,0.0048462114346651,identity,0.0052779440480069,0.00043173261334179987,lower,47.45,v0048,47.93,-0.4799999999999969,8cfbc8950216f8848969f26bb1973c9c52b8efd4c85c49ab15c17c7b16246418,proxy_only,False,evidence/t3_delivery/package/reports/frozen_donors/SUMMARY.tsv,3ed8296adeb974fa14260ef79b072089f4577f3a73848a1ae766a262d5fa669d,Same frozen emitter/parameters; source WT carrier differs from target hurdle; historical holdouts adaptively reused; reconstructed target hash differs from absent original bytes
v0084,fixed_donor,sample1_to_0/historical9/d70584c27ca0,de_score,-0.1012400793650794,identity,0.0,-0.1012400793650794,higher,49.55,v0048,47.93,1.6199999999999974,d7af1cef61e032210f9af502684a8b8a95f5a79bef79f79e15634daa556f6230,proxy_only,False,evidence/t3_delivery/package/reports/frozen_donors/SUMMARY.tsv,3ed8296adeb974fa14260ef79b072089f4577f3a73848a1ae766a262d5fa669d,Same frozen emitter/parameters; source WT carrier differs from target hurdle; historical holdouts adaptively reused; reconstructed target hash differs from absent original bytes
v0084,fixed_donor,sample1_to_0/historical9/d70584c27ca0,de_direction,0.1281071995919376,identity,0.0,0.1281071995919376,higher,49.55,v0048,47.93,1.6199999999999974,d7af1cef61e032210f9af502684a8b8a95f5a79bef79f79e15634daa556f6230,proxy_only,False,evidence/t3_delivery/package/reports/frozen_donors/SUMMARY.tsv,3ed8296adeb974fa14260ef79b072089f4577f3a73848a1ae766a262d5fa669d,Same frozen emitter/parameters; source WT carrier differs from target hurdle; historical holdouts adaptively reused; reconstructed target hash differs from absent original bytes
v0084,fixed_donor,sample1_to_0/historical9/d70584c27ca0,severity_abs,6.088394241762582,identity,6.907755278982137,0.8193610372195552,lower,49.55,v0048,47.93,1.6199999999999974,d7af1cef61e032210f9af502684a8b8a95f5a79bef79f79e15634daa556f6230,proxy_only,False,evidence/t3_delivery/package/reports/frozen_donors/SUMMARY.tsv,3ed8296adeb974fa14260ef79b072089f4577f3a73848a1ae766a262d5fa669d,Same frozen emitter/parameters; source WT carrier differs from target hurdle; historical holdouts adaptively reused; reconstructed target hash differs from absent original bytes
v0084,fixed_donor,sample1_to_0/historical9/d70584c27ca0,mmd_u,0.056422938644472,identity,0.0591807051872213,0.0027577665427492987,lower,49.55,v0048,47.93,1.6199999999999974,d7af1cef61e032210f9af502684a8b8a95f5a79bef79f79e15634daa556f6230,proxy_only,False,evidence/t3_delivery/package/reports/frozen_donors/SUMMARY.tsv,3ed8296adeb974fa14260ef79b072089f4577f3a73848a1ae766a262d5fa669d,Same frozen emitter/parameters; source WT carrier differs from target hurdle; historical holdouts adaptively reused; reconstructed target hash differs from absent original bytes
v0084,fixed_donor,sample1_to_0/historical9/d70584c27ca0,variogram,0.006820835522376,identity,0.0069631473937382,0.00014231187136220028,lower,49.55,v0048,47.93,1.6199999999999974,d7af1cef61e032210f9af502684a8b8a95f5a79bef79f79e15634daa556f6230,proxy_only,False,evidence/t3_delivery/package/reports/frozen_donors/SUMMARY.tsv,3ed8296adeb974fa14260ef79b072089f4577f3a73848a1ae766a262d5fa669d,Same frozen emitter/parameters; source WT carrier differs from target hurdle; historical holdouts adaptively reused; reconstructed target hash differs from absent original bytes
v0084,fixed_donor,sample1_to_0/historical9/d70584c27ca0,mean_response_mse,0.0086409116261803,identity,0.0089500415834792,0.0003091299572988999,lower,49.55,v0048,47.93,1.6199999999999974,d7af1cef61e032210f9af502684a8b8a95f5a79bef79f79e15634daa556f6230,proxy_only,False,evidence/t3_delivery/package/reports/frozen_donors/SUMMARY.tsv,3ed8296adeb974fa14260ef79b072089f4577f3a73848a1ae766a262d5fa669d,Same frozen emitter/parameters; source WT carrier differs from target hurdle; historical holdouts adaptively reused; reconstructed target hash differs from absent original bytes
v0085,fixed_donor,sample1_to_0/historical9/d70584c27ca0,de_score,-0.0773809523809524,identity,0.0,-0.0773809523809524,higher,47.45,v0048,47.93,-0.4799999999999969,8cfbc8950216f8848969f26bb1973c9c52b8efd4c85c49ab15c17c7b16246418,proxy_only,False,evidence/t3_delivery/package/reports/frozen_donors/SUMMARY.tsv,3ed8296adeb974fa14260ef79b072089f4577f3a73848a1ae766a262d5fa669d,Same frozen emitter/parameters; source WT carrier differs from target hurdle; historical holdouts adaptively reused; reconstructed target hash differs from absent original bytes
v0085,fixed_donor,sample1_to_0/historical9/d70584c27ca0,de_direction,0.1918167449059686,identity,0.0,0.1918167449059686,higher,47.45,v0048,47.93,-0.4799999999999969,8cfbc8950216f8848969f26bb1973c9c52b8efd4c85c49ab15c17c7b16246418,proxy_only,False,evidence/t3_delivery/package/reports/frozen_donors/SUMMARY.tsv,3ed8296adeb974fa14260ef79b072089f4577f3a73848a1ae766a262d5fa669d,Same frozen emitter/parameters; source WT carrier differs from target hurdle; historical holdouts adaptively reused; reconstructed target hash differs from absent original bytes
v0085,fixed_donor,sample1_to_0/historical9/d70584c27ca0,severity_abs,3.189987846504408,identity,6.907755278982137,3.717767432477729,lower,47.45,v0048,47.93,-0.4799999999999969,8cfbc8950216f8848969f26bb1973c9c52b8efd4c85c49ab15c17c7b16246418,proxy_only,False,evidence/t3_delivery/package/reports/frozen_donors/SUMMARY.tsv,3ed8296adeb974fa14260ef79b072089f4577f3a73848a1ae766a262d5fa669d,Same frozen emitter/parameters; source WT carrier differs from target hurdle; historical holdouts adaptively reused; reconstructed target hash differs from absent original bytes
v0085,fixed_donor,sample1_to_0/historical9/d70584c27ca0,mmd_u,0.0549126798287034,identity,0.0591807051872213,0.0042680253585179045,lower,47.45,v0048,47.93,-0.4799999999999969,8cfbc8950216f8848969f26bb1973c9c52b8efd4c85c49ab15c17c7b16246418,proxy_only,False,evidence/t3_delivery/package/reports/frozen_donors/SUMMARY.tsv,3ed8296adeb974fa14260ef79b072089f4577f3a73848a1ae766a262d5fa669d,Same frozen emitter/parameters; source WT carrier differs from target hurdle; historical holdouts adaptively reused; reconstructed target hash differs from absent original bytes
v0085,fixed_donor,sample1_to_0/historical9/d70584c27ca0,variogram,0.0064412552811619,identity,0.0069631473937382,0.0005218921125763002,lower,47.45,v0048,47.93,-0.4799999999999969,8cfbc8950216f8848969f26bb1973c9c52b8efd4c85c49ab15c17c7b16246418,proxy_only,False,evidence/t3_delivery/package/reports/frozen_donors/SUMMARY.tsv,3ed8296adeb974fa14260ef79b072089f4577f3a73848a1ae766a262d5fa669d,Same frozen emitter/parameters; source WT carrier differs from target hurdle; historical holdouts adaptively reused; reconstructed target hash differs from absent original bytes
v0085,fixed_donor,sample1_to_0/historical9/d70584c27ca0,mean_response_mse,0.0080734793342275,identity,0.0089500415834792,0.0008765622492517,lower,47.45,v0048,47.93,-0.4799999999999969,8cfbc8950216f8848969f26bb1973c9c52b8efd4c85c49ab15c17c7b16246418,proxy_only,False,evidence/t3_delivery/package/reports/frozen_donors/SUMMARY.tsv,3ed8296adeb974fa14260ef79b072089f4577f3a73848a1ae766a262d5fa669d,Same frozen emitter/parameters; source WT carrier differs from target hurdle; historical holdouts adaptively reused; reconstructed target hash differs from absent original bytes
v0075,historical_source_rank,9361a9b7eb84763c7493876c943a22326de21bb2f5ba1ba8af9895a86a790bbd/o1_dual_form,weighted_rank,6.7847058823529425,identity,,,lower,46.73,v0048,47.93,-1.2000000000000028,bf0f399eeaa7d85ad486804793fb20efbba8ce76bbd95b552fac095250b838f6,proxy_only,False,evidence/t3repo/reports/t3_six_routes_20261006/o1_dual_form/SELECTION.json,3f09ba75f17f4d9ca561b1f2e7e7fc7f462fb8db4933977f6ea25abdd7dc44cb,Lane-specific rank denominator; different emitter/carrier for some routes; do not pool ranks or treat as skill points
v0076,historical_source_rank,9361a9b7eb84763c7493876c943a22326de21bb2f5ba1ba8af9895a86a790bbd/o2_gate_mult,weighted_rank,2.0012745098039217,identity,,,lower,47.31,v0048,47.93,-0.6199999999999974,3e4200183497b04d935cbcca01bf8822f33bb195b0c0f61347df7b5cbad8d886,proxy_only,False,evidence/t3repo/reports/t3_six_routes_20261006/o2_gate_mult/SELECTION.json,5bd368e6419192dcde9bcbcd9b77b362ab7ca5afdebf20734f2d1c998b4c71c0,Lane-specific rank denominator; different emitter/carrier for some routes; do not pool ranks or treat as skill points
v0077,historical_source_rank,9361a9b7eb84763c7493876c943a22326de21bb2f5ba1ba8af9895a86a790bbd/o3_shrunk_beta,weighted_rank,2.0323529411764705,identity,3.7319607843137255,1.699607843137255,lower,47.43,v0048,47.93,-0.5,b04b782e29866996aabf326409b797adf6c33a2b764e3b857f123bbd0899788a,proxy_only,False,evidence/t3repo/reports/t3_six_routes_20261006/o3_shrunk_beta/SELECTION.json,e02fb198b1960beff7cd4997398f9cb123d56001350149754633d9b924f0075c,Lane-specific rank denominator; different emitter/carrier for some routes; do not pool ranks or treat as skill points
v0078,historical_source_rank,9361a9b7eb84763c7493876c943a22326de21bb2f5ba1ba8af9895a86a790bbd/n1_nmf_ablation,weighted_rank,3.1977450980392153,identity,3.7115686274509803,0.513823529411765,lower,47.93,v0048,47.93,0.0,cf72af8b302498b363c53f2a6c943f5300fca1fc601b3b87e7a7009580e2d323,invalid_sign_interpretation,False,evidence/t3repo/reports/t3_six_routes_20261006/n1_nmf_ablation/SELECTION.json,7ba55297e33b131dce8bcb11b6990691854b8a2bb58b1a42dc3d6fab9fd0074a,Lane-specific rank denominator; different emitter/carrier for some routes; do not pool ranks or treat as skill points
v0079,historical_source_rank,9361a9b7eb84763c7493876c943a22326de21bb2f5ba1ba8af9895a86a790bbd/n2_marker_gate,weighted_rank,2.4992156862745096,identity,,,lower,47.4,v0048,47.93,-0.5300000000000011,30ba57845104e23a2eefc7d179fc717da3d8005de56d459112d6322be2a220b3,proxy_only,False,evidence/t3repo/reports/t3_six_routes_20261006/n2_marker_gate/SELECTION.json,137357f11a71919542c89eb5a3ea76747b37dcf02fb468e10a05dd7ad3924a81,Lane-specific rank denominator; different emitter/carrier for some routes; do not pool ranks or treat as skill points
v0080,historical_source_rank,9361a9b7eb84763c7493876c943a22326de21bb2f5ba1ba8af9895a86a790bbd/n3_switch_emit,weighted_rank,2.089607843137255,identity,4.228529411764705,2.13892156862745,lower,46.82,v0048,47.93,-1.1099999999999994,bc2370a608b341e6abed7200519da178630431df818787a552815d6f837e5f5c,invalid_heldout_leakage,False,evidence/t3repo/reports/t3_six_routes_20261006/n3_switch_emit/SELECTION.json,3ca06c032e02100f397f25703a82f0595525bb49914b6709b637ed09d780a729,Lane-specific rank denominator; different emitter/carrier for some routes; do not pool ranks or treat as skill points
v0081,historical_source_rank,033c803952cebcd50db1e382870c36c7fcd85b8a27c279087ce5075f7ff4fa5d/o1_hnmf,weighted_rank,1.0,identity,,,lower,47.92,v0048,47.93,-0.00999999999999801,e58e831c25c0e63f833e59e4e277ff25f90cafad8fd8e60436a100e61f73b1d9,proxy_only,False,evidence/t3repo/reports/t3_six_routes_20261007/o1_hnmf/SELECTION.json,c950f3ba5b68cb5a08eb13512edcb4b7743734d116b9c744e20b75d44ec9f2a3,Lane-specific rank denominator; different emitter/carrier for some routes; do not pool ranks or treat as skill points
v0082,historical_source_rank,033c803952cebcd50db1e382870c36c7fcd85b8a27c279087ce5075f7ff4fa5d/o2_pnmf,weighted_rank,1.0,identity,,,lower,47.94,v0048,47.93,0.00999999999999801,38f04968a563e1463cbf0d4826ef60fd7bc4a7f2756c9751279494d52126e432,proxy_only,False,evidence/t3repo/reports/t3_six_routes_20261007/o2_pnmf/SELECTION.json,729a6cbb633f246d211892b25b241c097441ff37562f2546be322be5ee36ecb0,Lane-specific rank denominator; different emitter/carrier for some routes; do not pool ranks or treat as skill points
v0083,historical_source_rank,033c803952cebcd50db1e382870c36c7fcd85b8a27c279087ce5075f7ff4fa5d/o3_psb,weighted_rank,1.0,identity,,,lower,47.51,v0048,47.93,-0.4200000000000017,8232a607865f4e92d92b027251cc1e59212792b82466086a79b4ad669333c657,invalid_heldout_leakage,False,evidence/t3repo/reports/t3_six_routes_20261007/o3_psb/SELECTION.json,7821f7be84c17014ac114618e745ee9243b951f542db6ca39b1aa3503f0d4a77,Lane-specific rank denominator; different emitter/carrier for some routes; do not pool ranks or treat as skill points
v0084,historical_source_rank,033c803952cebcd50db1e382870c36c7fcd85b8a27c279087ce5075f7ff4fa5d/n1_qtl,weighted_rank,2.1586274509803927,identity,3.284901960784314,1.1262745098039213,lower,49.55,v0048,47.93,1.6199999999999974,d7af1cef61e032210f9af502684a8b8a95f5a79bef79f79e15634daa556f6230,proxy_only,False,evidence/t3repo/reports/t3_six_routes_20261007/n1_qtl/SELECTION.json,f3e89df2888bb0431a783cbdf41b4f6575845e935cbdbc4508b57d53735cb2a9,Lane-specific rank denominator; different emitter/carrier for some routes; do not pool ranks or treat as skill points
v0085,historical_source_rank,033c803952cebcd50db1e382870c36c7fcd85b8a27c279087ce5075f7ff4fa5d/n2_dsign,weighted_rank,2.0080392156862747,identity,3.6237254901960787,1.615686274509804,lower,47.45,v0048,47.93,-0.4799999999999969,8cfbc8950216f8848969f26bb1973c9c52b8efd4c85c49ab15c17c7b16246418,proxy_only,False,evidence/t3repo/reports/t3_six_routes_20261007/n2_dsign/SELECTION.json,ef377203b42fb8b07b7bf5ebfdae5cd16cc6ec15e80b3aa72fc303012921d427,Lane-specific rank denominator; different emitter/carrier for some routes; do not pool ranks or treat as skill points
unsubmitted_pswap,historical_source_rank,033c803952cebcd50db1e382870c36c7fcd85b8a27c279087ce5075f7ff4fa5d/n3_pswap,weighted_rank,2.282941176470589,identity,2.282941176470589,-0.0,lower,,v0048,47.93,,,invalid_sign_interpretation,False,evidence/t3repo/reports/t3_six_routes_20261007/n3_pswap/SELECTION.json,ac76c52edc223a298c28dee107c90d789daf8e22f6c1552d2e4c431b06e409b7,Lane-specific rank denominator; different emitter/carrier for some routes; do not pool ranks or treat as skill points
v0057,WT_five_select,WT_train01_dev2_20260929,group_MSE,0.15141056157944435,H,0.15607117007516783,0.004660608495723473,lower,47.37,v0048,47.93,-0.5600000000000023,06a7dc2950807a9a424433b14c580d18cfcf4161b94608efc7b46352e7aefa31,proxy_only,False,evidence/t3repo/reports/t3_five_select_20260929/DEVELOPMENT.json,d5694eb7ec52fd8b1551159d378a71089a89e4ad8ab42e3b5adc8d746e90a775,Single WT specimen; local training blocks differ from final full-WT fit; observational high/low groups are not KO truth
v0058,WT_five_select,WT_train01_dev2_20260929,group_MSE,0.15456203476186264,H,0.15607117007516783,0.0015091353133051821,lower,47.95,v0048,47.93,0.020000000000003126,b671f35b7808baff1743f927e1c9c82bfa79c59a9ce831357a6cf5d884982db2,proxy_only,False,evidence/t3repo/reports/t3_five_select_20260929/DEVELOPMENT.json,d5694eb7ec52fd8b1551159d378a71089a89e4ad8ab42e3b5adc8d746e90a775,Single WT specimen; local training blocks differ from final full-WT fit; observational high/low groups are not KO truth
v0059,WT_five_select,WT_train01_dev2_20260929,group_MSE,0.15633980982301468,H,0.15607117007516783,-0.00026863974784685496,lower,47.93,v0048,47.93,0.0,914054b8d7fd14c35bd9699446dff92a0c866307cc7f0dee87a73b5d6b0c301c,proxy_only,False,evidence/t3repo/reports/t3_five_select_20260929/DEVELOPMENT.json,d5694eb7ec52fd8b1551159d378a71089a89e4ad8ab42e3b5adc8d746e90a775,Single WT specimen; local training blocks differ from final full-WT fit; observational high/low groups are not KO truth
unsubmitted_r1active,WT_five_select,WT_train01_dev2_20260929,group_MSE,0.15170587484963535,H,0.15607117007516783,0.004365295225532473,lower,,v0048,47.93,,,proxy_only,False,evidence/t3repo/reports/t3_five_select_20260929/DEVELOPMENT.json,d5694eb7ec52fd8b1551159d378a71089a89e4ad8ab42e3b5adc8d746e90a775,Single WT specimen; local training blocks differ from final full-WT fit; observational high/low groups are not KO truth
unsubmitted_r5local,WT_five_select,WT_train01_dev2_20260929,group_MSE,0.15715358114468492,H,0.15607117007516783,-0.0010824110695170919,lower,,v0048,47.93,,,proxy_only,False,evidence/t3repo/reports/t3_five_select_20260929/DEVELOPMENT.json,d5694eb7ec52fd8b1551159d378a71089a89e4ad8ab42e3b5adc8d746e90a775,Single WT specimen; local training blocks differ from final full-WT fit; observational high/low groups are not KO truth
v0053,adult_response_MSE,whole_gene_5fold_pooled,MSE,0.00505101,v0046,0.00503888,-1.2129999999999953e-05,lower,47.66,v0046,47.65,0.00999999999999801,ed4e82feb07ae1c36657e43602191af65b97f725534b42032f5f9a14e26017c3,proxy_only,False,https://github.com/FreddieWho/014_virtualEmbryo/blob/eb464afa7ee53d5bed7078d65bfed4f03df675b2/reports/t3_round2_20260928/REPORT.md,64261434d199a576e9cd27321854e22aa43441d685cd84c3a8e42649cf464dcf,
v0052,WT_hurdle,four_spatial_blocks,MSE,1.336405,v0048,1.285491,-0.050914000000000126,lower,47.62,v0048,47.93,-0.3100000000000023,652d3b0a6c19864cda3c97f9d0bdcf39f33a1dead8a2d83c702b9c95818dea84,proxy_only,False,https://github.com/FreddieWho/014_virtualEmbryo/blob/eb464afa7ee53d5bed7078d65bfed4f03df675b2/reports/t3_round2_20260928/REPORT.md,64261434d199a576e9cd27321854e22aa43441d685cd84c3a8e42649cf464dcf,
v0044,adult_response_MSE,whole_gene_5fold_pooled,MSE,0.00521594,v0034,0.00504725,-0.00016868999999999999,lower,47.47,v0034,47.53,-0.060000000000002274,f0713cb372da64af7af8ff3fd834028d735aeb17277ddfae9d21ad340917e3a0,proxy_only,False,https://github.com/FreddieWho/014_virtualEmbryo/blob/eb464afa7ee53d5bed7078d65bfed4f03df675b2/reports/t3_five_20260927/REPORT.md,86fa92db23603889056db56690b65ec9f99bbf3f3161942b831f2068aa92b7a2,"Comparator is mean response, not WT carrier v0009; do not mislabel +.52 vs carrier as paired sign reversal"
v0046,adult_response_MSE,whole_gene_5fold_pooled,MSE,0.00503888,v0034,0.00504725,8.369999999999732e-06,lower,47.65,v0034,47.53,0.11999999999999744,924c33703d2fc1aa0393072cafa91f1ba8d6825704eddfd45ce01b3b05aaf909,proxy_only,False,https://github.com/FreddieWho/014_virtualEmbryo/blob/eb464afa7ee53d5bed7078d65bfed4f03df675b2/reports/t3_five_20260927/REPORT.md,86fa92db23603889056db56690b65ec9f99bbf3f3161942b831f2068aa92b7a2,
v0048,WT_hurdle,four_spatial_blocks,MSE,1.285491,WT_no_Gata_covariate,1.304943,0.019452000000000025,lower,47.93,v0009,46.95,0.9799999999999969,6f4b7096ca83407d942b36671523263ec21a5e554cde668daee644ad9eaeda29,proxy_only,False,https://github.com/FreddieWho/014_virtualEmbryo/blob/eb464afa7ee53d5bed7078d65bfed4f03df675b2/reports/t3_five_20260927/REPORT.md,86fa92db23603889056db56690b65ec9f99bbf3f3161942b831f2068aa92b7a2,
v0054,WT_three,WT_fourblocks_14groups_20260929,group_MSE,0.185274647,H,0.190683629,0.005408982000000007,lower,47.75,v0048,47.93,-0.17999999999999972,dd4ff51f7f9143af4add1ecd387927ada3156ae2fb79f779cd7ecf7c55760c2f,proxy_only,False,https://github.com/FreddieWho/014_virtualEmbryo/blob/eb464afa7ee53d5bed7078d65bfed4f03df675b2/reports/t3_three_20260929/REPORT.md,4805bf6e4535951c29bf7f55943381eb736f9a93d8e98e2c7a1b24c13ceb8587,
v0055,WT_three,WT_fourblocks_14groups_20260929,group_MSE,0.209693894,H,0.190683629,-0.019010265,lower,47.25,v0048,47.93,-0.6799999999999997,11076fed8f52d83f773773cd7aa4fb47774c4509b4df6fdc40c9776842d03784,proxy_only,False,https://github.com/FreddieWho/014_virtualEmbryo/blob/eb464afa7ee53d5bed7078d65bfed4f03df675b2/reports/t3_three_20260929/REPORT.md,4805bf6e4535951c29bf7f55943381eb736f9a93d8e98e2c7a1b24c13ceb8587,
v0056,WT_three,WT_fourblocks_14groups_20260929,group_MSE,0.190587346,H,0.190683629,9.628300000000256e-05,lower,47.93,v0048,47.93,0.0,586fad56e326edfc85cee01b7f6d12b15378b0b090f4f6092e39ddf7dc6f2509,proxy_only,False,https://github.com/FreddieWho/014_virtualEmbryo/blob/eb464afa7ee53d5bed7078d65bfed4f03df675b2/reports/t3_three_20260929/REPORT.md,4805bf6e4535951c29bf7f55943381eb736f9a93d8e98e2c7a1b24c13ceb8587,
v0087,embryo_hurdle,source7_LOKO_seed012,custom_skill_total,74.41229839082058,baseline,74.41229839082058,0.0,higher,53.42,v0087,53.42,0.0,b0cfdf5e870f762185efd9f2bdc803cab26ecb0a54e18a870286d41165ce5fc9,cross_domain_custom_calibration,False,evidence/t3_v88_optimization_20261008/source_evaluation/summary.csv,ee7f473bd901820c9940a5c2c4da116e2d5caa9f11d269afafe08d622e129d6a,"Equal genotype weights; adaptive 7 KO source validation, not Gata4 target score"
v0088,embryo_hurdle,source7_LOKO_seed012,custom_skill_total,74.73758790750969,baseline,74.41229839082058,0.32528951668911077,higher,53.69,v0087,53.42,0.269999999999996,d7944880d8f55974946dad4b2c22879582c03bce547ead312921b0fc39bdddc7,cross_domain_custom_calibration,False,evidence/t3_v88_optimization_20261008/source_evaluation/summary.csv,ee7f473bd901820c9940a5c2c4da116e2d5caa9f11d269afafe08d622e129d6a,"Equal genotype weights; adaptive 7 KO source validation, not Gata4 target score"
unsubmitted_v88_residual,embryo_hurdle,source7_LOKO_seed012,custom_skill_total,73.96648519603308,baseline,74.41229839082058,-0.4458131947875046,higher,,v0087,53.42,,,cross_domain_custom_calibration,False,evidence/t3_v88_optimization_20261008/source_evaluation/summary.csv,ee7f473bd901820c9940a5c2c4da116e2d5caa9f11d269afafe08d622e129d6a,"Equal genotype weights; adaptive 7 KO source validation, not Gata4 target score"
unsubmitted_v88_both,embryo_hurdle,source7_LOKO_seed012,custom_skill_total,74.32319971718921,baseline,74.41229839082058,-0.08909867363136925,higher,,v0087,53.42,,,cross_domain_custom_calibration,False,evidence/t3_v88_optimization_20261008/source_evaluation/summary.csv,ee7f473bd901820c9940a5c2c4da116e2d5caa9f11d269afafe08d622e129d6a,"Equal genotype weights; adaptive 7 KO source validation, not Gata4 target score"
v0087,embryo_hurdle,Mab_custom_seed012,custom_skill_total,57.25179880443196,baseline,57.25179880443196,0.0,higher,53.42,v0087,53.42,0.0,b0cfdf5e870f762185efd9f2bdc803cab26ecb0a54e18a870286d41165ce5fc9,cross_domain_custom_calibration,False,evidence/t3_v88_optimization_20261008/deployment/MAB_LOCAL_CALIBRATION.csv,14e860c00d6f9afb3a9c390d164f6cad99ee2ee1f1b0dfab63f1364b9dbf2f0b,"Released reused Mab different target, full-WT floor / technical split ceilings; seeds not independent candidates"
v0088,embryo_hurdle,Mab_custom_seed012,custom_skill_total,57.47877185339366,baseline,57.25179880443196,0.22697304896170323,higher,53.69,v0087,53.42,0.269999999999996,d7944880d8f55974946dad4b2c22879582c03bce547ead312921b0fc39bdddc7,cross_domain_custom_calibration,False,evidence/t3_v88_optimization_20261008/deployment/MAB_LOCAL_CALIBRATION.csv,14e860c00d6f9afb3a9c390d164f6cad99ee2ee1f1b0dfab63f1364b9dbf2f0b,"Released reused Mab different target, full-WT floor / technical split ceilings; seeds not independent candidates"
unsubmitted_v88_residual,embryo_hurdle,Mab_custom_seed012,custom_skill_total,57.29225905513979,baseline,57.25179880443196,0.04046025070783088,higher,,v0087,53.42,,,cross_domain_custom_calibration,False,evidence/t3_v88_optimization_20261008/deployment/MAB_LOCAL_CALIBRATION.csv,14e860c00d6f9afb3a9c390d164f6cad99ee2ee1f1b0dfab63f1364b9dbf2f0b,"Released reused Mab different target, full-WT floor / technical split ceilings; seeds not independent candidates"
unsubmitted_v88_both,embryo_hurdle,Mab_custom_seed012,custom_skill_total,57.51827967997972,baseline,57.25179880443196,0.2664808755477637,higher,,v0087,53.42,,,cross_domain_custom_calibration,False,evidence/t3_v88_optimization_20261008/deployment/MAB_LOCAL_CALIBRATION.csv,14e860c00d6f9afb3a9c390d164f6cad99ee2ee1f1b0dfab63f1364b9dbf2f0b,"Released reused Mab different target, full-WT floor / technical split ceilings; seeds not independent candidates"
v0087,embryo_vs_adult,Mab_custom_seed012,custom_skill_total,57.25179880443196,historical_adult,49.56704124248801,7.684757561943947,higher,53.42,v0084,49.55,3.8700000000000045,b0cfdf5e870f762185efd9f2bdc803cab26ecb0a54e18a870286d41165ce5fc9,cross_domain_custom_calibration,False,evidence/t3_v87_restored/deployment_diagnostics/MAB_LOCAL_CALIBRATION.csv,9b9fe3349bd4528209144f770587cc81ed295ff0e4c63e805ba0fe76cd420106,"Historical adult adapter need not be exact v84 recipe; paired method transfer comparison only, not exact artifact delta calibration"
