cohort,k,server_win_threshold,scored_winners,recalled_winners,recall,regret,counterfactual_only
WT_five_select,1,0.0,1,0,0.0,0.5800000000000054,True
WT_five_select,1,0.1,0,0,,0.5800000000000054,True
WT_five_select,1,0.5,0,0,,0.5800000000000054,True
WT_five_select,1,1.0,0,0,,0.5800000000000054,True
WT_five_select,2,0.0,1,1,1.0,0.0,True
WT_five_select,2,0.1,0,0,,0.0,True
WT_five_select,2,0.5,0,0,,0.0,True
WT_five_select,2,1.0,0,0,,0.0,True
WT_five_select,3,0.0,1,1,1.0,0.0,True
WT_five_select,3,0.1,0,0,,0.0,True
WT_five_select,3,0.5,0,0,,0.0,True
WT_five_select,3,1.0,0,0,,0.0,True
fixed_donor,1,0.0,1,0,0.0,2.0999999999999943,True
fixed_donor,1,0.1,1,0,0.0,2.0999999999999943,True
fixed_donor,1,0.5,1,0,0.0,2.0999999999999943,True
fixed_donor,1,1.0,1,0,0.0,2.0999999999999943,True
fixed_donor,2,0.0,1,1,1.0,0.0,True
fixed_donor,2,0.1,1,1,1.0,0.0,True
fixed_donor,2,0.5,1,1,1.0,0.0,True
fixed_donor,2,1.0,1,1,1.0,0.0,True
current_source,1,0.0,1,1,1.0,0.0,True
current_source,1,0.1,1,1,1.0,0.0,True
current_source,1,0.5,0,0,,0.0,True
current_source,1,1.0,0,0,,0.0,True
current_source,2,0.0,1,1,1.0,0.0,True
current_source,2,0.1,1,1,1.0,0.0,True
current_source,2,0.5,0,0,,0.0,True
current_source,2,1.0,0,0,,0.0,True
