split	gene	method	de_score	de_direction	severity_abs	mmd_u	variogram	severity_r2	mean_response_mse	density
development_LOPO	Yy1	identity	0.0	0.0	6.907755278982137	0.09821745263730743	0.00991087406873703	0.0	0.014314689503771637	0.16777272727272727
development_LOPO	Yy1	k0.5	0.6249999999999999	0.4280990328174842	1.5119720472435274	0.07377764733634624	0.00754641555249691	0.5213	0.009063269778996151	0.16777272727272727
development_LOPO	Yy1	k1.0	0.6249999999999999	0.42901801658963823	1.8003722500320896	0.07945857029883326	0.008131728507578373	0.4877	0.010249790723379747	0.16777272727272727
development_LOPO	Yy1	k2.0	0.6249999999999999	0.43234483700668563	2.2009344885592506	0.08536911913988594	0.008717773482203484	0.4594	0.011500970749887639	0.16777272727272727
development_LOPO	Arid2	identity	0.0	0.0	6.907755278982137	0.040379552432259325	0.0044473749585449696	0.0	0.005834311755948436	0.16777272727272727
development_LOPO	Arid2	k0.5	0.8333333333333334	0.6885914282382366	0.8087040564664947	0.014646720743161219	0.002298217499628663	0.9373	0.002025206638544447	0.16777272727272727
development_LOPO	Arid2	k1.0	0.75	0.6893053566617646	1.0664834267210566	0.01929621415453639	0.0026961714029312134	0.9241	0.0026712385123250203	0.16777272727272727
development_LOPO	Arid2	k2.0	0.75	0.6899117352121948	1.4375560530036064	0.02495106555859029	0.0031699861865490675	0.9092	0.003486136611360342	0.16777272727272727
development_LOPO	Setd1b	identity	0.0	0.0	6.907755278982137	0.023639387321200894	0.0025968439877033234	0.0	0.0033931324239163006	0.16777272727272727
development_LOPO	Setd1b	k0.5	0.5	0.3007395719913654	6.907755278982137	0.021842217099073705	0.002209142316132784	-0.5243	0.00296999371314964	0.16777272727272727
development_LOPO	Setd1b	k1.0	0.5	0.30230244972608306	6.907755278982137	0.021548657001594845	0.002275828504934907	-0.5387	0.002968180998588845	0.16777272727272727
development_LOPO	Setd1b	k2.0	0.6666666666666666	0.30290529579582365	6.907755278982137	0.02182567980955618	0.0023658564314246178	-0.5407	0.003046525028353034	0.16777272727272727
development_LOPO	Brd9	identity	0.0	0.0		0.00821348125473837	0.0017495237989351153		0.0018847949276854959	0.16777272727272727
development_LOPO	Brd9	k0.5	0.5	0.404761576926761		0.007880350630220351	0.0014063386479392648		0.0013776112817405857	0.16777272727272727
development_LOPO	Brd9	k1.0	0.5	0.4078978738823782		0.007428669273372657	0.0014603511663153768		0.001408325435881803	0.16777272727272727
development_LOPO	Brd9	k2.0	0.5	0.41033207478517747		0.0073463688943971985	0.0015361623372882605		0.0015041851530786241	0.16777272727272727
development_LOPO	Znhit1	identity	0.0	0.0		0.01213117413340784	0.001741547603160143		0.0015012859919317147	0.16777272727272727
development_LOPO	Znhit1	k0.5	1.0	0.46623524826997864		0.011846512493884298	0.0012086157221347094		0.0011007738073365884	0.16777272727272727
development_LOPO	Znhit1	k1.0	1.0	0.46759148334158385		0.010731301311054025	0.001285766949877143		0.0010277500015533664	0.16777272727272727
development_LOPO	Znhit1	k2.0	1.0	0.4682366794706137		0.010454128915970607	0.0013998184585943818		0.0010722643666675866	0.16777272727272727
development_LOPO	Kansl1	identity	0.0	0.0	6.907755278982137	0.023692678637656395	0.002633068012073636	0.0	0.0033269429603739404	0.16777272727272727
development_LOPO	Kansl1	k0.5	0.6666666666666666	0.5436365786115707	0.8554789368650286	0.015965848149260033	0.001716459752060473	0.9211	0.0016552069689491778	0.16777272727272727
development_LOPO	Kansl1	k1.0	0.6666666666666666	0.54498588018385	1.1437419167162828	0.017464376337358374	0.001902455696836114	0.9168	0.0019661878688291314	0.16777272727272727
development_LOPO	Kansl1	k2.0	0.6666666666666666	0.5456911894668802	1.5493558352077932	0.01924978655552497	0.002116582589223981	0.9136	0.002346688417170772	0.16777272727272727
development_LOPO	Pbrm1	identity	0.0	0.0		0.016854146707318374	0.0022604705300182104		0.0027552077129048775	0.16777272727272727
development_LOPO	Pbrm1	k0.5	0.6666666666666666	0.6865233629689103		0.001655424584975304	0.0008243888150900602		0.0004371445437097394	0.16777272727272727
development_LOPO	Pbrm1	k1.0	0.6666666666666666	0.6888688748274598		0.0026654612499364934	0.001007680781185627		0.0006061011192030831	0.16777272727272727
development_LOPO	Pbrm1	k2.0	0.6666666666666666	0.6898607457758501		0.005164060935303194	0.0012835958041250706		0.0009890361448705507	0.16777272727272727
development_LOPO	Tfpt	identity	0.0	0.0		0.012493856540247972	0.0013018338941037655		0.0020209294407437734	0.16777272727272727
development_LOPO	Tfpt	k0.5	0.75	0.5064245041989062		0.0034611362510977685	0.0005977474502287805		0.0004356246205695558	0.16777272727272727
development_LOPO	Tfpt	k1.0	1.0	0.507901764201624		0.003977470062333383	0.0007045618840493262		0.0005893269867901899	0.16777272727272727
development_LOPO	Tfpt	k2.0	1.0	0.5086855621545208		0.005649741435274769	0.0008581896545365453		0.0008963127805109216	0.16777272727272727
development_LOPO	Setdb1	identity	0.0	0.0	6.907755278982137	0.038086884949578376	0.005820584483444691	0.0	0.005450679128989646	0.16777272727272727
development_LOPO	Setdb1	k0.5	0.2222222222222222	0.26892060905582893	2.536626029072764	0.0352306331247904	0.005545609164983034	0.3659	0.004898374304906613	0.16777272727272727
development_LOPO	Setdb1	k1.0	0.2222222222222222	0.2715470241116566	2.9061824442909385	0.03588822426722811	0.005622305441647768	0.3558	0.005037723717393017	0.16777272727272727
development_LOPO	Setdb1	k2.0	0.2222222222222222	0.2737127251861343	3.3827465721090015	0.03661257252484439	0.0056951576843857765	0.344	0.005177763434948789	0.16777272727272727
development_LOPO	Chd4	identity	0.0	0.0	6.907755278982137	0.04412329057588231	0.005487118382006884	0.0	0.00559971687046667	0.16777272727272727
development_LOPO	Chd4	k0.5	0.1	0.3635150298885024	6.907755278982137	0.047986135246577105	0.005341264884918928	-0.5082	0.005653887599318113	0.16777272727272727
development_LOPO	Chd4	k1.0	0.1	0.36539027111662836	6.907755278982137	0.04646936940976671	0.0053655547089874744	-0.5283	0.005587648841277112	0.16777272727272727
development_LOPO	Chd4	k2.0	0.1	0.366637076440791	6.907755278982137	0.04541337059273619	0.00539891142398119	-0.5386	0.005564960414645843	0.16777272727272727
development_LOPO	Srcap	identity	0.0	0.0	6.907755278982137	0.058375255125899896	0.0063966927118599415	0.0	0.008711740423975605	0.16777272727272727
development_LOPO	Srcap	k0.5	-0.22222222222222215	0.4968126332142543	1.9288962414759998	0.04661786998056362	0.004858217667788267	0.5347	0.0064762688741520314	0.16777272727272727
development_LOPO	Srcap	k1.0	-0.22222222222222215	0.4971819801600997	2.2449131212738513	0.049353922200339316	0.0051628402434289455	0.5192	0.0069276137846626005	0.16777272727272727
development_LOPO	Srcap	k2.0	-0.3333333333333333	0.49724088007607414	2.672019617234292	0.05219969279354144	0.0055048419162631035	0.5001	0.007433234704113746	0.16777272727272727
development_LOPO	Smarcd1	identity	0.0	0.0		0.009733260188493919	0.0016711641801521182		0.002050030117428037	0.16777272727272727
development_LOPO	Smarcd1	k0.5	0.0	0.254150862497554		0.010637092526294727	0.0016853117849677801		0.0021392979886684827	0.16777272727272727
development_LOPO	Smarcd1	k1.0	0.0	0.25903810845234176		0.009484295875510751	0.001610196428373456		0.001945947894276293	0.16777272727272727
development_LOPO	Smarcd1	k2.0	0.0	0.26337416069557607		0.008983523403075322	0.0015831749187782407		0.0018697879467335437	0.16777272727272727
development_LOPO	Rest	identity	0.0	0.0		0.007474434621932957	0.0016135091427713633		0.0013880396302436578	0.16777272727272727
development_LOPO	Rest	k0.5	0.0	0.42565508026847765		0.00874025514271023	0.0015559190651401877		0.0013297223456781402	0.16777272727272727
development_LOPO	Rest	k1.0	0.0	0.427962770173594		0.008149999861582727	0.0015591621631756425		0.0013149800471616163	0.16777272727272727
development_LOPO	Rest	k2.0	0.0	0.42997974268447875		0.007789840962103056	0.0015705921687185764		0.0013244272278829432	0.16777272727272727
development_LOPO	Dmap1	identity	0.0	0.0	6.907755278982137	0.048576616743380784	0.005132115446031094	0.0	0.005885896210858929	0.16777272727272727
development_LOPO	Dmap1	k0.5	0.5	0.4983368551790564	1.4632138555096446	0.041003155779122905	0.0037878737784922123	0.6159	0.004027317061159356	0.16777272727272727
development_LOPO	Dmap1	k1.0	0.5	0.4996223066427599	1.7768451177344342	0.04253001949612637	0.0041043926030397415	0.6045	0.00442274698178026	0.16777272727272727
development_LOPO	Dmap1	k2.0	0.5	0.5018577651442528	2.2039414534493087	0.04432025634910599	0.004428984131664038	0.5954	0.004866891403039887	0.16777272727272727
development_LOPO	Kmt2a	identity	0.0	0.0	6.907755278982137	0.03808090559959755	0.005663748364895582	0.0	0.0052920537429351055	0.16777272727272727
development_LOPO	Kmt2a	k0.5	0.22222222222222224	0.34720136791734196	1.8532410925385476	0.0347065560928965	0.005106557160615921	0.3794	0.004292000720252529	0.16777272727272727
development_LOPO	Kmt2a	k1.0	0.11111111111111109	0.34745021742856436	2.1766761427760035	0.0349718036753208	0.00519483583047986	0.373	0.004419780057517819	0.16777272727272727
development_LOPO	Kmt2a	k2.0	0.11111111111111109	0.34812461524457516	2.6077491355722535	0.03560108042252262	0.005317174829542637	0.3674	0.004623467574177994	0.16777272727272727
development_LOPO	Egr2	identity	0.0	0.0		0.01290249342430066	0.0019137727795168757		0.001887817508085941	0.16777272727272727
development_LOPO	Egr2	k0.5	0.0	0.45272272146957254		0.012752700441490256	0.0017791258869692683		0.001811099014622381	0.16777272727272727
development_LOPO	Egr2	k1.0	0.0	0.4562310295502092		0.012546828343404945	0.0018025358440354466		0.0017962771060994742	0.16777272727272727
development_LOPO	Egr2	k2.0	0.0	0.4576856911953334		0.012554149852110615	0.0018335870699957013		0.001810071840518186	0.16777272727272727
development_LOPO	Rnf40	identity	0.0	0.0	6.907755278982137	0.07963337300465302	0.006727030500769615	0.0	0.010509670195996426	0.16777272727272727
development_LOPO	Rnf40	k0.5	0.4444444444444445	0.4050023645111701	2.329484542494848	0.07097259970772477	0.005962928291410208	0.4083	0.00883827110598409	0.16777272727272727
development_LOPO	Rnf40	k1.0	0.4444444444444445	0.40812532209912855	2.72568110138499	0.07375736787700435	0.006201246287673712	0.3422	0.009357056820608034	0.16777272727272727
development_LOPO	Rnf40	k2.0	0.4444444444444445	0.4097402346797884	3.2252979537273587	0.07604455106942491	0.006402528844773769	0.2903	0.009794710621374964	0.16777272727272727
historical_test	Ino80	identity	0.0	0.0	6.907755278982137	0.04465335441472471	0.003824857994914055	0.0	0.006343104317018769	0.16777272727272727
historical_test	Ino80	k0.5	0.5000000000000001	0.5146131860015657	0.9209154239365749	0.02376306328453818	0.0021711273584514856	0.5087	0.002768394908246825	0.16777272727272727
historical_test	Ino80	k1.0	0.5000000000000001	0.516719121900175	1.183491387430856	0.027639103594341886	0.0025113008450716734	0.486	0.00342611584708752	0.16777272727272727
historical_test	Ino80	k2.0	0.5000000000000001	0.5179868163374105	1.5577897581266766	0.03231889804281497	0.002894332632422447	0.4661	0.004213613919761183	0.16777272727272727
historical_test	Wdr82	identity	0.0	0.0	6.907755278982137	0.12593718933577605	0.012086506932973862	0.0	0.016950524131714773	0.16777272727272727
historical_test	Wdr82	k0.5	0.15384615384615383	0.41515365753825906	2.462658202622766	0.11749379711298787	0.010265257209539413	0.2012	0.01456209858734801	0.16777272727272727
historical_test	Wdr82	k1.0	0.15384615384615383	0.4153413416352963	2.7589814842270277	0.11953883279125495	0.010692841373383999	0.1904	0.01506980321564669	0.16777272727272727
historical_test	Wdr82	k2.0	0.07692307692307696	0.41638432082447113	3.1605669899206723	0.12158542020760273	0.011134641245007515	0.1803	0.015621752054988057	0.16777272727272727
historical_test	Smarca4	identity	0.0	0.0	6.907755278982137	0.07199674856567582	0.007227623835206032	0.0	0.00992491076362246	0.16777272727272727
historical_test	Smarca4	k0.5	0.0	0.2041749432535278	1.9864509032354203	0.06383504493829703	0.006249078083783388	0.1889	0.008240248371959248	0.16777272727272727
historical_test	Smarca4	k1.0	0.0	0.20718291608025455	2.2273091846200077	0.06494643069997419	0.006417596247047186	0.1879	0.00845423633581685	0.16777272727272727
historical_test	Smarca4	k2.0	0.0	0.20974678064894503	2.577911237747675	0.06658437702987674	0.006634319666773081	0.1866	0.00879031499205751	0.16777272727272727
historical_test	Paxip1	identity	0.0	0.0	6.907755278982137	0.04437911473182683	0.005885480437427759	0.0	0.0068004674375469485	0.16777272727272727
historical_test	Paxip1	k0.5	0.18181818181818182	0.1793170850980797	6.907755278982137	0.0460805068575688	0.005723889917135239	-0.2011	0.006606473836316863	0.16777272727272727
historical_test	Paxip1	k1.0	0.18181818181818182	0.1824695830427809	6.907755278982137	0.045231911491185786	0.005756814498454332	-0.1744	0.006622538289004979	0.16777272727272727
historical_test	Paxip1	k2.0	0.18181818181818182	0.18461786928006133	6.907755278982137	0.04475020356240237	0.00579835707321763	-0.1527	0.0066674030682404625	0.16777272727272727
historical_test	Hcfc1	identity	0.0	0.0	6.907755278982137	0.06323086661247371	0.007819510996341705	0.0	0.008721756784562187	0.16777272727272727
historical_test	Hcfc1	k0.5	0.43750000000000006	0.5182590148400584	1.8621404394254961	0.05468836172425255	0.006541245151311159	0.3635	0.006741756485556149	0.16777272727272727
historical_test	Hcfc1	k1.0	0.43750000000000006	0.5203101198118784	2.1528533553802442	0.056315543882982544	0.006840698421001434	0.3723	0.007132506170031128	0.16777272727272727
historical_test	Hcfc1	k2.0	0.43750000000000006	0.5220047521926006	2.5620777078528647	0.058307581834829834	0.007149992976337671	0.3772	0.007596498209637208	0.16777272727272727
historical_test	Yeats4	identity	0.0	0.0	6.907755278982137	0.019025510261292605	0.002174539491534233	0.0	0.002308074832920866	0.16777272727272727
historical_test	Yeats4	k0.5	1.0	0.5517719208034016	0.8054526282134751	0.011066620366582503	0.0013425486395135522	0.9491	0.0010827166433867554	0.16777272727272727
historical_test	Yeats4	k1.0	1.0	0.5518726712470836	1.1211757712304657	0.012605868580181256	0.0015067090280354023	0.9491	0.0013072527350335042	0.16777272727272727
historical_test	Yeats4	k2.0	0.8	0.5521630005410554	1.5514443328385465	0.014470869100971872	0.00169764447491616	0.9478	0.0015885472411417507	0.16777272727272727
