gene	requested	in_original_embedding	positive_annotation_rows	direct_terms	closure_terms	excluded_NOT_rows	missing	svd_norm	evidence_codes
A2m	False	True	76	19	83	0	False	0.9999999403953552	IBA|IDA|IEA|IPI|ISO|TAS
AI646519	False	True	0	0	0	0	True	0.0	
Abca6	False	True	36	11	63	0	False	1.0	IBA|IEA|ISO|ISS
Abca8a	False	True	70	18	95	0	False	1.0	IBA|IEA|ISO|ISS
Abcc9	False	True	267	77	298	0	False	0.9999999403953552	IBA|IDA|IEA|IGI|IMP|IPI|ISO
Abi3bp	False	True	40	19	96	0	False	1.0	IDA|IMP|ISO|TAS
Ablim3	False	True	34	12	69	0	False	0.9999999403953552	IBA|IDA|IEA|IMP|ISO
Acer2	False	True	104	18	94	0	False	0.9999999403953552	IBA|IEA|IMP|ISO|ISS
Ackr3	False	True	124	31	156	0	False	1.0	EXP|IBA|IEA|IGI|IMP|ISO|ISS
Acta2	False	True	96	30	175	0	False	0.9999999403953552	IBA|IDA|IEA|IMP|IPI|ISO|ISS
Actg1	False	True	170	50	245	0	False	1.0	HDA|IBA|IDA|IEA|IMP|IPI|ISO|ISS|TAS
Acvr1c	False	True	146	35	189	6	False	0.9999999403953552	EXP|IBA|IEA|IMP|ISO|ISS|TAS
Adamts12	False	True	98	23	115	0	False	1.0	IBA|IEA|IGI|ISO
Adamts6	False	True	34	12	43	0	False	1.0	IBA|IEA|IMP
Adamts8	False	True	20	6	32	0	False	0.9999999403953552	IBA|IEA
Adcy2	False	True	108	19	101	0	False	1.0000001192092896	IBA|IDA|IEA|IPI|ISO|ISS|TAS
Adgrf5	False	True	74	21	112	0	False	1.0	EXP|IBA|IDA|IEA|IGI|IMP|ISO|ND
Adgrg6	False	True	94	25	90	0	False	1.0	IBA|IDA|IEA|IMP|IPI|ISO|ISS
Adgrl4	False	True	36	9	43	0	False	1.0	EXP|IBA|IEA|ISO|ISS
Adm	False	True	135	35	208	0	False	1.0	IBA|IEA|IMP|ISO|ISS
Afp	False	True	30	9	58	0	False	0.9999999403953552	IBA|IDA|IEA|IMP|ISO
Agtr2	False	True	132	39	294	0	False	0.9999999403953552	EXP|IBA|IDA|IEA|IGI|IMP|IPI|ISO
Ahnak	False	True	86	19	64	0	False	1.0	EXP|IBA|IDA|IEA|IMP|IPI|ISO|ISS|NAS
Ahsg	False	True	60	17	114	0	False	0.9999999403953552	IBA|IDA|IEA|ISO|ISS
Akr1c19	False	True	138	35	96	0	False	0.9999999403953552	IBA|IEA|ISO
Aldh1a2	False	True	228	53	220	0	False	1.0	IBA|IDA|IEA|IEP|IGI|IMP|ISO|ISS|TAS
Aldob	False	True	134	26	170	0	False	1.0	IBA|IC|IDA|IEA|IMP|ISO|ISS
Alox5ap	False	True	74	24	120	0	False	1.0	IBA|IDA|IEA|IMP|IPI|ISO|ISS
Alx1	False	True	112	27	142	0	False	0.9999999403953552	IBA|IDA|IEA|IGI|IMP|IPI|ISO|ISS
Angpt1	False	True	218	58	348	0	False	1.0	EXP|IBA|IDA|IEA|IGI|IMP|IPI|ISO|TAS
Angptl6	False	True	10	5	33	0	False	0.9999999403953552	IBA|IDA|IEA
Ankrd1	False	True	150	37	203	0	False	1.0	IBA|IDA|IEA|IGI|IMP|IPI|ISO
Ano1	False	True	188	30	146	2	False	1.0	EXP|IBA|IDA|IEA|IGI|IMP|IPI|ISO|TAS
Anxa1	False	True	378	85	480	0	False	1.0	EXP|HDA|IBA|IDA|IEA|IMP|IPI|ISO|ISS|TAS
Apln	False	True	142	32	183	0	False	1.0	IBA|IDA|IEA|IMP|ISO|ISS
Aplnr	False	True	144	31	179	0	False	1.0	IBA|IDA|IEA|IMP|ISO|ISS
Apoa1	False	True	420	89	352	4	False	1.0	IBA|IDA|IEA|IGI|IMP|IPI|ISO|ISS|TAS
Apob	False	True	276	57	230	0	False	1.0	IBA|IDA|IEA|IGI|IMP|ISO|ISS|TAS
Apoc2	False	True	144	33	153	0	False	1.0	IBA|IEA|ISO|ISS|TAS
Apod	False	True	130	26	190	0	False	0.9999999403953552	IBA|IEA|IMP|ISO|ISS
Apoe	False	True	738	172	619	4	False	1.0	IBA|IDA|IEA|IGI|IMP|IPI|ISO|ISS|TAS
Apold1	False	True	46	14	82	0	False	0.9999999403953552	IBA|IEA|ISO
Aprt	False	True	108	15	128	2	False	0.9999999403953552	IBA|IC|IDA|IEA|IGI|IMP|ISO|ISS
Arg1	False	True	96	27	209	0	False	1.0	IBA|IDA|IEA|IMP|ISO
Arhgap31	False	True	28	7	35	0	False	0.9999999403953552	IBA|IDA|IEA|IPI
Astn2	False	True	58	16	73	0	False	0.9999999403953552	EXP|IBA|IDA|IEA|IGI|IPI|ISO|ISS
Bambi	False	True	60	14	100	0	False	1.0000001192092896	IBA|IEA|ISA|ISO
Bco1	False	True	64	10	44	0	False	0.9999998807907104	IBA|IDA|IEA|IGI|IMP|ISO|ISS
Bex3	False	True	40	11	56	0	False	1.0	EXP|IBA|IDA|IEA|IPI|ISO
Bhlha9	False	True	28	8	41	0	False	1.0	IBA|IEA|ISO|ISS
Birc3	False	True	80	24	91	0	False	0.9999999403953552	IBA|IDA|IEA|IGI|IMP|IPI|ISO|ISS
Bmp10	False	True	142	37	240	0	False	0.9999999403953552	IBA|IDA|IEA|IEP|IGI|IMP|ISO|ISS
Bmp2	False	True	572	120	490	0	False	1.0	IBA|IDA|IEA|IEP|IGI|IMP|IPI|ISO|ISS|TAS
Bmp4	False	True	822	197	742	12	False	1.0	IBA|IDA|IEA|IGI|IMP|IPI|ISO|ISS|NAS|TAS
Bmx	False	True	32	12	79	0	False	1.0	IBA|IEA|ISO
Bnc1	False	True	46	16	80	0	False	1.0	IBA|IDA|IEA|IMP|IPI|ISO
Bnc2	False	True	30	11	61	0	False	1.0	IBA|IDA|IEA|IMP|ISO
Bpifc	False	True	14	4	7	0	False	0.9999999403953552	IBA|IEA|ISS|ND
Btg2	False	True	78	24	155	0	False	0.9999999403953552	IBA|IDA|IEA|IMP|IPI|ISO|ISS
Btnl9	False	True	10	5	45	0	False	0.9999999403953552	IBA|IEA
C1qtnf9	False	True	38	10	76	0	False	0.9999999403953552	IBA|IDA|IEA|IPI|ISO
Cacna1d	False	True	206	58	269	0	False	1.0	IBA|IC|IDA|IEA|IMP|IPI|ISO|ISS|TAS
Cacna2d2	False	True	52	14	96	0	False	1.0	IBA|IC|IDA|IEA|IMP|ISO|TAS
Cacnb2	False	True	152	32	175	0	False	1.0	IBA|IDA|IEA|IMP|IPI|ISO|ISS|NAS|TAS
Cadm1	False	True	186	42	195	0	False	1.0	EXP|IBA|IDA|IEA|IEP|IMP|IPI|ISO
Car4	False	True	0	0	0	0	True	0.0	
Car8	False	True	0	0	0	0	True	0.0	
Casp4	False	True	204	41	180	0	False	1.0	EXP|IBA|IDA|IEA|IGI|IMP|IPI|ISO|ISS|RCA|TAS
Casq1	False	True	156	31	157	0	False	1.0	EXP|HDA|IBA|IDA|IEA|IMP|ISO|ISS|TAS
Cav1	False	True	684	152	670	0	False	0.9999999403953552	IBA|IDA|IEA|IGI|IMP|IPI|ISO|ISS|TAS
Ccbe1	False	True	64	18	106	0	False	1.0	IBA|IDA|IEA|IMP|ISO|ISS
Ccdc80	False	True	24	9	38	0	False	1.0	IBA|IDA|IEP
Ccdc85a	False	True	10	3	8	0	False	1.0	IEA|ISO|ND
Cck	False	True	100	37	235	0	False	1.0	EXP|IBA|IDA|IEA|IPI|ISO
Ccn5	False	True	54	15	67	0	False	1.0	HDA|IBA|IDA|IEA|ISA|ISO
Ccna2	False	True	166	36	158	0	False	1.0000001192092896	EXP|IBA|IDA|IEA|IGI|IMP|IPI|ISO|ISS|NAS|TAS
Ccser1	False	True	16	7	34	0	False	1.0	IDA|IMP|ND
Cd300lg	False	True	24	8	56	0	False	0.9999999403953552	EXP|IBA|IDA|IEA
Cd34	False	True	188	43	187	0	False	0.9999999403953552	IBA|IDA|IEA|IMP|ISO|ISS
Cd93	False	True	50	8	48	0	False	1.0	EXP|IBA|IDA|IEA|ISO|ISS
Cdh12	False	True	36	17	50	0	False	0.9999999403953552	IBA|IEA
Cdh18	False	True	38	17	50	0	False	0.9999999403953552	IBA|IEA
Cdh4	False	True	54	19	112	0	False	1.0	IBA|IDA|IEA|ISO
Cdh5	False	True	262	57	266	0	False	1.0	EXP|IBA|IC|IDA|IEA|IGI|IMP|IPI|ISO|TAS
Cdk1	False	True	376	81	402	0	False	0.9999998807907104	EXP|IBA|IDA|IEA|IMP|IPI|ISO|ISS|NAS|TAS
Cemip2	False	True	42	8	56	0	False	0.9999999403953552	EXP|IDA|IEA|IMP|ISO|ISS
Cenpf	False	True	122	29	123	2	False	1.0	IBA|IDA|IEA|ISO|ISS
Cer1	False	True	118	27	130	2	False	0.9999999403953552	IBA|IDA|IEA|IEP|IGI|IMP|IPI|ISO
Cfh	False	True	228	60	257	0	False	0.9999999403953552	HDA|IBA|IDA|IEA|IGI|IMP|IPI|ISO|ISS
Cited1	False	True	198	46	225	6	False	1.0	IBA|IDA|IEA|IEP|IMP|IPI|ISO|ISS
Ckmt2	False	True	30	10	43	0	False	0.9999999403953552	HDA|IBA|IEA|ISO|TAS
Cldn11	False	True	66	18	68	0	False	1.0	HDA|IBA|IDA|IEA|IMP|IPI|ISO|ISS|TAS
Cldn4	False	True	98	22	82	0	False	1.0	EXP|IBA|IDA|IEA|IMP|IPI|ISO|ISS|NAS
Cldn5	False	True	138	30	160	0	False	0.9999999403953552	IBA|IC|IDA|IEA|IMP|IPI|ISO|ISS
Clec14a	False	True	46	12	64	0	False	1.0	HDA|IBA|IEA|IMP|ISO
Clec1a	False	True	20	10	31	0	False	0.9999999403953552	IBA|IEA|IMP|ND
Clec3b	False	True	56	14	74	0	False	0.9999999403953552	IBA|IDA|IEA|IEP|IMP|IPI|ISO|ISS|TAS
Clmp	False	True	46	15	80	0	False	0.9999999403953552	IDA|IEA|IMP|ISO|ISS|ND
Cnmd	False	True	24	6	56	0	False	1.0	IBA|IDA|IEA|IMP|ISO
Col15a1	False	True	34	8	34	0	False	1.0	HDA|IBA|IDA|IEA|IPI|ISO|ISS|RCA|TAS
Col1a1	False	True	266	62	258	0	False	0.9999999403953552	HDA|IBA|IDA|IEA|IEP|IGI|IMP|IPI|ISO|NAS|RCA|TAS
Col1a2	False	True	122	27	110	0	False	0.9999999403953552	HDA|IBA|IDA|IEA|IMP|IPI|ISO|NAS|RCA
Col3a1	False	True	216	50	216	0	False	0.9999999403953552	HDA|IBA|IDA|IEA|IMP|IPI|ISO|NAS|RCA
Col5a1	False	True	152	26	102	0	False	0.9999999403953552	HDA|IBA|IDA|IEA|IGI|IMP|IPI|ISO|NAS|RCA|TAS
Col6a1	False	True	340	107	380	0	False	1.0	HDA|IBA|IDA|IEA|IGI|IMP|IPI|ISO|RCA|TAS
Colec10	False	True	58	15	90	0	False	0.9999999403953552	EXP|IBA|IDA|IEA|ISO|ISS|NAS
Cpa1	False	True	44	8	34	0	False	1.0	IBA|IEA|ISO|ISS
Cpne5	False	True	20	7	45	0	False	0.9999999403953552	EXP|IBA|IDA|IEA|ISO
Crabp1	False	True	20	8	34	0	False	1.0	IBA|IDA|IEA|ISO|TAS
Crabp2	False	True	56	13	116	0	False	1.0	IBA|IDA|IEA|IMP|ISO
Csf2rb	False	True	56	15	62	0	False	1.0	IBA|IDA|IEA|IGI|IPI|ISO
Csmd1	False	True	28	14	75	0	False	1.0	IEA|IGI|IMP|ND
Cspg4	False	True	70	22	130	0	False	0.9999999403953552	EXP|HDA|IBA|IDA|IEA|IGI|IMP|IPI|ISO
Csrp3	False	True	146	37	214	0	False	0.9999999403953552	EXP|IBA|IDA|IEA|IGI|IMP|IPI|ISO
Cthrc1	False	True	56	19	158	0	False	0.9999999403953552	HDA|IBA|IDA|IEA|IGI|IMP|IPI|ISO|TAS
Ctla2a	False	True	10	5	58	0	False	1.0	IDA|IEA|IMP
Ctnna3	False	True	72	15	65	0	False	0.9999999403953552	IBA|IDA|IEA|IPI|ISO|ISS|TAS
Ctsh	False	True	238	46	219	0	False	1.0	IBA|IDA|IEA|IGI|IMP|ISO|ISS
Cxcl1	False	True	50	13	94	0	False	0.9999999403953552	HDA|IDA|IEA|ISO
Cxcl12	False	True	171	57	349	0	False	1.0	IBA|IDA|IEA|IGI|IMP|ISO|ISS
Cxcl13	False	True	109	32	191	0	False	1.0	IBA|IDA|IEA|IMP|ISO|ISS
Cxcl17	False	True	98	17	128	0	False	1.0	IBA|IEA|IMP|ISO|ISS
Cyp1b1	False	True	220	54	238	2	False	1.0	EXP|IBA|IDA|IEA|IMP|ISO|ISS
Cyp26a1	False	True	72	18	121	0	False	1.0	IBA|IDA|IEA|IEP|IGI|IMP|ISO|ISS
Cytl1	False	True	22	9	92	0	False	1.0	IDA|IMP|ND
Cyyr1	False	True	12	4	5	0	False	1.0	IEA|ND
Daam1	False	True	42	16	53	0	False	1.0	EXP|IBA|IDA|IEA|IPI|ISO
Dach1	False	True	116	26	112	0	False	1.0	IBA|IDA|IEA|IGI|IMP|IPI|ISO
Depdc7	False	True	6	3	13	0	False	1.0	IEA|ND
Dgkb	False	True	108	24	111	0	False	0.9999999403953552	EXP|IBA|IDA|IEA|IEP|IMP|ISO|ISS
Dgkg	False	True	88	17	83	0	False	1.0	IBA|IEA|IMP|ISO|ISS
Diaph3	False	True	172	48	213	0	False	1.0	IBA|IDA|IEA|IMP|IPI|ISO
Dkk1	False	True	200	42	238	0	False	1.0	IBA|IDA|IEA|IGI|IMP|IPI|ISO|ISS|TAS
Dkk2	False	True	36	7	46	0	False	0.9999999403953552	IBA|IDA|IEA|IPI|ISO|ISS
Dlk1	False	True	70	26	115	0	False	1.0	IBA|IDA|IEA|IGI|IMP|IPI|ISO|ISS|TAS
Dll1	False	True	330	97	383	0	False	0.9999999403953552	EXP|IBA|IDA|IEA|IEP|IGI|IMP|IPI|ISO|ISS|NAS|TAS
Dlx2	False	True	128	33	161	0	False	0.9999999403953552	IBA|IDA|IEA|IGI|IMP|IPI|ISO
Dlx5	False	True	126	40	185	0	False	1.0	IBA|IDA|IEA|IGI|IMP|IPI|ISO|ISS|TAS
Dmrt2	False	True	44	14	73	0	False	1.0	EXP|IBA|IC|IDA|IEA|IGI|IMP|IPI|ISO
Dock2	False	True	70	28	149	0	False	1.0	IBA|IC|IDA|IEA|IMP|ISO|ISS
Dtx1	False	True	70	18	131	0	False	1.0	IBA|IDA|IEA|IEP|IMP|IPI|ISO|TAS
Dusp14	False	True	18	5	22	0	False	1.0	IEA|ISO|ISS
Ebf1	False	True	48	13	58	0	False	0.9999999403953552	EXP|IBA|IDA|IEA|IPI|ISO|TAS
Ebf2	False	True	58	17	75	0	False	1.0	IBA|IDA|IEA|IGI|IMP|IPI|TAS
Ebf3	False	True	36	11	51	0	False	1.0	IBA|IDA|IEA|IPI|ISO|ISS
Ecm1	False	True	72	21	132	0	False	1.0	HDA|IBA|IDA|IEA|IMP|IPI|ISO|ISS|RCA|TAS
Ecscr	False	True	34	7	55	0	False	0.9999999403953552	IBA|IDA|IEA|IMP|ISO
Edil3	False	True	14	5	28	0	False	1.0	IBA|IDA|IEA|TAS
Edn1	False	True	578	144	673	0	False	1.0	IBA|IDA|IEA|IGI|IMP|IPI|ISO|ISS|TAS
Ednrb	False	True	260	56	320	0	False	1.0	IBA|IDA|IEA|IGI|IMP|IPI|ISO|ISS
Efna5	False	True	150	33	219	0	False	1.0	IBA|IDA|IEA|IEP|IMP|IPI|ISO|ISS
Egfl7	False	True	36	12	63	0	False	1.0	HDA|IBA|IDA|IEA|IEP|IPI|ISO|NAS|TAS
Elavl3	False	True	16	5	13	0	False	1.0	IBA|IDA|IEA
Eln	False	True	54	17	94	0	False	0.9999999403953552	HDA|IDA|IEA|IMP|IPI|ISO|RCA|TAS
Emcn	False	True	28	7	35	0	False	1.0	IEA|IMP|ISA|ISS|TAS
Entpd1	False	True	180	35	163	0	False	1.0	IBA|IDA|IEA|IMP|ISO|ISS
Epha4	False	True	394	90	400	0	False	1.0	EXP|IBA|IDA|IEA|IEP|IGI|IMP|IPI|ISO|ISS|TAS
Erbb4	False	True	387	89	384	1	False	1.0	IBA|IDA|IEA|IGI|IMP|IPI|ISO|ISS
Ermap	False	True	28	9	57	0	False	1.0	IBA|IDA|IEA|ISO|ISS
Esam	False	True	70	14	60	0	False	0.9999999403953552	IBA|IDA|IEA|ISO|ISS|TAS
Etv2	False	True	66	24	123	0	False	1.0	IBA|IDA|IEA|IGI|IMP|ISO
Ezr	False	True	370	85	337	2	False	1.0	HDA|IBA|IDA|IEA|IGI|IMP|IPI|ISO|ISS|TAS
Fbln2	False	True	45	11	39	0	False	1.0	HDA|IBA|IDA|IEA|IPI|ISO|ISS|RCA|TAS
Fbln5	False	True	86	20	126	0	False	0.9999999403953552	HDA|IBA|IDA|IEA|IMP|IPI|ISO|ISS|RCA|TAS
Fbxl22	False	True	26	9	67	0	False	1.0	IBA|IEA|ISO
Fbxo32	False	True	76	17	130	0	False	1.0	EXP|IBA|IDA|IEA|IPI|ISO|ISS|TAS
Fezf1	False	True	58	21	128	0	False	1.0	IBA|IDA|IEA|IGI|IMP|ISO
Fgb	False	True	158	37	214	0	False	1.0	EXP|HDA|IBA|IDA|IEA|ISO|ISS|RCA|TAS
Fgf10	False	True	518	131	496	0	False	1.0	IBA|IDA|IEA|IGI|IMP|IPI|ISO|TAS
Fgf12	False	True	58	21	112	4	False	1.0	IBA|IEA|IGI|IPI|ISO|ISS
Fgf13	False	True	145	39	259	4	False	0.9999999403953552	EXP|IBA|IDA|IEA|IMP|IPI|ISO|ISS
Fgf14	False	True	40	17	98	4	False	1.0	IBA|IDA|IEA|IGI|ISO
Fgf8	False	True	286	80	368	0	False	1.0	IBA|IDA|IEA|IGI|IMP|ISO|TAS
Fmo2	False	True	46	13	83	0	False	1.0	IBA|IDA|IEA|IGI|ISO|ISS
Fmod	False	True	10	3	7	0	False	1.0000001192092896	IBA|IEA|ISO|TAS
Foxa2	False	True	312	72	281	0	False	1.0	IBA|IDA|IEA|IGI|IMP|IPI|ISO|TAS
Foxc1	False	True	318	78	326	0	False	1.0000001192092896	EXP|IBA|IDA|IEA|IGI|IMP|IPI|ISO|ISS
Foxc2	False	True	244	65	313	0	False	1.0	IBA|IC|IDA|IEA|IGI|IMP|ISO|ISS
Foxd1	False	True	78	28	184	0	False	1.0	IBA|IDA|IEA|IMP|ISO
Foxd2	False	True	38	12	56	0	False	1.0	IBA|IEA|ISO
Foxd3	False	True	60	24	108	0	False	1.0	IBA|IC|IDA|IEA|IEP|IMP|ISO|ISS|TAS
Foxf1	False	True	218	62	258	0	False	0.9999999403953552	IBA|IDA|IEA|IGI|IMP|ISO|TAS
Foxi2	False	True	24	9	44	0	False	1.0	IBA|IEA|ISS
Foxl2	False	True	140	34	185	0	False	0.9999999403953552	IBA|IDA|IEA|IGI|IMP|IPI|ISO|ISS|TAS
Foxp2	False	True	146	38	166	0	False	1.0	IBA|IDA|IEA|IGI|IMP|IPI|ISO|ISS
Frzb	False	True	74	22	102	0	False	1.0	HDA|IBA|IDA|IEA|IEP|IGI|IPI|ISO|NAS
Fst	False	True	74	23	148	0	False	0.9999999403953552	HDA|IBA|IDA|IEA|IGI|IMP|ISO|ISS
Fxyd5	False	True	38	10	46	0	False	1.0	EXP|IBA|IDA|IEA|ISO
Gal	False	True	108	26	169	0	False	0.9999999403953552	IBA|IDA|IEA|IMP|ISO|ISS
Galnt18	False	True	18	5	37	0	False	1.0	IBA|IEA|ISO
Gata1	False	True	371	66	274	0	False	1.0	IBA|IDA|IEA|IGI|IMP|IPI|ISO|ISS
Gata2	False	True	318	72	302	0	False	1.0	IBA|IDA|IEA|IGI|IMP|IPI|ISO|ISS|TAS
Gata4	True	True	560	106	402	0	False	1.0	IBA|IDA|IEA|IGI|IMP|IPI|ISO|ISS|NAS|TAS
Gata5	False	True	152	34	162	2	False	1.0	IBA|IDA|IEA|IMP|IPI|ISO
Gata6	True	True	374	79	324	0	False	0.9999999403953552	IBA|IDA|IEA|IGI|IMP|IPI|ISO|TAS
Gdf10	False	True	46	13	69	0	False	0.9999999403953552	EXP|IBA|IEA|IMP|ISO
Gfi1b	False	True	44	15	87	0	False	1.0	IBA|IDA|IEA|IMP|IPI|ISO
Ghrl	False	True	272	65	365	4	False	1.0	IBA|IDA|IEA|IGI|IMP|ISO|ISS|TAS
Gimap1	False	True	34	7	62	0	False	0.9999999403953552	EXP|IBA|IDA|IEA|IMP|ISO
Gja1	False	True	555	136	539	0	False	1.0	EXP|IBA|IDA|IEA|IGI|IMP|IPI|ISO|ISS|TAS
Gja4	False	True	28	9	44	0	False	1.0000001192092896	IBA|IEA|IMP|ISO
Gja5	False	True	283	68	220	0	False	0.9999999403953552	IBA|IDA|IEA|IGI|IMP|ISO
Gm13889	False	True	5	4	6	0	False	1.0	IEA|ISS|ND
Gm14226	False	True	0	0	0	0	True	0.0	
Gm15915	False	True	0	0	0	0	True	0.0	
Gngt2	False	True	20	8	58	0	False	1.0	IBA|IDA|IEA
Gpihbp1	False	True	100	27	122	2	False	1.0	EXP|IBA|IDA|IEA|IGI|IMP|IPI|ISO
Gpm6a	False	True	110	25	135	0	False	1.0	EXP|IBA|IDA|IEA|IEP|ISO|ISS
Gpx3	False	True	62	10	41	0	False	1.0	HDA|IBA|IDA|IEA|ISO|ISS
Gramd1b	False	True	62	12	66	0	False	1.0	IBA|IDA|IEA|IMP|ISO
Grem2	False	True	30	12	71	0	False	1.0	IBA|IDA|IEA|IMP|IPI
Gria1	False	True	408	101	301	0	False	1.0	EXP|IBA|IDA|IEA|IGI|IMP|IPI|ISO|ISS
Gxylt2	False	True	30	7	27	0	False	0.9999999403953552	IBA|IEA|ISO|ISS|ND
Gyg	False	True	0	0	0	0	True	0.0	
H19	False	True	0	0	0	0	True	0.0	
Hand1	False	True	194	47	180	0	False	1.0	IBA|IDA|IEA|IGI|IMP|IPI|ISO|NAS|TAS
Hand2	False	True	238	68	288	0	False	0.9999999403953552	IBA|IDA|IEA|IGI|IMP|IPI|ISO|ISS|TAS
Hcn4	False	True	156	36	147	0	False	1.0	EXP|IBA|IDA|IEA|IMP|IPI|ISO|ISS
Hemgn	False	True	40	14	91	0	False	1.0	IBA|IDA|IEA|IMP|ISO|ISS|ND
Hey2	False	True	314	85	314	0	False	1.0	IBA|IDA|IEA|IGI|IMP|IPI|ISO|ISS|TAS
Hhex	False	True	228	67	267	0	False	0.9999999403953552	EXP|IBA|IDA|IEA|IGI|IMP|IPI|ISO|ISS
Homer2	False	True	120	30	134	0	False	1.0	IBA|IDA|IEA|IMP|IPI|ISO|ISS|TAS
Hoxa1	False	True	212	43	185	0	False	0.9999999403953552	EXP|IBA|IDA|IEA|IEP|IGI|IMP|IPI|ISO|TAS
Hoxa10	False	True	158	26	115	0	False	1.0	IBA|IDA|IEA|IGI|ISO|ISS|TAS
Hoxa11	False	True	172	39	193	0	False	1.0	IBA|IDA|IEA|IGI|IMP|IPI|ISO|TAS
Hoxa3	False	True	134	23	101	0	False	0.9999999403953552	IBA|IDA|IEA|IGI|IMP|IPI|ISO|TAS
Hoxa7	False	True	100	24	152	0	False	1.0000001192092896	IBA|IDA|IEA|IGI|ISO
Hoxb1	False	True	118	23	103	0	False	0.9999999403953552	IBA|IDA|IEA|IGI|IMP|ISO|TAS
Hoxb9	False	True	302	21	109	0	False	1.0	IBA|IC|IDA|IEA|IGI|IMP|ISO
Hoxc8	False	True	54	14	77	0	False	1.0	IBA|IDA|IEA|IGI|IMP|ISO
Hoxc9	False	True	116	17	85	0	False	1.0	IBA|IEA|IGI|IMP|ISO
Hoxd1	False	True	46	13	65	0	False	1.0	IBA|IDA|IEA|IMP|ISO|TAS
Hoxd9	False	True	216	29	143	0	False	0.9999998807907104	IBA|IDA|IEA|IGI|IMP|ISO
Hpse2	False	True	20	6	29	0	False	1.0	IBA|IEA|IMP|ISO
Hs3st4	False	True	16	5	36	0	False	1.0000001192092896	IBA|IEA|IMP|ISO|ND
Htra1	False	True	64	18	85	0	False	1.0	HDA|IBA|IDA|IEA|IMP|IPI|ISO|ISS
Icam2	False	True	72	17	55	0	False	1.0000001192092896	IBA|IDA|IEA|IPI|ISO|ISS
Ifi203	False	True	20	6	49	0	False	1.0	IBA|IDA|IEA
Ifi204	False	True	78	20	118	0	False	1.0	EXP|IBA|IDA|IEA|IEP|IGI|IPI|ISO
Igfbpl1	False	True	26	9	42	0	False	1.0	IBA|IEA|ISO|TAS
Irx1	False	True	52	18	120	0	False	1.0	IBA|IEA|IEP|ISO|TAS
Irx3	False	True	76	29	163	0	False	1.0	IBA|IDA|IEA|IEP|IGI|IMP|ISO
Irx5	False	True	52	18	102	0	False	1.0	IBA|IEA|IGI|IMP|ISO
Isl1	False	True	384	93	411	0	False	0.9999999403953552	IBA|IDA|IEA|IGI|IMP|IPI|ISO|ISS|TAS
Itga4	False	True	158	54	224	0	False	0.9999999403953552	IBA|IDA|IEA|IMP|IPI|ISO|ISS|NAS|TAS
Itga8	False	True	94	32	164	0	False	0.9999998807907104	IBA|IDA|IEA|IGI|IMP|ISO|TAS
Itgbl1	False	True	20	10	44	0	False	0.9999999403953552	IBA|IEA
Itih5	False	True	24	11	45	0	False	1.0	HDA|IDA|IEA|IMP|ND
Itm2a	False	True	12	6	67	0	False	1.0	IBA|IEA|IMP
Kcna5	False	True	270	50	222	1	False	1.0	EXP|IBA|IC|IDA|IEA|IGI|IMP|IPI|ISO|ISS
Kcnab1	False	True	146	28	128	0	False	0.9999999403953552	IBA|IC|IEA|IMP|IPI|ISO|ISS
Kcnb2	False	True	92	20	85	0	False	0.9999999403953552	IBA|IEA|ISO|ISS
Kcnc2	False	True	232	42	152	0	False	1.0	EXP|IBA|IDA|IEA|IMP|IPI|ISO|ISS
Kcnd2	False	True	263	43	141	0	False	1.0	EXP|IBA|IDA|IEA|IMP|IPI|ISO|ISS|NAS
Kcnd3	False	True	152	40	152	0	False	0.9999999403953552	IBA|IDA|IEA|IMP|IPI|ISO|ISS|NAS
Kcnj3	False	True	84	18	85	0	False	0.9999999403953552	IBA|IDA|IEA|ISO|ISS|NAS|TAS
Kcnma1	False	True	280	62	261	2	False	1.0	IBA|IC|IDA|IEA|IGI|IMP|IPI|ISO|ISS|TAS
Kcnq5	False	True	70	16	68	0	False	0.9999999403953552	EXP|IBA|IDA|IEA|ISO|ISS
Kirrel3	False	True	68	21	98	0	False	1.0	IBA|IDA|IEA|IMP|IPI|ISO|NAS
Kitl	False	True	69	31	202	0	False	1.0000001192092896	IBA|IDA|IEA|IGI|IMP|IPI|ISO|ISS|TAS
Klf2	False	True	126	34	205	0	False	1.0	IBA|IDA|IEA|IGI|IMP|IPI|ISO|ISS
Klhl4	False	True	40	12	43	0	False	0.9999999403953552	IBA|IEA|ISO|ND
Lama2	False	True	114	27	114	0	False	1.0	HDA|IBA|IDA|IEA|IGI|IMP|IPI|ISO|NAS|RCA|TAS
Lefty1	False	True	42	15	115	0	False	1.0	IBA|IDA|IEA|IGI|IMP|IPI|TAS
Lefty2	False	True	20	6	46	0	False	1.0	IBA|IEA|TAS
Lgals1	False	True	96	27	185	2	False	0.9999999403953552	HDA|IBA|IDA|IEA|IPI|ISO|ISS|NAS|TAS
Lgr6	False	True	40	13	52	0	False	1.0	IBA|IEA|IMP|ISO|ND
Lhx1	False	True	244	84	303	0	False	1.0	IBA|IDA|IEA|IEP|IGI|IMP|IPI|ISO|TAS
Lhx5	False	True	50	19	104	0	False	1.0	IBA|IEA|IGI|IMP|ISO
Lmo1	False	True	24	6	62	2	False	1.0	IBA|IDA|IEA|IGI|IPI|ISO
Lmo2	False	True	76	14	79	0	False	1.0	IBA|IDA|IEA|IGI|IMP|IPI|ISO
Lmod1	False	True	48	14	109	0	False	1.0	IBA|IEA|ISO|ISS
Lox	False	True	204	43	176	0	False	1.0000001192092896	HDA|IBA|IDA|IEA|IGI|IMP|IPI|ISO|ISS|TAS
Lrrc4c	False	True	82	15	85	0	False	1.0	IBA|IDA|IEA|IEP|IMP|IPI|ISO|ISS
Lsamp	False	True	16	7	36	0	False	1.0	IBA|IEA|IMP|ISO
Ltbp2	False	True	32	8	31	0	False	0.9999998807907104	HDA|IBA|IEA|IMP|ISO|RCA|TAS
Lum	False	True	36	11	73	0	False	0.9999999403953552	HDA|IBA|IDA|IEA|IMP|ISO|RCA|TAS
Lyve1	False	True	60	12	56	0	False	1.0	EXP|IBA|IDA|IEA|ISO
Mab21l2	True	True	36	7	39	0	False	1.0	IDA|IEA|IMP|ISO|ISS
Magi1	False	True	66	17	68	0	False	0.9999999403953552	IBA|IDA|IEA|IMP|IPI|ISO
Map1b	False	True	236	62	268	0	False	1.0	EXP|IBA|IDA|IEA|IGI|IMP|IPI|ISO|ISS|TAS
Map3k7cl	False	True	6	3	3	0	False	1.0	ND
Mef2c	False	True	541	130	547	0	False	0.9999999403953552	IBA|IC|IDA|IEA|IEP|IGI|IMP|IPI|ISO|ISS|NAS|TAS
Meg3	False	True	0	0	0	0	True	0.0	
Meox1	False	True	68	18	87	0	False	1.0	IBA|IDA|IEA|IGI|IMP|IPI|ISO|ISS
Meox2	False	True	88	21	119	0	False	1.0	IBA|IEA|IGI|IMP|ISO|ISS
Mgll	False	True	100	24	120	0	False	1.0	IBA|IDA|IEA|IMP|ISO|TAS
Mid1	False	True	74	21	103	0	False	0.9999999403953552	IBA|IDA|IEA|IGI|IPI|ISO
Mmrn2	False	True	92	22	118	0	False	1.0	HDA|IBA|IDA|IEA|IMP|IPI|ISO|ISS|NAS|RCA|TAS
Mpped2	False	True	34	9	30	0	False	1.0	IBA|IEA|ISO|ISS|ND
Mpz	False	True	42	9	43	0	False	1.0	IBA|IEA|IMP|IPI|ISO|ISS
Msln	False	True	24	6	23	0	False	0.9999999403953552	HDA|IBA|IEA|IPI|ISO
Msx2	False	True	248	63	286	0	False	1.0	IBA|IDA|IEA|IGI|IMP|IPI|ISO|TAS
Mtus2	False	True	46	9	31	0	False	1.0	IBA|IEA|ISO|ISS
Muc16	False	True	12	5	44	0	False	1.0	IDA|IMP|ISO|ND
Mybphl	False	True	12	3	25	0	False	1.0	IDA|IEA|IMP|ISO
Myh11	False	True	74	22	129	0	False	0.9999999403953552	IBA|IDA|IEA|IMP|ISO|ISS
Myh3	False	True	48	14	84	0	False	1.0	IBA|IDA|IEA|ISO
Myh7	False	True	130	30	162	0	False	0.9999998807907104	IBA|IDA|IEA|ISO|ISS
Myh8	False	True	56	15	89	0	False	1.0000001192092896	IBA|IDA|IEA|IPI|ISO
Myl4	False	True	28	11	60	0	False	1.0000001192092896	IBA|IEA|ISO
Myl7	False	True	28	8	53	0	False	0.9999999403953552	IBA|IDA|IEA|IPI|ISO
Mylk	False	True	98	28	198	0	False	1.0	EXP|IBA|IDA|IEA|IMP|IPI|ISO|ISS
Mylk4	False	True	20	9	70	0	False	1.0	IBA|IEA
Myrf	False	True	110	22	123	0	False	1.0	EXP|IBA|IDA|IEA|IMP|IPI|ISO|NAS|TAS
Nav3	False	True	34	16	135	0	False	1.0	IBA|IDA|IEA|ISO
Nebl	False	True	28	8	78	0	False	1.0	IEA|ISO|ISS
Negr1	False	True	96	29	183	0	False	0.9999999403953552	IBA|IDA|IEA|IMP|ISO
Nfatc1	False	True	278	61	237	0	False	1.0	IBA|IDA|IEA|IGI|IMP|IPI|ISO|TAS
Ngfr	False	True	278	81	357	0	False	1.0	EXP|IBA|IDA|IEA|IEP|IMP|IPI|ISO|ISS|TAS
Nkain3	False	True	8	3	13	0	False	0.9999999403953552	IBA|IDA|IEA
Nkx1-2	False	True	24	9	50	0	False	1.0	EXP|IBA|IEA|IPI
Nkx3-1	False	True	276	65	281	0	False	1.0	IBA|IDA|IEA|IEP|IGI|IMP|IPI|ISO|ISS|TAS
Nlgn1	False	True	381	90	314	2	False	1.0	IBA|IC|IDA|IEA|IGI|IMP|IPI|ISO|ISS|NAS
Nodal	False	True	276	73	287	0	False	0.9999999403953552	IBA|IDA|IEA|IGI|IMP|IPI|ISO|TAS
Nos3	False	True	284	76	375	0	False	1.0	IBA|IC|IDA|IEA|IGI|IMP|IPI|ISO|ISS
Noto	False	True	62	18	111	0	False	1.0	IBA|IEA|IGI|IMP|ISO|TAS
Npm3	False	True	34	13	53	0	False	1.0	IBA|IDA|IEA|IPI|ISO|ISS
Nppa	False	True	200	46	329	0	False	0.9999999403953552	IBA|IDA|IEA|IMP|IPI|ISO|ISS
Nppb	False	True	89	29	157	0	False	0.9999999403953552	EXP|IBA|IDA|IEA|IPI|ISO|ISS
Npr3	False	True	86	32	146	0	False	1.0	IBA|IDA|IEA|IMP|ISO|ISS
Nr2f1	False	True	72	23	125	0	False	1.0	IBA|IDA|IEA|IGI|IMP|ISO
Nr2f2	False	True	160	39	213	0	False	0.9999999403953552	EXP|IBA|IDA|IEA|IEP|IMP|ISO|ISS
Nrg1	False	True	356	111	464	0	False	0.9999999403953552	EXP|IBA|IDA|IEA|IGI|IMP|IPI|ISO|ISS
Nrk	False	True	24	8	56	0	False	0.9999999403953552	IBA|IDA|IEA|IMP|ISA
Nrp2	False	True	138	36	195	0	False	1.0	IBA|IC|IDA|IEA|IEP|IGI|IMP|IPI|ISO|ISS|TAS
Nrxn3	False	True	164	32	117	0	False	0.9999999403953552	EXP|IBA|IDA|IEA|IEP|IGI|IMP|IPI|ISA|ISO|ISS
Ntf5	False	True	34	23	129	0	False	1.0000001192092896	IBA|IDA|IEA|IGI|IMP|ISO|ISS|TAS
Ntm	False	True	38	16	94	0	False	0.9999999403953552	IBA|IEA|ISO
Ntn1	False	True	150	35	201	0	False	0.9999999403953552	EXP|HDA|IBA|IDA|IEA|IGI|IMP|IPI|ISO|ISS|RCA|TAS
Ntrk3	False	True	196	52	306	0	False	1.0	IBA|IDA|IEA|IEP|IGI|IMP|IPI|ISO|ISS|TAS
Nxf3	False	True	46	13	69	0	False	1.0	IDA|IEA|IPI|ISO
Olfr558	False	True	0	0	0	0	True	0.0	
Olfr78	False	True	0	0	0	0	True	0.0	
Olfr872	False	True	0	0	0	0	True	0.0	
Osr1	False	True	176	60	297	0	False	1.0	IBA|IDA|IEA|IEP|IGI|IMP|IPI|ISO|ISS|TAS
Otx2	False	True	176	45	181	0	False	1.0	IBA|IC|IDA|IEA|IEP|IGI|IMP|IPI|ISO|ISS|TAS
Pam	False	True	130	35	130	0	False	0.9999999403953552	IBA|IDA|IEA|IMP|ISO|ISS|TAS
Pax3	False	True	152	36	162	0	False	0.9999999403953552	IBA|IDA|IEA|IGI|IMP|IPI|ISO|NAS|TAS
Pax6	False	True	555	120	379	0	False	1.0	EXP|IBA|IDA|IEA|IEP|IGI|IMP|IPI|ISO|ISS|TAS
Pcdh17	False	True	66	15	65	0	False	1.0	IBA|IDA|IEA|IEP|IMP
Pcdh19	False	True	22	6	19	0	False	1.0	IBA|IEA|ISS|TAS
Pcdh7	False	True	30	10	39	0	False	0.9999999403953552	IEA|IPI|ISO|ISS
Pcsk5	False	True	132	40	190	0	False	1.0	HDA|IBA|IDA|IEA|IMP|ISO|TAS
Pdcd4	False	True	96	20	191	0	False	0.9999999403953552	EXP|IBA|IEA|IMP|IPI|ISO|ISS
Pdgfb	False	True	334	100	477	2	False	1.0	IBA|IDA|IEA|IEP|IGI|IMP|ISO|ISS|NAS|TAS
Pdgfrb	False	True	346	88	415	2	False	1.0	IBA|IDA|IEA|IEP|IGI|IMP|IPI|ISO|ISS|TAS
Pdzrn4	False	True	2	1	1	0	False	0.9999999403953552	ND
Pecam1	False	True	230	61	271	0	False	1.0	IBA|IDA|IEA|IMP|IPI|ISO|TAS
Phactr1	False	True	58	18	102	0	False	1.0	IBA|IDA|IEA|IMP|ISO
Phlda2	False	True	26	11	48	0	False	1.0	IBA|IDA|IEA|IMP|TAS
Phox2b	False	True	146	45	177	0	False	0.9999999403953552	IBA|IDA|IEA|IEP|IGI|IMP|IPI|ISO
Pifo	False	True	0	0	0	0	True	0.0	
Pitx2	False	True	316	74	268	0	False	0.9999999403953552	EXP|IBA|IDA|IEA|IGI|IMP|IPI|ISO
Pkhd1l1	False	True	12	6	38	0	False	1.0000001192092896	IDA|IEA|IMP|ND
Plcb4	False	True	84	21	86	0	False	0.9999999403953552	IDA|IEA|IEP|IMP|IPI|ISO
Pln	False	True	206	45	220	0	False	1.0	EXP|IBA|IDA|IEA|IGI|IMP|IPI|ISO|ISS
Plp1	False	True	79	21	125	0	False	1.0	HDA|IBA|IDA|IEA|IGI|IMP|IPI|ISO|ISS|TAS
Plvap	False	True	34	10	62	0	False	0.9999998807907104	IBA|IEA|IMP|ISO|ISS
Plxnd1	False	True	114	29	150	0	False	1.0	IBA|IC|IDA|IEA|IGI|IMP|IPI|ISO|TAS
Pmp22	False	True	238	65	258	0	False	1.0	IBA|IDA|IEA|IEP|IGI|IMP|IPI|ISO|ISS
Pnliprp1	False	True	30	12	65	0	False	0.9999999403953552	IBA|IEA|ISO|ISS
Podxl	False	True	108	29	138	0	False	1.0	IBA|IDA|IEA|IMP|ISO|ISS
Postn	False	True	134	31	173	0	False	1.0	EXP|HDA|IBA|IDA|IEA|IMP|ISO|ISS|RCA|TAS
Pparg	False	True	593	137	520	0	False	1.0	EXP|IBA|IDA|IEA|IGI|IMP|IPI|ISO|ISS|NAS|TAS
Ppp1r1a	False	True	14	6	27	0	False	1.0	IBA|IEA|IPI|ISO
Prc1	False	True	70	21	86	0	False	1.0	IBA|IEA|ISO|ISS
Prdm6	False	True	38	10	76	0	False	1.0	IBA|IDA|IEA|IMP|IPI|ISO
Prkch	False	True	136	28	169	0	False	1.0	EXP|IBA|IDA|IEA|IMP|IPI|ISO|ISS
Prrx2	False	True	62	23	130	0	False	0.9999999403953552	IBA|IDA|IEA|IGI|IMP|IPI|ISO
Prss23	False	True	12	4	25	0	False	0.9999999403953552	HDA|IEA|ISO
Prss35	False	True	6	3	19	0	False	1.0	HDA|IEA
Ptgds	False	True	116	17	100	0	False	0.9999999403953552	EXP|IBA|IDA|IEA|IGI|IMP|ISO|ISS|TAS
Ptma	False	True	52	10	64	0	False	0.9999998807907104	IBA|IDA|IEA|IMP|ISO|ISS
Ptn	False	True	256	75	329	0	False	1.0	IBA|IDA|IEA|IMP|ISO|ISS|TAS
Ptprz1	False	True	146	45	218	0	False	1.0	EXP|IBA|IDA|IEA|IMP|IPI|ISO|ISS
Pum3	False	True	40	8	42	0	False	0.9999999403953552	IBA|IEA|ISO|ISS
Pvalb	False	True	48	14	58	0	False	1.0	IBA|IDA|IEA|IMP|ISO|ISS|TAS
Ramp2	False	True	142	35	177	0	False	1.0	IBA|IDA|IEA|IMP|IPI|ISO|ISS|NAS
Rapgef4	False	True	146	47	191	0	False	1.0	IBA|IDA|IEA|IGI|IMP|IPI|ISO
Rasip1	False	True	66	19	109	0	False	1.0	IBA|IEA|IMP|IPI|ISO
Rbfox1	False	True	64	15	65	0	False	0.9999999403953552	IBA|IDA|IEA|IGI|IMP|ISO|TAS
Rbm24	False	True	132	25	122	0	False	1.0000001192092896	IBA|IDA|IEA|IMP|ISO|ISS
Rbp7	False	True	14	7	33	0	False	0.9999999403953552	IBA|IDA|IEA
Rdx	False	True	252	46	209	0	False	0.9999999403953552	HDA|IBA|IDA|IEA|IMP|IPI|ISO|TAS
Reln	False	True	270	72	328	0	False	1.0000001192092896	HDA|IBA|IDA|IEA|IEP|IGI|IMP|IPI|ISO|NAS|RCA|TAS
Rgcc	False	True	170	38	236	0	False	0.9999999403953552	IBA|IEA|IMP|IPI|ISO
Rgs3	False	True	38	5	31	0	False	1.0	EXP|IBA|IDA|IEA|ISO|TAS
Rgs5	False	True	32	8	48	0	False	1.0	IBA|IEA|ISO|ISS|TAS
Rgs6	False	True	70	16	66	0	False	1.0	EXP|IBA|IEA|IPI|ISO|ISS|TAS
Robo2	False	True	94	27	189	0	False	1.0	IDA|IEA|IEP|IGI|IMP|ISO|ISS|TAS
Rps6ka2	False	True	110	29	170	0	False	1.0	IBA|IDA|IEA|IMP|IPI|ISO|ISS|TAS
Rspo1	False	True	64	17	99	0	False	1.0	EXP|IBA|IDA|IEA|IMP|IPI|ISO|ISS|TAS
Rspo3	False	True	50	14	80	0	False	1.0	IBA|IDA|IEA|IMP|IPI|ISO|ISS|TAS
Runx1	False	True	224	67	310	0	False	1.0	IBA|IDA|IEA|IMP|IPI|ISO|ISS|TAS
Ryr3	False	True	98	25	145	0	False	1.0	EXP|IBA|IDA|IEA|IMP|ISO|ISS
S100a10	False	True	92	27	181	0	False	1.0	EXP|HDA|IBA|IDA|IEA|IPI|ISO|NAS
Sbk2	False	True	12	6	40	0	False	1.0	IBA|IEA
Scn3a	False	True	82	22	83	0	False	0.9999999403953552	EXP|IBA|IDA|IEA|IMP|ISO|ISS|TAS
Scn5a	False	True	404	77	231	0	False	1.0	EXP|IBA|IC|IDA|IEA|IMP|IPI|ISO|ISS
Selenop	False	True	52	9	32	0	False	1.0	EXP|IBA|IDA|IEA|IMP|IPI|ISO|TAS
Sema3a	False	True	204	51	264	0	False	0.9999999403953552	HDA|IBA|IDA|IEA|IGI|IMP|IPI|ISO|ISS|TAS
Serpina1b	False	True	54	16	90	0	False	1.0	IBA|IDA|IEA|IMP|IPI|ISO
Sfn	False	True	168	41	213	0	False	0.9999999403953552	IBA|IDA|IEA|IGI|IMP|IPI|ISO|ISS|TAS
Sfrp1	False	True	366	93	429	0	False	0.9999999403953552	HDA|IBA|IDA|IEA|IEP|IGI|IMP|IPI|ISO
Sfrp5	False	True	64	17	114	0	False	0.9999999403953552	IBA|IEA|IGI|ISO
Shisa3	False	True	6	2	34	0	False	1.0	IDA|IEA|ISS
Shisa6	False	True	48	15	110	0	False	1.0	IBA|IDA|IEA|IEP|IMP|IPI
Shox2	False	True	88	36	200	0	False	1.0	IBA|IC|IDA|IEA|IMP
Six1	False	True	312	83	333	0	False	1.0	IBA|IDA|IEA|IGI|IMP|IPI|ISO|ISS|TAS
Slc16a2	False	True	102	16	69	0	False	0.9999999403953552	EXP|IBA|IDA|IEA|IGI|IMP|ISO|ISS
Slc22a1	False	True	322	50	165	0	False	1.0	IBA|IDA|IEA|IMP|ISO|ISS|NAS
Slc2a1	False	True	270	50	187	0	False	1.0000001192092896	EXP|IBA|IDA|IEA|IPI|ISO|ISS
Slc39a4	False	True	104	23	97	0	False	1.0	EXP|IBA|IDA|IEA|ISO|ISS
Slc4a10	False	True	158	41	149	0	False	1.0	EXP|IBA|IDA|IEA|IMP|ISA|ISO|ISS
Slc7a3	False	True	76	18	52	0	False	0.9999999403953552	IBA|IDA|IEA|ISO|ISS
Slco2a1	False	True	44	13	42	0	False	1.0	IBA|IC|IDA|IEA|ISO|ISS
Slit2	False	True	326	86	427	0	False	1.0	HDA|IBA|IDA|IEA|IGI|IMP|IPI|ISO|RCA|TAS
Slit3	False	True	94	24	171	0	False	0.9999998807907104	HDA|IBA|IDA|IEA|IGI|IMP|ISO|TAS
Sln	False	True	36	12	73	0	False	0.9999999403953552	IDA|IEA|IMP|IPI|ISO|ISS
Smoc1	False	True	44	12	55	0	False	0.9999999403953552	IBA|IDA|IEA|IMP|ISO|TAS
Smoc2	False	True	62	21	103	0	False	0.9999999403953552	IBA|IDA|IEA|ISO|TAS
Sncaip	False	True	28	8	51	0	False	0.9999999403953552	IBA|ISO|ISS
Sorbs2	False	True	56	19	120	0	False	1.0	IBA|IDA|IEA|IGI|IPI|ISO
Sorcs1	False	True	16	5	36	0	False	0.9999999403953552	IBA|IEA|IPI|ISO
Sost	False	True	76	17	90	0	False	1.0	IBA|IDA|IEA|IGI|IMP|IPI|ISO
Sox10	False	True	246	49	243	0	False	1.0	EXP|IBA|IDA|IEA|IGI|IMP|IPI|ISO|ISS|TAS
Sox17	False	True	252	63	228	0	False	0.9999999403953552	EXP|IBA|IDA|IEA|IGI|IMP|IPI|ISO|TAS
Sox2	False	True	402	78	300	0	False	0.9999998807907104	EXP|IBA|IC|IDA|IEA|IGI|IMP|IPI|ISO|TAS
Sox6	False	True	170	47	177	0	False	0.9999999403953552	EXP|IBA|IC|IDA|IEA|IGI|IMP|IPI|ISO|ISS
Spats2	False	True	14	4	7	0	False	0.9999999403953552	IBA|IDA|IEA|ISO|ND
Spi1	False	True	382	73	375	0	False	0.9999999403953552	IBA|IC|IDA|IEA|IEP|IGI|IMP|IPI|ISO|ISS|TAS
Spin2c	False	True	28	7	44	0	False	1.0	IBA|IEA|ISO|ISS
Sptbn1	False	True	182	39	162	0	False	0.9999999403953552	EXP|IBA|IDA|IEA|IMP|IPI|ISO|ISS|TAS
Stac	False	True	40	14	75	0	False	1.0	EXP|IBA|IDA|IEA|IMP|IPI
Stard10	False	True	34	9	53	0	False	1.0	IBA|IDA|IEA|IMP|ISO
Stard8	False	True	12	6	39	0	False	0.9999999403953552	IBA|IEA
Steap4	False	True	86	18	100	0	False	0.9999999403953552	EXP|IBA|IDA|IEA|IEP|ISO|TAS
Stmn2	False	True	106	23	120	0	False	0.9999999403953552	IBA|IDA|IEA|IPI|ISO|ISS
Svep1	False	True	130	25	100	0	False	0.9999999403953552	HDA|IBA|IDA|IEA|IMP|IPI|ISO|ISS|TAS
Syt1	False	True	408	84	270	0	False	1.0	IBA|IDA|IEA|IEP|IMP|IPI|ISO|ISS|TAS
Tacstd2	False	True	54	18	126	0	False	1.0	IBA|IDA|IEA|IEP|ISO
Tal1	False	True	330	49	195	0	False	0.9999999403953552	IBA|IDA|IEA|IGI|IMP|IPI|ISO|ISS|TAS
Tbx1	False	True	396	86	343	0	False	0.9999998807907104	IBA|IDA|IEA|IEP|IGI|IMP|IPI|ISO|ISS|TAS
Tbx18	False	True	104	36	192	0	False	1.0	IBA|IDA|IEA|IGI|IMP|IPI|ISO
Tbx2	False	True	254	61	287	0	False	1.0	EXP|IBA|IDA|IEA|IGI|IMP|IPI|ISO|ISS
Tbx3	False	True	312	71	284	0	False	1.0	IBA|IDA|IEA|IGI|IMP|IPI|ISO|ISS
Tbx4	False	True	64	19	95	0	False	0.9999999403953552	IBA|IDA|IEA|IMP|IPI|ISO|ISS
Tbx5	False	True	312	56	233	0	False	1.0	IBA|IDA|IEA|IGI|IMP|IPI|ISO|ISS|TAS
Tbx6	False	True	106	25	136	0	False	1.0	IBA|IC|IDA|IEA|IGI|IMP|IPI|ISO|ISS|TAS
Tc2n	False	True	8	1	8	0	False	0.9999999403953552	IBA|IDA|IEA
Tcap	False	True	140	31	158	0	False	1.0	IBA|IDA|IEA|IEP|IPI|ISO
Tcf15	False	True	76	31	148	0	False	1.0000001192092896	IBA|IDA|IEA|IMP|IPI|ISO
Tcf21	False	True	134	45	208	0	False	1.0	IBA|IC|IDA|IEA|IGI|IMP|IPI|ISO|ISS
Tdo2	False	True	106	13	68	0	False	0.9999999403953552	IBA|IDA|IEA|IMP|ISO|ISS
Tdrd12	False	True	42	14	120	0	False	1.0	IBA|IDA|IEA|IMP|TAS
Tenm3	False	True	63	18	93	2	False	0.9999999403953552	IBA|IDA|IEA|IMP|IPI|ISO|ISS
Tfap2a	False	True	284	76	292	0	False	0.9999999403953552	IBA|IDA|IEA|IEP|IGI|IMP|IPI|ISO|ISS|TAS
Tfap2b	False	True	182	45	176	0	False	1.0	IBA|IDA|IEA|IEP|IGI|IMP|IPI|ISO|ISS
Tfap2c	False	True	150	35	178	0	False	0.9999999403953552	IBA|IDA|IEA|IGI|IMP|IPI|ISO|ISS
Tgfb2	False	True	576	142	587	0	False	1.0	HDA|IBA|IDA|IEA|IEP|IGI|IMP|IPI|ISO|ISS|NAS|TAS
Thsd4	False	True	42	11	32	0	False	1.0	EXP|IBA|IDA|IEA|IPI|ISO|ISS|TAS
Timp4	False	True	22	9	68	0	False	1.0	IBA|IDA|IEA|ISO|ISS
Tlx1	False	True	38	16	68	0	False	1.0	IBA|IDA|IEA|IGI|IMP|IPI|TAS
Tmem108	False	True	90	21	154	0	False	1.0000001192092896	EXP|IBA|IDA|IEA|IEP|IMP|IPI
Tmem158	False	True	14	6	8	0	False	0.9999999403953552	IBA|IEA|IPI|ISO|ND
Tmem163	False	True	80	14	89	0	False	0.9999999403953552	EXP|IBA|IDA|IEA|IPI|ISO|ISS
Tmem255a	False	True	8	4	12	0	False	0.9999998807907104	IEA|IEP|ND
Tmsb4x	False	True	88	23	171	0	False	1.0	IBA|IDA|IEA|IPI|ISO|ISS|TAS
Tnc	False	True	118	29	142	0	False	0.9999998807907104	EXP|HDA|IBA|IDA|IEA|IMP|IPI|ISO|ISS|NAS|RCA|TAS
Tnn	False	True	80	25	126	0	False	1.0	IBA|IDA|IEA|IPI|ISO
Tnxb	False	True	48	19	82	4	False	1.0	IBA|IDA|IEA|IMP|ISO
Top2a	False	True	230	44	182	0	False	1.0	IBA|IDA|IEA|IGI|IMP|IPI|ISO|ISS|TAS
Trh	False	True	66	17	134	0	False	0.9999999403953552	IBA|IEA|IGI|IPI|ISO
Trp63	False	True	181	90	300	0	False	1.0	IBA|IDA|IEA|IGI|IMP|IPI|ISO|ISS|TAS
Trpc3	False	True	72	15	118	0	False	1.0	IBA|IEA|IPI|ISO|ISS|TAS
Trpc6	False	True	106	26	160	0	False	1.0	IBA|IDA|IEA|IPI|ISA|ISO|ISS
Trps1	False	True	74	21	125	0	False	0.9999998807907104	IBA|IDA|IEA|IGI|IMP|IPI|ISO|ISS
Tspan32	False	True	36	17	81	0	False	1.0	IBA|IDA|IEA|IGI|IMP|ND
Ttn	False	True	190	63	240	0	False	1.0	IBA|IDA|IEA|IEP|IMP|IPI|ISO|ISS|TAS
Twist1	False	True	298	71	318	0	False	0.9999998807907104	IBA|IDA|IEA|IGI|IMP|IPI|ISO|TAS
Upk1b	False	True	18	6	28	0	False	1.0	IBA|IDA|IEA|IEP|ISO
Upk3b	False	True	8	4	30	0	False	0.9999999403953552	IBA|IEA|IMP|ISO
Upp1	False	True	104	21	122	4	False	1.0	EXP|IBA|IDA|IEA|IMP|ISO|ISS
Uts2b	False	True	16	4	21	0	False	0.9999999403953552	IBA|IEA|ISO
Vamp8	False	True	196	50	234	0	False	1.0	EXP|HDA|IBA|IDA|IEA|IMP|IPI|ISO|ISS|TAS
Vcan	False	True	58	21	82	0	False	0.9999999403953552	HDA|IBA|IDA|IEA|IEP|IMP|IPI|ISO|ISS|RCA|TAS
Vegfc	False	True	147	37	210	0	False	1.0	HDA|IBA|IDA|IEA|IEP|IGI|IMP|IPI|ISO
Vsnl1	False	True	16	7	72	0	False	1.0000001192092896	IBA|IDA|IEA|IMP
Vwf	False	True	138	27	115	2	False	0.9999999403953552	HDA|IBA|IDA|IEA|IMP|IPI|ISO|ISS|RCA|TAS
Wif1	False	True	16	6	33	0	False	1.0	IBA|IDA|IEA|ISO|TAS
Wipf3	False	True	36	13	58	0	False	1.0	EXP|IBA|IDA|IEA|IMP|ISO
Wnt2	False	True	114	30	173	0	False	1.0	IBA|IDA|IEA|IGI|IMP|ISO|ISS
Wnt3a	False	True	450	94	487	0	False	1.0	EXP|IBA|IC|IDA|IEA|IGI|IMP|IPI|ISO|NAS|TAS
Wnt5a	False	True	702	178	740	2	False	1.0	EXP|IBA|IDA|IEA|IGI|IMP|IPI|ISO|TAS
Wnt6	False	True	74	23	130	0	False	1.0	IBA|IDA|IEA|IGI|ISO|TAS
Wt1	False	True	318	81	341	0	False	0.9999999403953552	EXP|IBA|IDA|IEA|IEP|IGI|IMP|IPI|ISO|ISS|TAS
Zeb1	False	True	154	35	167	0	False	0.9999998807907104	IBA|IDA|IEA|IGI|IMP|IPI|ISO|ISS
Zeb2	False	True	136	48	330	0	False	1.0	IBA|IC|IDA|IEA|IGI|IMP|ISO|ISS|TAS
Zfp503	False	True	8	6	45	0	False	0.9999999403953552	IBA|IEA|IMP|ISO
Arid2	False	True	92	34	196	0	False	1.0	IBA|IEA|IMP|ISO|NAS
Brd7	False	True	128	31	181	0	False	0.9999999403953552	IBA|IDA|IEA|IPI|ISO|ISS|NAS
Brd9	False	True	46	14	82	0	False	1.0	IBA|IDA|IEA|ISO|ISS|NAS
Chd4	False	True	182	35	164	0	False	1.0	IBA|IDA|IEA|IPI|ISO|ISS|NAS|TAS
Dmap1	False	True	102	24	141	0	False	0.9999999403953552	IBA|IDA|IEA|IPI|ISO|ISS|NAS
Egr2	False	True	186	42	225	0	False	0.9999998807907104	IBA|IC|IDA|IEA|IGI|IMP|IPI|ISO|ISS|TAS
Hcfc1	False	True	108	34	166	0	False	1.0	HDA|IBA|IDA|IEA|IMP|IPI|ISO|ISS|NAS|TAS
Ino80	False	True	172	42	198	0	False	0.9999999403953552	IBA|IDA|IEA|IMP|ISO|ISS
Kansl1	False	True	66	14	101	0	False	1.0	IBA|IDA|IEA|ISO|ISS|NAS
Kat5	False	True	448	94	470	0	False	1.0	EXP|IBA|IDA|IEA|IGI|IMP|IPI|ISO|ISS|NAS|TAS
Kat8	False	True	276	51	203	0	False	1.0	EXP|IBA|IDA|IEA|IMP|IPI|ISO|ISS|NAS
Kmt2a	True	True	234	45	225	0	False	1.0	IBA|IDA|IEA|IGI|IMP|IPI|ISO|ISS|TAS
Paxip1	False	True	140	20	160	0	False	1.0	EXP|IBA|IDA|IEA|IMP|IPI|ISO|ISS|TAS
Pbrm1	False	True	90	31	182	0	False	0.9999999403953552	IBA|IC|IDA|IEA|IMP|IPI|ISO|ISS|NAS|TAS
Rest	False	True	335	59	311	0	False	1.0	EXP|IBA|IDA|IEA|IGI|IMP|IPI|ISO|ISS
Rnf40	False	True	80	21	116	0	False	0.9999998807907104	IBA|IEA|IPI|ISO|ISS
Setd1b	False	True	76	12	54	0	False	0.9999999403953552	IBA|IDA|IEA|ISO|ISS
Setdb1	False	True	154	29	131	0	False	1.0	EXP|IBA|IDA|IEA|IMP|IPI|ISO|ISS
Smarca4	False	True	532	107	447	2	False	1.0	IBA|IDA|IEA|IGI|IMP|IPI|ISO|ISS|NAS|TAS
Smarcd1	False	True	144	33	181	0	False	1.0	IBA|IDA|IEA|IPI|ISO|NAS|TAS
Srcap	False	True	60	20	104	0	False	1.0000001192092896	IBA|IEA|ISO|NAS
Tfpt	False	True	88	22	118	0	False	1.0	IBA|IDA|IEA|IMP|ISO|ISS
Wdr82	False	True	104	19	106	0	False	1.0	EXP|IBA|IDA|IEA|IPI|ISO|ISS
Yeats4	False	True	72	18	97	0	False	1.0	IBA|IDA|IEA|IMP|IPI|ISO|ISS|NAS
Yy1	False	True	311	67	272	0	False	1.0	EXP|IBA|IDA|IEA|IGI|IMP|IPI|ISO|TAS
Znhit1	False	True	70	23	164	0	False	1.0	EXP|IBA|IDA|IEA|IMP|IPI|ISO|ISS|NAS
Dnmt3a	True	False	265	54	189	0	False	0.9999999403953552	EXP|IBA|IDA|IEA|IGI|IMP|IPI|ISO|ISS|TAS
Kdm2b	True	False	118	33	183	0	False	1.0	IBA|IDA|IEA|IMP|IPI|ISO|ISS|TAS
