# DELETION_MANIFEST — local-only deletions (gitignored paths). Each row: date, path, bytes, sha_or_note, reason, reversible_via.
# Nothing here touches scored artifacts (submissions/scored, submissions/candidates registered copies), INDEX.tsv, or git history.
date	path	bytes	sha_or_note	reason	reversible_via
2026-09-20	artifacts/g0/G1-T1-D3-FLOW-20260917-v1/candidates/T1_val/v0022_g0_t1_d3_otcfm/submission.h5ad	662571414	269dbfd64f97aadec1cf309dcb1ae89c61b2b9a2c89fa0c78d3d9292823cd687	run-dir copy bitwise-identical to registered submissions copy	submissions/candidates/T1_val/v0022_g0_t1_d3_otcfm/submission.h5ad
2026-09-20	artifacts/g0/G1-T1-R1-NEURAL-ODE-20260916-v1/candidates/T1_val/v0015_g0_t1_r1_neural_ode/submission.h5ad	662571414	a2ca6bd555e3e01b16026c15144063d733916b6204180aec163c1edc894d4273	run-dir copy bitwise-identical to registered submissions copy	submissions/candidates/T1_val/v0015_g0_t1_r1_neural_ode/submission.h5ad
2026-09-20	artifacts/g0/G1-T1-R2-SUBSTATE-20260916-v1/candidates/T1_val/v0016_g0_t1_r2_substate/submission.h5ad	662571414	889f87bbf2f3c327d304856532ea6902569f6a13f874319e589fef216126d2c1	run-dir copy bitwise-identical to registered submissions copy	submissions/candidates/T1_val/v0016_g0_t1_r2_substate/submission.h5ad
2026-09-20	artifacts/g0/G1-T1-R3-MATURITY-20260916-v1/candidates/T1_val/v0017_g0_t1_r3_maturity/submission.h5ad	662571414	594db45fc5be4a024e3ab0842b7e90461d42a8adda1d9f5d8292b899b774c1fb	run-dir copy bitwise-identical to registered submissions copy	submissions/candidates/T1_val/v0017_g0_t1_r3_maturity/submission.h5ad
2026-09-20	artifacts/g0/G1-T1-R4-SHRINK-20260916-v1/candidates/T1_val/v0018_g0_t1_r4_shrink/submission.h5ad	662571414	8dbcabcc096082aaec75fbd54a797628f1eda49edf2c527d643fb94de050cc6d	run-dir copy bitwise-identical to registered submissions copy	submissions/candidates/T1_val/v0018_g0_t1_r4_shrink/submission.h5ad
2026-09-20	artifacts/g0/G1-T1-R5-SHRINKSWEEP-20260916-v1/candidates/T1_val/v0019_g0_t1_r5_c1/submission.h5ad	662571414	617cdd3db1362054856333e935c9ea77d813a4d3ec786ef2f4ffda844a115c7e	run-dir copy bitwise-identical to registered submissions copy	submissions/candidates/T1_val/v0019_g0_t1_r5_c1/submission.h5ad
2026-09-20	artifacts/g0/G1-T1-R5-SHRINKSWEEP-20260916-v1/candidates/T1_val/v0020_g0_t1_r5_c2/submission.h5ad	662571414	6ec62b099fc0802b8cddc127423bda825101e2560ec1dba530bc3f865c0ab07f	run-dir copy bitwise-identical to registered submissions copy	submissions/candidates/T1_val/v0020_g0_t1_r5_c2/submission.h5ad
2026-09-20	artifacts/g0/G1-T1-R5-SHRINKSWEEP-20260916-v1/candidates/T1_val/v0021_g0_t1_r5_c4/submission.h5ad	662571414	ab44c7036088141c24cd5cb523537e2c9d9a04fda1d43a64e588116b23df0698	run-dir copy bitwise-identical to registered submissions copy	submissions/candidates/T1_val/v0021_g0_t1_r5_c4/submission.h5ad
2026-09-20	artifacts/g0/G1-T2-R2-SHRINK-20260916-v1/candidates/T2_heart_val_extrap/v0011_g0_t2_r2_shrink/submission.h5ad	119200102	38edc52e3a9af7cdf87085c0f87d12d630dcfec8d5bb55735b383e62017d44e9	run-dir copy bitwise-identical to registered submissions copy	submissions/candidates/T2_heart_val_extrap/v0011_g0_t2_r2_shrink/submission.h5ad
2026-09-20	artifacts/g0/G1-T2-R3-SPATIAL-20260916-v1/candidates/T2_heart_val_extrap/v0012_g0_t2_r3_spatial/submission.h5ad	119200102	4456cc7568a237093d9e944f36a5877d4d0bb465342f40df7ee50c04b0c00873	run-dir copy bitwise-identical to registered submissions copy	submissions/candidates/T2_heart_val_extrap/v0012_g0_t2_r3_spatial/submission.h5ad
2026-09-20	artifacts/g0/G1-T2-R4-KSWEEP-20260916-v1/candidates/T2_heart_val_extrap/v0013_g0_t2_r4_k07/submission.h5ad	119200102	451837a8d9b69f2cf87c1147e2401866baad1165fe837bc9cbc09516d8f6cd0b	run-dir copy bitwise-identical to registered submissions copy	submissions/candidates/T2_heart_val_extrap/v0013_g0_t2_r4_k07/submission.h5ad
2026-09-20	artifacts/g0/G1-T2-R4-KSWEEP-20260916-v1/candidates/T2_heart_val_extrap/v0014_g0_t2_r4_k15/submission.h5ad	119200102	d7583979c33ca686143a270e7f195e3daf4dfe9f7e459db658c7735b804cec99	run-dir copy bitwise-identical to registered submissions copy	submissions/candidates/T2_heart_val_extrap/v0014_g0_t2_r4_k15/submission.h5ad
2026-09-20	artifacts/g0/G1-T2-R4-KSWEEP-20260916-v1/candidates/T2_heart_val_extrap/v0015_g0_t2_r4_k30/submission.h5ad	119200102	04e360c51dbf01295a9c2a6eaf22061d68bea9a7f1118260ccfb1256f6c134fa	run-dir copy bitwise-identical to registered submissions copy	submissions/candidates/T2_heart_val_extrap/v0015_g0_t2_r4_k30/submission.h5ad
2026-09-20	artifacts/g0/G1-T2-R5-K60-20260916-v1/candidates/T2_heart_val_extrap/v0016_g0_t2_r5_k60/submission.h5ad	119200102	1f02c2f2605217644852443baab7d04222c3490cb5f248223bad4bf4f087026d	run-dir copy bitwise-identical to registered submissions copy	submissions/candidates/T2_heart_val_extrap/v0016_g0_t2_r5_k60/submission.h5ad
2026-09-20	artifacts/g0/G1-T3-R10-GRAPH-20260917-v1/candidates/T3_gata4/v0022_g0_t3_r10_graph/submission.h5ad	36677126	5423dc569723ef87c1af4d06d7826df2708e45f87bb1dbc491a96116735821d6	run-dir copy bitwise-identical to registered submissions copy	submissions/candidates/T3_gata4/v0022_g0_t3_r10_graph/submission.h5ad
2026-09-20	artifacts/g0/G1-T3-R11-SIGNMAX-20260917-v1/candidates/T3_gata4/v0023_g0_t3_r11_signmax/submission.h5ad	36677126	22340b14d9139c1dff044371043170398358f3d995784aea8f543ed5374bfbc4	run-dir copy bitwise-identical to registered submissions copy	submissions/candidates/T3_gata4/v0023_g0_t3_r11_signmax/submission.h5ad
2026-09-20	artifacts/g0/G1-T3-R12-DEBIAS-20260917-v1/candidates/T3_gata4/v0024_g0_t3_r12_debias/submission.h5ad	36677126	b1a3c01d9379624dd67a1fb06fd244c5e2039061bed34c281fa7b2efbfbb46d3	run-dir copy bitwise-identical to registered submissions copy	submissions/candidates/T3_gata4/v0024_g0_t3_r12_debias/submission.h5ad
2026-09-20	artifacts/g0/G1-T3-R13-SPATIAL-20260917-v1/candidates/T3_gata4/v0025_g0_t3_r13_spatial/submission.h5ad	36677126	4f64ce1e19e8507cf691f5024cbb86ec9a03f4117b27f3984a62655a8b62a93c	run-dir copy bitwise-identical to registered submissions copy	submissions/candidates/T3_gata4/v0025_g0_t3_r13_spatial/submission.h5ad
2026-09-20	artifacts/g0/G1-T3-R1-DIRECTPROP-20260916-v1/candidates/T3_gata4/v0013_g0_t3_r1_directprop/submission.h5ad	36677126	b8467cc07880f7f5ca73986738cd99cd26dfd502acecfcf21b0e6ff89b36e789	run-dir copy bitwise-identical to registered submissions copy	submissions/candidates/T3_gata4/v0013_g0_t3_r1_directprop/submission.h5ad
2026-09-20	artifacts/g0/G1-T3-R2-GRADEDDOSE-20260916-v1/candidates/T3_gata4/v0014_g0_t3_r2_gradeddose/submission.h5ad	36677126	b3406e154e7bb6e791dddc8f815967bab9eede705c408fcd942eebd030ced552	run-dir copy bitwise-identical to registered submissions copy	submissions/candidates/T3_gata4/v0014_g0_t3_r2_gradeddose/submission.h5ad
2026-09-20	artifacts/g0/G1-T3-R3-LINEAGEDOSE-20260916-v1/candidates/T3_gata4/v0015_g0_t3_r3_lineagedose/submission.h5ad	36677126	86c12e4901e8ff14dc98d74ab257f07d050adf033d77f2d3cc37e44833ddafa3	run-dir copy bitwise-identical to registered submissions copy	submissions/candidates/T3_gata4/v0015_g0_t3_r3_lineagedose/submission.h5ad
2026-09-20	artifacts/g0/G1-T3-R4-COMBO-20260916-v1/candidates/T3_gata4/v0016_g0_t3_r4_combo/submission.h5ad	36677126	28caf0e473e4b72aba6ecc0ea1f2b7a3d6394eed8a7a6ce21b84df5fe66d9846	run-dir copy bitwise-identical to registered submissions copy	submissions/candidates/T3_gata4/v0016_g0_t3_r4_combo/submission.h5ad
2026-09-20	artifacts/g0/G1-T3-R5-AMP2-20260916-v1/candidates/T3_gata4/v0017_g0_t3_r5_amp2/submission.h5ad	36677126	9e05be511b6c56271bf7313af28b0ec74afdd0d358ca25527ae664bc3c41131c	run-dir copy bitwise-identical to registered submissions copy	submissions/candidates/T3_gata4/v0017_g0_t3_r5_amp2/submission.h5ad
2026-09-20	artifacts/g0/G1-T3-R6-CIPHER-20260917-v1/candidates/T3_gata4/v0018_g0_t3_r6_cipher/submission.h5ad	36677126	a82b16e008eb9158097b356322db455604117fee0edd7fbd13112768765aab3f	run-dir copy bitwise-identical to registered submissions copy	submissions/candidates/T3_gata4/v0018_g0_t3_r6_cipher/submission.h5ad
2026-09-20	artifacts/g0/G1-T3-R7-SPLIT-20260917-v1/candidates/T3_gata4/v0019_g0_t3_r7_split/submission.h5ad	36677126	4b6c5b4541219d3726d8f85100aedd16b6e5cb02a4e2bb4c7c5a4a2c0b0e133d	run-dir copy bitwise-identical to registered submissions copy	submissions/candidates/T3_gata4/v0019_g0_t3_r7_split/submission.h5ad
2026-09-20	artifacts/g0/G1-T3-R8-KNK-20260917-v1/candidates/T3_gata4/v0020_g0_t3_r8_knk/submission.h5ad	36677126	d8b50dd9721ca3a9a821401d9603d7ce1ecec4408a73f03bbbe49246aeb2f717	run-dir copy bitwise-identical to registered submissions copy	submissions/candidates/T3_gata4/v0020_g0_t3_r8_knk/submission.h5ad
2026-09-20	artifacts/g0/G1-T3-R9-HOP2-20260917-v1/candidates/T3_gata4/v0021_g0_t3_r9_hop2/submission.h5ad	36677126	1bde8b96a0e8263e579abb8bab666fa98c29dafe18347dbccf47d902af7be5c0	run-dir copy bitwise-identical to registered submissions copy	submissions/candidates/T3_gata4/v0021_g0_t3_r9_hop2/submission.h5ad
2026-09-20	artifacts/g0/G1-T1-D5B-DIFF-20260917-v1/intermediates/field_best.pt	108660535	a64bec06c3ebbb75daeb0d4c96de7e209670c86ecfa56d59f79a6fd4dd22211c	training artifact (.pt/.npz); reproducible via committed script+data	reports/ENV_SNAPSHOT_20260920.txt
2026-09-20	artifacts/g0/G1-T1-D3-FLOW-20260917-v1/intermediates/field_best.pt	134477495	1ce98d79d2564af69f75e2ed895745f93f9d679d7b9c820b47ac853810495573	training artifact (.pt/.npz); reproducible via committed script+data	reports/ENV_SNAPSHOT_20260920.txt
2026-09-20	artifacts/g0/G1-T1-D1-SCIMF-20260917-v1/intermediates/field_best.pt	98005858	ba828845a3caa3e3f4e71f125267bd27af8e4c97110c8f7ea267ad56e04d15d9	training artifact (.pt/.npz); reproducible via committed script+data	reports/ENV_SNAPSHOT_20260920.txt
2026-09-20	artifacts/g0/G1-T1-D1-SCIMF-20260917-v1/intermediates/pca.npz	66249312	ca4bf7645c08cf50dac44f72ed14f7cd0a497634587091f3102be638dbb41941	training artifact (.pt/.npz); reproducible via committed script+data	reports/ENV_SNAPSHOT_20260920.txt
2026-09-20	artifacts/g0/G1-T1-D5-DIFF-20260917-v1/intermediates/field_best.pt	108796068	910a95863fc6225b514d712d4fc484b13f9b778c7b5ff480bce8ea5a6a3c2337	training artifact (.pt/.npz); reproducible via committed script+data	reports/ENV_SNAPSHOT_20260920.txt
2026-09-20	artifacts/g0/G1-T1-R1-NEURAL-ODE-20260916-v1/intermediates/drift.pt	121213	942889f0914e864093aadaf35f4b5bcf4c27fa662b5c726c40ac7918c9cb1da6	training artifact (.pt/.npz); reproducible via committed script+data	reports/ENV_SNAPSHOT_20260920.txt
2026-09-20	artifacts/g0/G1-T1-D6-POT-20260917-v1/intermediates/field_best.pt	96868582	ddea21265af7afa1b40587818b76b7ac445789f9ff6f571b2b9e5b81348cc158	training artifact (.pt/.npz); reproducible via committed script+data	reports/ENV_SNAPSHOT_20260920.txt
2026-09-20	artifacts/g0/G1-T1-D5B-DIFF-20260917-v1/candidates/T1_val/gate_return/submission.h5ad	259737296	n/a (probe)	return-probe h5ad; metrics preserved in BUILD.json+scorer slim	same run dir metrics/
2026-09-20	artifacts/g0/G1-T1-D1-SCIMF-20260917-v1/candidates/T1_val/gate_return/submission.h5ad	259737296	n/a (probe)	return-probe h5ad; metrics preserved in BUILD.json+scorer slim	same run dir metrics/
2026-09-20	artifacts/g0/G1-T1-D4-BRIDGE-20260917-v1/candidates/T1_val/gate_G1_bridge/submission.h5ad	1128096117	n/a (probe)	return-probe h5ad; metrics preserved in BUILD.json+scorer slim	same run dir metrics/
2026-09-20	artifacts/g0/G1-T1-D4-BRIDGE-20260917-v1/candidates/T1_val/gate_G0_plain/submission.h5ad	2170171391	n/a (probe)	return-probe h5ad; metrics preserved in BUILD.json+scorer slim	same run dir metrics/
2026-09-20	artifacts/g0/G1-T1-D5-DIFF-20260917-v1/candidates/T1_val/gate_return/submission.h5ad	259737296	n/a (probe)	return-probe h5ad; metrics preserved in BUILD.json+scorer slim	same run dir metrics/
2026-09-20	artifacts/g0/G1-T1-D6-POT-20260917-v1/candidates/T1_val/gate_return/submission.h5ad	259737296	n/a (probe)	return-probe h5ad; metrics preserved in BUILD.json+scorer slim	same run dir metrics/
2026-09-20	artifacts/tool_integration/T3-S1A-STATE-JOIN-20260831-v1/	4022845794	bulk 98 files	superseded S1A component version; chain produced no candidates/uploads (T3_TRACKING); v7 retained	docs/coordination/T3_TRACKING.md
2026-09-20	artifacts/tool_integration/T3-S1A-STATE-JOIN-20260831-v2/	4022847470	bulk 98 files	superseded S1A component version; chain produced no candidates/uploads (T3_TRACKING); v7 retained	docs/coordination/T3_TRACKING.md
2026-09-20	artifacts/tool_integration/T3-S1A-STATE-JOIN-20260831-v3/	4088748364	bulk 214 files	superseded S1A component version; chain produced no candidates/uploads (T3_TRACKING); v7 retained	docs/coordination/T3_TRACKING.md
2026-09-20	artifacts/tool_integration/T3-S1A-STATE-JOIN-20260831-v4/	4030291357	bulk 184 files	superseded S1A component version; chain produced no candidates/uploads (T3_TRACKING); v7 retained	docs/coordination/T3_TRACKING.md
2026-09-20	artifacts/tool_integration/T3-S1A-STATE-JOIN-20260831-v5/	4289398970	bulk 218 files	superseded S1A component version; chain produced no candidates/uploads (T3_TRACKING); v7 retained	docs/coordination/T3_TRACKING.md
2026-09-20	artifacts/tool_integration/T3-S1A-STATE-JOIN-20260901-v6/	4289595117	bulk 228 files	superseded S1A component version; chain produced no candidates/uploads (T3_TRACKING); v7 retained	docs/coordination/T3_TRACKING.md
2026-09-20	outputs/t2_pseudo_holdouts/	3329732378	bulk 200 files	unreferenced intermediates; zero code refs across scripts/	scripts/ (build scripts retained)
2026-09-20	outputs/t2_candidates/	1235638233	bulk 7 files	unreferenced intermediates; zero code refs across scripts/	scripts/ (build scripts retained)
2026-09-20	outputs/t2_baseline/	904075870	bulk 16 files	unreferenced intermediates; zero code refs across scripts/	scripts/ (build scripts retained)
2026-09-20	outputs/t2_controls/	30517144	bulk 9 files	unreferenced intermediates; zero code refs across scripts/	scripts/ (build scripts retained)
2026-09-20	submissions/candidates/T1_val/v0002_shrunk_pseudobulk_shift/	662614406	bef1d4654ee1723b7e27716b676dda97f229a5560f2295e144d78bd1334acb3d	orphan build copy; bitwise-identical to scored copy (SHA-verified)	submissions/scored/submission-003/T1_val/submission.h5ad
2026-10-05	deliveries/B1-A4__T2__manual_upload__20260829.zip	44232950	52953760e8364b5a7f77e0c0a1c1b9602e3570331205e276a1deab867d7591d7	scored upload zip; 6 member sha matched INDEX; first member byte-checked	reversible_via=INDEX sha match; canonical submissions/candidates/T2_embryo_val_interp/v0004_b1_a4_latent_knn10/submission.h5ad
2026-10-05	deliveries/B2-T3-A1__T3__manual_upload__20260830.zip	7055050	77609009a363c21fc53332bcafc71d722003f17e4467c749e814bbf68c4be8fc	scored upload zip; 2 member sha matched INDEX; first member byte-checked	reversible_via=INDEX sha match; canonical submissions/candidates/T3_gata4/v0006_b2_t3_a1_l1/submission.h5ad
2026-10-05	deliveries/T1-S2-MOSCOT-DECODER__T1__manual_upload__20260903.zip	598130500	45accacad444bacffbcff6c68d4bcbeadd8256e5bde39f5eaf5e2127b98419f4	scored upload zip; 2 member sha matched INDEX; first member byte-checked	reversible_via=INDEX sha match; canonical submissions/candidates/T1_val/v0007_t1_s2_l1_moscot_empirical/submission.h5ad
2026-10-05	deliveries/arch2__t3__upload__20261001.zip	15893579	d1f2451a0dd09e9b75d0265486a839a50c5e9d8758d959325c7eabcb3c992d4a	scored upload zip; 2 member sha matched INDEX; first member byte-checked	reversible_via=INDEX sha match; canonical submissions/candidates/T3_gata4/v0066_arch_a_residual_flow/submission.h5ad
2026-10-05	deliveries/arcqte__t2__upload__20261002.zip	39261775	f51e79a397c7f5d77b916decee35dc6ccb41523180daaa9fb60145d3d9565f4c	scored upload zip; 5 member sha matched INDEX; first member byte-checked	reversible_via=INDEX sha match; canonical submissions/candidates/T2_heart_val_extrap/v0024_qte_tc_s929/submission.h5ad
2026-10-05	deliveries/art1mix2__t1__upload__20261003.zip	356967712	e8b60cd8d87172db93206d03b2f6f86feb169846ec59f34987e54041a40b6474	scored upload zip; 5 member sha matched INDEX; first member byte-checked	reversible_via=INDEX sha match; canonical submissions/candidates/T1_val/v0052_mix3538even/submission.h5ad
2026-10-05	deliveries/art1mix__t1__upload__20261002.DRAFT-PENDING-INDEX.zip	222563106	4e85dd07c24195c26697672d13b0da5000abf09b913fc3c4823b649189b0cf19	scored upload zip; 3 member sha matched INDEX; first member byte-checked	reversible_via=INDEX sha match; canonical submissions/candidates/T1_val/v0049_mix35x38a/submission.h5ad
2026-10-05	deliveries/b2t3a1__t3__upload__20260904.zip	7063390	bdd96347fb27e0f88af4d6317e535b16dcb71c182be6932052a9c97e91715ae1	scored upload zip; members hashed to INDEX	reversible_via=submissions/candidates/T3_gata4/v0006_b2_t3_a1_l1/submission.h5ad
2026-10-05	deliveries/b4p0__t1__upload__20260904.zip	94407623	677919431d7d85e647fee3a4774e42b40dfcc1cbb671f8b332b217d509650cce	scored upload zip; 1 member sha matched INDEX; first member byte-checked	reversible_via=INDEX sha match; canonical submissions/candidates/T1_val/v0009_b4p0_l0_exact_floor/submission.h5ad
2026-10-05	deliveries/b4p0__t3__upload__20260904.zip	3694077	00f47990b0df0cc835905589d40121b6c2341bb7a13e4fc968e189dc8ea5f6b8	scored upload zip; 1 member sha matched INDEX; first member byte-checked	reversible_via=INDEX sha match; canonical submissions/candidates/T3_gata4/v0008_b4p0_l0_exact_floor/submission.h5ad
2026-10-05	deliveries/b4p0p2__t1__upload__20260904.zip	25311480	5b4a273d444129e15cabc851032f43df86d538ba9f9e916b5855c3d8a5f80dfb	scored upload zip; 1 member sha matched INDEX; first member byte-checked	reversible_via=INDEX sha match; canonical submissions/candidates/T1_val/v0010_b4p0_l0floor_n1706/submission.h5ad
2026-10-05	deliveries/b4t1r1a__t1__upload__20260904.zip	173550143	d2844c356a5ba4f8b57aa3b29e0b7f3ac28a31e8b9b28c91383b4a6bb0383644	scored upload zip; 1 member sha matched INDEX; first member byte-checked	reversible_via=INDEX sha match; canonical submissions/candidates/T1_val/v0011_b4_t1_r1_l1_damp050/submission.h5ad
2026-10-05	deliveries/b4t1r1b__t1__upload__20260904.zip	105237975	84cb208108717eb212961ff29815a879c54182b5b8641f6981ae669a126552ba	scored upload zip; 1 member sha matched INDEX; first member byte-checked	reversible_via=INDEX sha match; canonical submissions/candidates/T1_val/v0012_b4_t1_r1_l2_popmix050/submission.h5ad
2026-10-05	deliveries/b4t1r1c__t1__upload__20260904.zip	175964928	e648a98cd630cf184fdcf03c3a06c80b1b2b01597f783dfeefba694d9cd2d1d7	scored upload zip; 1 member sha matched INDEX; first member byte-checked	reversible_via=INDEX sha match; canonical submissions/candidates/T1_val/v0013_b4_t1_r1_l3_massgraft025/submission.h5ad
2026-10-05	deliveries/b4t1r1d__t1__upload__20260904.zip	180194991	7fef61fd894360c22ada3d215fbe1af9f7f58d0ae085cc8942780c469baae6e0	scored upload zip; 1 member sha matched INDEX; first member byte-checked	reversible_via=INDEX sha match; canonical submissions/candidates/T1_val/v0014_b4_t1_r1_l4_massgraft050/submission.h5ad
2026-10-05	deliveries/b4t2r1__t2__upload__20260904.zip	7903968	a29d074f6e6cb4fb13b218170231c549458f4d2b786d24fab268a233d7450706	scored upload zip; 1 member sha matched INDEX; first member byte-checked	reversible_via=INDEX sha match; canonical submissions/candidates/T2_heart_val_interp/v0010_b4_t2_r1_l1_globalmatch/submission.h5ad
2026-10-05	deliveries/b4t2r1b__t2__upload__20260904.zip	7904057	3210d57587836edf56a5825ef0738d0df23040276c08bf17d2aa5829dd859518	scored upload zip; 1 member sha matched INDEX; first member byte-checked	reversible_via=INDEX sha match; canonical submissions/candidates/T2_heart_val_interp/v0011_b4_t2_r1_l2_globalmatch/submission.h5ad
2026-10-05	deliveries/b4t2r2a__t2__upload__20260911.zip	2514739	2fdf42fa5ea6c4e7719e59ff7df16e7ba465a26f14d1acb1e6be72c6802133ba	scored upload zip; 1 member sha matched INDEX; first member byte-checked	reversible_via=INDEX sha match; canonical submissions/candidates/T2_embryo_val_interp/v0009_b4_t2_r2_l1_mean_bridge/submission.h5ad
2026-10-05	deliveries/b4t2r2b__t2__upload__20260911.zip	1148569	41aee64e35ae1f22b32ad5a38a069addc6ab8cb5041a3e340342a91f3ca85914	scored upload zip; 1 member sha matched INDEX; first member byte-checked	reversible_via=INDEX sha match; canonical submissions/candidates/T2_embryo_val_interp/v0010_b4_t2_r2_l2_mean_mass_bridge/submission.h5ad
2026-10-05	deliveries/b4t2r2c__t2__upload__20260911.zip	7048157	503131b44f6f681b85fc07ca09bf9f512e5b1dc0f58ee7efd94c434b665a6cf6	scored upload zip; 1 member sha matched INDEX; first member byte-checked	reversible_via=INDEX sha match; canonical submissions/candidates/T2_heart_val_interp/v0012_b4_t2_r2_l1_mean_bridge/submission.h5ad
2026-10-05	deliveries/b4t2r2d__t2__upload__20260911.zip	4460245	33d64f0dce11fd088f4a1eeb53e6b406af064fab573b1a95303c1a4daa5332a2	scored upload zip; 1 member sha matched INDEX; first member byte-checked	reversible_via=INDEX sha match; canonical submissions/candidates/T2_heart_val_interp/v0013_b4_t2_r2_l2_mean_mass_bridge/submission.h5ad
2026-10-05	deliveries/b4t2r3__t2__upload__20260914.zip	34627937	de488d3d42e9186bb815c96397865b5b4dc2706dd2e8fc22997c49720a0a93c2	scored upload zip; 3 member sha matched INDEX; first member byte-checked	reversible_via=INDEX sha match; canonical submissions/candidates/T2_heart_val_extrap/v0008_b4_t2_r3_l1_damp050/submission.h5ad
2026-10-05	deliveries/b4t3r1a__t3__upload__20260905.zip	3247032	cc800dad7df47790f2cc1a36affc90c021a58a86a50c0397153f0f73d3422ca7	scored upload zip; 1 member sha matched INDEX; first member byte-checked	reversible_via=INDEX sha match; canonical submissions/candidates/T3_gata4/v0009_b4_t3_r1_l1_gata4_zero_all/submission.h5ad
2026-10-05	deliveries/b4t3r1b__t3__upload__20260905.zip	3247075	39d8240a0aa03d7e0d27dba88b2e90a93e33f8178e5806b693608ee73ffdff35	scored upload zip; 1 member sha matched INDEX; first member byte-checked	reversible_via=INDEX sha match; canonical submissions/candidates/T3_gata4/v0010_b4_t3_r1_l2_gata4_zero_hard/submission.h5ad
2026-10-05	deliveries/b4t3r2a__t3__upload__20260911.zip	3403054	4497b14ad747568ba482065bd0bd8fbc91d99397da21da3f06bc2f57c99ff647	scored upload zip; 1 member sha matched INDEX; first member byte-checked	reversible_via=INDEX sha match; canonical submissions/candidates/T3_gata4/v0011_b4_t3_r2_l1_delay025/submission.h5ad
2026-10-05	deliveries/b4t3r2b__t3__upload__20260911.zip	3404551	58bd30d37d4fd974817e70bc6c3e81342a85ba8d0fff17da41b6e80c8fa2b236	scored upload zip; 1 member sha matched INDEX; first member byte-checked	reversible_via=INDEX sha match; canonical submissions/candidates/T3_gata4/v0012_b4_t3_r2_l2_delay050/submission.h5ad
2026-10-05	deliveries/five27__t3__upload__20260927.zip	22275117	7337a53cabe16ff8dbe848e0d8b66d29fb78656ec1391c60412fb9a42486064b	scored upload zip; 5 member sha matched INDEX; first member byte-checked	reversible_via=INDEX sha match; canonical submissions/candidates/T3_gata4/v0042_next_n1quant/submission.h5ad
2026-10-05	deliveries/g0t1__t1__upload__20260916.zip	1209931168	95f57937c8a926d738e033658e3034683458a602e6dccf7e4393d7018c0378e4	scored upload zip; 7 member sha matched INDEX; first member byte-checked	reversible_via=INDEX sha match; canonical submissions/candidates/T1_val/v0015_g0_t1_r1_neural_ode/submission.h5ad
2026-10-05	deliveries/g0t2__t2__upload__20260916.zip	101996276	3bb7843b8e700c064f4055173dbaa705989b0dbd5e4e36a28b0c1aed26d0cae9	scored upload zip; 6 member sha matched INDEX; first member byte-checked	reversible_via=INDEX sha match; canonical submissions/candidates/T2_heart_val_extrap/v0011_g0_t2_r2_shrink/submission.h5ad
2026-10-05	deliveries/g0t3__t3__upload__20260916.zip	16328663	e2d41915b48ba4ced72fbfc81ad57b7b23d1c8a8f586f0f8c24ae439b17869fc	scored upload zip; 5 member sha matched INDEX; first member byte-checked	reversible_via=INDEX sha match; canonical submissions/candidates/T3_gata4/v0013_g0_t3_r1_directprop/submission.h5ad
2026-10-05	deliveries/g1t1d3__t1__upload__20260917.zip	405849674	027387e0830c26c21e9562cc9b20d8e89c307ff86d0f1c31c1030ac699f35892	scored upload zip; 1 member sha matched INDEX; first member byte-checked	reversible_via=INDEX sha match; canonical submissions/candidates/T1_val/v0022_g0_t1_d3_otcfm/submission.h5ad
2026-10-05	deliveries/g1t3__t3__upload__20260917.zip	293419849	ac8bccf285739fdb1b97a77580a3920a8047787e6b0d3bac5fa5b8ef48b49c72	scored upload zip; 8 member sha matched INDEX; first member byte-checked	reversible_via=INDEX sha match; canonical submissions/candidates/T3_gata4/v0018_g0_t3_r6_cipher/submission.h5ad
2026-10-05	deliveries/g1t3r6__t3__upload__20260917.zip	36677637	14dccd0957160bfce00f8af9e034493ea659ea347c523931da29fe789c3c6c84	scored upload zip; 1 member sha matched INDEX; first member byte-checked	reversible_via=INDEX sha match; canonical submissions/candidates/T3_gata4/v0018_g0_t3_r6_cipher/submission.h5ad
2026-10-05	deliveries/r5sig__t3__upload__20260920.zip	73416436	10320274ad6093158b3b19ac923227d43df0bb92e1761234500ad1c5f659e9ff	scored upload zip; members hashed to INDEX	reversible_via=submissions/candidates/T3_gata4/v0032_next_r5off/submission.h5ad
2026-10-05	deliveries/r634fix__t3__upload__20260921.zip	25169943	913cee022d192dc0caf7a53b20980b51f4bafe5393d5a517254e956a9f8bfca5	scored upload zip; 6 member sha matched INDEX; first member byte-checked	reversible_via=INDEX sha match; canonical submissions/candidates/T3_gata4/v0034_next_r6meanfix/submission.h5ad
2026-10-05	deliveries/t1five__t1__upload__20260927.zip	479262844	c261d5df8233aa7241180035a21bba8d764f8861d2cd2845be1011e894fa242a	scored upload zip; 5 member sha matched INDEX; first member byte-checked	reversible_via=INDEX sha match; canonical submissions/candidates/T1_val/v0024_five_n1density/submission.h5ad
2026-10-05	deliveries/t1nxr1__t1__upload__20260921.zip	85438497	1979815ff9319ff81e141da25f5c5031fc6ca8f6d678cdea5ae4ef6f00b8859f	scored upload zip; 1 member sha matched INDEX; first member byte-checked	reversible_via=INDEX sha match; canonical submissions/candidates/T1_val/v0023_t1_next_r1_qshape/submission.h5ad
2026-10-05	deliveries/t1pb__t1__upload__20260930.zip	2651195924	16b7a5fdc91d58863de9e7b589b339d9abe11af778747606cc314e476512619b	scored upload zip; 4 member sha matched INDEX; first member byte-checked	reversible_via=INDEX sha match; canonical submissions/candidates/T1_val/v0044_pbmean_pba05/submission.h5ad
2026-10-05	deliveries/t1r2__t1__upload__20260928.zip	452775378	a6adc2b038af5ff8cefee3effd33f61cce31bdb99262c62e9b423e33f9165968	scored upload zip; 5 member sha matched INDEX; first member byte-checked	reversible_via=INDEX sha match; canonical submissions/candidates/T1_val/v0029_round2_n1stack/submission.h5ad
2026-10-05	deliveries/t1seven__t1__upload__20260930.zip	568795214	f94a07068e928375f29d2ea271e51d80ea315b6c0c6696ff0aeff68d5ec19591	scored upload zip; 7 member sha matched INDEX; first member byte-checked	reversible_via=INDEX sha match; canonical submissions/candidates/T1_val/v0037_seven_n1moment/submission.h5ad
2026-10-05	deliveries/t1three__t1__upload__20260929.zip	248965232	6eb43d0c86788769769dad61e1572f7f185fb92315b938e8f2b464f8f8c6dd87	scored upload zip; 3 member sha matched INDEX; first member byte-checked	reversible_via=INDEX sha match; canonical submissions/candidates/T1_val/v0034_three_r1compose/submission.h5ad
2026-10-05	deliveries/t2goal__t2__upload__20261001.zip	32671224	5e91b7a54a4039e5abd5ccf17e759e86a9558d270a933a700a1ccb2c24a998cf	scored upload zip; 6 member sha matched INDEX; first member byte-checked	reversible_via=INDEX sha match; canonical submissions/candidates/T2_embryo_val_interp/v0016_e_r1/submission.h5ad
2026-10-05	deliveries/t2h10__t2__upload__20261003.zip	15212620	1bf2e2423af3ab4dcc343ff96e6d6fd4e4df9d6cc04f943c31ffa443347cfabb	scored upload zip; 1 member sha matched INDEX; first member byte-checked	reversible_via=INDEX sha match; canonical submissions/candidates/T2_heart_val_extrap/v0030_x_r3_medlib09/submission.h5ad
2026-10-05	deliveries/t2h10x4__t2__upload__20261003.zip	15668055	90a223881d72b6193c3e80190cc82eba91a7fc50ba5992526ba08500e97267bb	scored upload zip; 1 member sha matched INDEX; first member byte-checked	reversible_via=INDEX sha match; canonical submissions/candidates/T2_heart_val_extrap/v0031_x_r4_xwalk09/submission.h5ad
2026-10-05	deliveries/t2h10x5__t2__upload__20261003.zip	15205942	674780494e354e55a29f3fc9eba9901ffa9a5b0e0d55d9e344280e36373cfcf3	scored upload zip; 1 member sha matched INDEX; first member byte-checked	reversible_via=INDEX sha match; canonical submissions/candidates/T2_heart_val_extrap/v0032_x_r5_tshrink09/submission.h5ad
2026-10-05	deliveries/t2h10x67__t2__upload__20261003.zip	30402502	f70b428fd5daa57f57bc3e8e8cf1ee39618e98771f5383871e3944d36da4e27e	scored upload zip; 2 member sha matched INDEX; first member byte-checked	reversible_via=INDEX sha match; canonical submissions/candidates/T2_heart_val_extrap/v0033_x_r6_medlib05/submission.h5ad
2026-10-05	deliveries/t2hn2lo__t2__upload__20260928.zip	12551186	d0b915eecfcf9380c7701d8fcefef165aba689cfcbff609c034a0ff9e08b6119	scored upload zip; 2 member sha matched INDEX; first member byte-checked	reversible_via=INDEX sha match; canonical submissions/candidates/T2_heart_val_interp/v0014_h_n2_lowamp_shared/submission.h5ad
2026-10-05	deliveries/t2j1__t2__upload__20260903.zip	7932990	b2bf788ae19021fd0b71493b0acfb309d1b8d80f73ee78571bef0ae4d3369818	scored upload zip; 1 member sha matched INDEX; first member byte-checked	reversible_via=INDEX sha match; canonical submissions/candidates/T2_heart_val_interp/v0009_j1_fgw_assignment/submission.h5ad
2026-10-05	deliveries/t2local__t2__upload__20261003.zip	118760610	749b66efbfd76ae397542a6197d2cc727f539c53dd5d37989ec067fced11a459	scored upload zip; 1 member sha matched INDEX; first member byte-checked	reversible_via=INDEX sha match; canonical submissions/candidates/T2_heart_val_extrap/v0029_ar_scale09/submission.h5ad
2026-10-05	deliveries/t2r2__t2__upload__20260929.zip	80046551	9e16950a10cf7319098da080e23a9f2be901496b1ddc10924112a67e177738ab	scored upload zip; 15 member sha matched INDEX; first member byte-checked	reversible_via=INDEX sha match; canonical submissions/candidates/T2_embryo_val_interp/v0011_e_n1_qbridge/submission.h5ad
2026-10-05	deliveries/t2s3__t2__upload__20260903.zip	10264758	b884a040d15abc2e5c9670d9cc6a2874d48637d14c9f27f3e4516ca36dd315bb	scored upload zip; 2 member sha matched INDEX; first member byte-checked	reversible_via=INDEX sha match; canonical submissions/candidates/T2_embryo_val_interp/v0006_t2_s3_l1_pycpd/submission.h5ad
2026-10-05	deliveries/t3_gata4__ar_complex__v0070.h5ad	5525969	61d07e294771263e8c0763af1defc55e5436d10d63d21b2b4a206fd41805ec8d	scored loose portal-named h5ad; canonical retained	reversible_via=submissions/candidates/T3_gata4/v0070_ar_complex/submission.h5ad
2026-10-05	deliveries/t3_gata4__half_scale__v0072.h5ad	6038419	08f2159733c516aa21354516cb8c7b57a07ba0c4a45cfc463b608013b7e2fdc9	scored loose portal-named h5ad; canonical retained	reversible_via=submissions/candidates/T3_gata4/v0072_half_scale/submission.h5ad
2026-10-05	deliveries/t3_gata4__sparse_scale__v0071.h5ad	6035945	5d9cb28a5a3e747f286f6e7eeea95045a804ac5c7a768c60b42f388cfa622c19	scored loose portal-named h5ad; canonical retained	reversible_via=submissions/candidates/T3_gata4/v0071_sparse_scale/submission.h5ad
2026-10-05	deliveries/t3ar__t3__upload__20261003.zip	5103802	32e0a18b5eb495322dfbf74ceb31ce90867a3e85e33f768977ea9a90a5c5242a	scored upload zip; 1 member sha matched INDEX; first member byte-checked	reversible_via=INDEX sha match; canonical submissions/candidates/T3_gata4/v0070_ar_complex/submission.h5ad
2026-10-05	deliveries/t3five3__t3__upload__20260929.zip	15596041	9e778d941a44ef515cd14a12bc3f5014bc5e7f9b9075111a4e03701e9c9ea4b7	scored upload zip; 3 member sha matched INDEX; first member byte-checked	reversible_via=INDEX sha match; canonical submissions/candidates/T3_gata4/v0057_five_select_r2gene/submission.h5ad
2026-10-05	deliveries/t3half__t3__upload__20261003.zip	5664760	ddfc929a06cfaa5de4c29a5fdc8e8e87391cc43b1d44c80f69eac1bd3aaf9235	scored upload zip; 1 member sha matched INDEX; first member byte-checked	reversible_via=INDEX sha match; canonical submissions/candidates/T3_gata4/v0072_half_scale/submission.h5ad
2026-10-05	deliveries/t3next6__t3__upload__20260920.zip	16716911	c567ccb4f69640f9594c736770e97b58d935a08db54e0be458fef3701d213909	scored upload zip; 4 member sha matched INDEX; first member byte-checked	reversible_via=INDEX sha match; canonical submissions/candidates/T3_gata4/v0026_next_r1graph/submission.h5ad
2026-10-05	deliveries/t3r2__t3__upload__20260928.zip	25616367	68ef03da1c853ded85edda2ed328983e073f39eb197567b081636e566d902372	scored upload zip; 5 member sha matched INDEX; first member byte-checked	reversible_via=INDEX sha match; canonical submissions/candidates/T3_gata4/v0049_round2_n1stack/submission.h5ad
2026-10-05	deliveries/t3six__t3__upload__20261001.zip	29403646	6cdcb43790f483b1ce8be9ff3dfa6c2b0b2d90b155744d717ce7b47bae666380	scored upload zip; 6 member sha matched INDEX; first member byte-checked	reversible_via=INDEX sha match; canonical submissions/candidates/T3_gata4/v0060_six_r1_celloracle/submission.h5ad
2026-10-05	deliveries/t3ss__t3__upload__20261003.zip	5662210	c919c7727b1d52353cc2829119d3017271200ceb5f760bf320bb5c9fc80d849e	scored upload zip; 1 member sha matched INDEX; first member byte-checked	reversible_via=INDEX sha match; canonical submissions/candidates/T3_gata4/v0071_sparse_scale/submission.h5ad
2026-10-05	deliveries/t3three__t3__upload__20260929.zip	15359830	b35988049407e080ff6f351bc5f1df29381caa5221791d18dc1877a5d02522bf	scored upload zip; 3 member sha matched INDEX; first member byte-checked	reversible_via=INDEX sha match; canonical submissions/candidates/T3_gata4/v0054_three_r1agree/submission.h5ad
2026-10-05	deliveries/t3three_20260929/t3_gata4__r3diffuse__v0056.h5ad	36708358	586fad56e326edfc85cee01b7f6d12b15378b0b090f4f6092e39ddf7dc6f2509	extracted/staging copy of scored canonical	reversible_via=submissions/candidates/T3_gata4/v0056_three_r3diffuse/submission.h5ad
2026-10-05	deliveries/t3three_20260929/t3_gata4__r2damp__v0055.h5ad	36708358	11076fed8f52d83f773773cd7aa4fb47774c4509b4df6fdc40c9776842d03784	extracted/staging copy of scored canonical	reversible_via=submissions/candidates/T3_gata4/v0055_three_r2damp/submission.h5ad
2026-10-05	deliveries/t3three_20260929/t3_gata4__r1agree__v0054.h5ad	36708358	dd4ff51f7f9143af4add1ecd387927ada3156ae2fb79f779cd7ecf7c55760c2f	extracted/staging copy of scored canonical	reversible_via=submissions/candidates/T3_gata4/v0054_three_r1agree/submission.h5ad
2026-10-05	deliveries/.stage_hn2lowamp/RUN_ID_MAP.tsv	397	sidecar	stale packaging sidecar; scores live in INDEX/registry	reversible_via=submissions/INDEX.tsv
2026-10-05	deliveries/.stage_hn2lowamp/EVIDENCE_MANIFEST_POINTERS.tsv	754	sidecar	stale packaging sidecar; scores live in INDEX/registry	reversible_via=submissions/INDEX.tsv
2026-10-05	deliveries/.stage_hn2lowamp/UPLOAD_MANIFEST.tsv	573	sidecar	stale packaging sidecar; scores live in INDEX/registry	reversible_via=submissions/INDEX.tsv
2026-10-05	deliveries/.stage_hn2lowamp/t2_hrt_int__l1__v0014.h5ad	30849608	23a0488260abf799782792d13cc794a2c05122d9ee7a72a39381525b52201aab	extracted/staging copy of scored canonical	reversible_via=submissions/candidates/T2_heart_val_interp/v0014_h_n2_lowamp_shared/submission.h5ad
2026-10-05	deliveries/.stage_hn2lowamp/t2_hrt_int__l2__v0015.h5ad	30849608	203bbcb68712e2470cd664c99265f91f768ac563d9c4371ab4647922fdbb6284	extracted/staging copy of scored canonical	reversible_via=submissions/candidates/T2_heart_val_interp/v0015_h_n2_lowamp_perstage/submission.h5ad
2026-10-05	deliveries/.stage_hn2lowamp/MANIFEST.tsv	224	sidecar	stale packaging sidecar; scores live in INDEX/registry	reversible_via=submissions/INDEX.tsv
2026-10-05	deliveries/.ipynb_checkpoints/t3three__t3__upload__20260929.receipt-checkpoint.json	446	checkpoint	jupyter checkpoint duplicate	reversible_via=source file without -checkpoint
2026-10-05	deliveries/.ipynb_checkpoints/t3r2__t3__upload__20260928.receipt-checkpoint.json	566	checkpoint	jupyter checkpoint duplicate	reversible_via=source file without -checkpoint
2026-10-05	reports/.ipynb_checkpoints/T3_BOUNDARY_MAIL_DRAFT_20261001-checkpoint.md	1562	checkpoint	jupyter checkpoint duplicate	reversible_via=source file without -checkpoint
2026-10-05	reports/.ipynb_checkpoints/PHASE_REPORT_BATCH1_20260829-checkpoint.md	20896	checkpoint	jupyter checkpoint duplicate	reversible_via=source file without -checkpoint
