record_date	board	version	method	portal_file	submitted	board_score	metric	skill
2026-09-04	T1:val	v0004	shrunk_pseudobulk_shift_strict	t1_v0004.h5ad	2026-08-24 12:43	48.47	de_score	43.8
2026-09-04	T1:val	v0004	shrunk_pseudobulk_shift_strict	t1_v0004.h5ad	2026-08-24 12:43	48.47	de_direction	55.9
2026-09-04	T1:val	v0004	shrunk_pseudobulk_shift_strict	t1_v0004.h5ad	2026-08-24 12:43	48.47	mmd_u	51.5
2026-09-04	T1:val	v0004	shrunk_pseudobulk_shift_strict	t1_v0004.h5ad	2026-08-24 12:43	48.47	variogram	40.6
2026-09-04	T2:embryo:val_interp	v0002	g1_formal_log_rms	t2_emb_val_int_b1_a1_l1.h5ad	2026-08-27 13:07	60.15	de_score	50.5
2026-09-04	T2:embryo:val_interp	v0002	g1_formal_log_rms	t2_emb_val_int_b1_a1_l1.h5ad	2026-08-27 13:07	60.15	de_direction	53.2
2026-09-04	T2:embryo:val_interp	v0002	g1_formal_log_rms	t2_emb_val_int_b1_a1_l1.h5ad	2026-08-27 13:07	60.15	mmd_u	60.9
2026-09-04	T2:embryo:val_interp	v0002	g1_formal_log_rms	t2_emb_val_int_b1_a1_l1.h5ad	2026-08-27 13:07	60.15	variogram	59.0
2026-09-04	T2:embryo:val_interp	v0002	g1_formal_log_rms	t2_emb_val_int_b1_a1_l1.h5ad	2026-08-27 13:07	60.15	d2_shape	52.8
2026-09-04	T2:embryo:val_interp	v0002	g1_formal_log_rms	t2_emb_val_int_b1_a1_l1.h5ad	2026-08-27 13:07	60.15	occupancy_dice	46.6
2026-09-04	T2:embryo:val_interp	v0002	g1_formal_log_rms	t2_emb_val_int_b1_a1_l1.h5ad	2026-08-27 13:07	60.15	scale_log_ratio	91.9
2026-09-04	T2:embryo:val_interp	v0002	g1_formal_log_rms	t2_emb_val_int_b1_a1_l1.h5ad	2026-08-27 13:07	60.15	neighborhood_mmd	64.8
2026-09-04	T2:heart:val_interp	v0009	j1_fgw_assignment	t2_hrt_int__j1fgw__v0009.h5ad	2026-09-03 19:51	57.25	de_score	57.8
2026-09-04	T2:heart:val_interp	v0009	j1_fgw_assignment	t2_hrt_int__j1fgw__v0009.h5ad	2026-09-03 19:51	57.25	de_direction	60.2
2026-09-04	T2:heart:val_interp	v0009	j1_fgw_assignment	t2_hrt_int__j1fgw__v0009.h5ad	2026-09-03 19:51	57.25	mmd_u	53.9
2026-09-04	T2:heart:val_interp	v0009	j1_fgw_assignment	t2_hrt_int__j1fgw__v0009.h5ad	2026-09-03 19:51	57.25	variogram	32.2
2026-09-04	T2:heart:val_interp	v0009	j1_fgw_assignment	t2_hrt_int__j1fgw__v0009.h5ad	2026-09-03 19:51	57.25	d2_shape	62.0
2026-09-04	T2:heart:val_interp	v0009	j1_fgw_assignment	t2_hrt_int__j1fgw__v0009.h5ad	2026-09-03 19:51	57.25	occupancy_dice	48.6
2026-09-04	T2:heart:val_interp	v0009	j1_fgw_assignment	t2_hrt_int__j1fgw__v0009.h5ad	2026-09-03 19:51	57.25	scale_log_ratio	82.5
2026-09-04	T2:heart:val_interp	v0009	j1_fgw_assignment	t2_hrt_int__j1fgw__v0009.h5ad	2026-09-03 19:51	57.25	neighborhood_mmd	60.4
2026-09-04	T2:heart:val_extrap	v0001	pseudobulk_shift	T2_heart_val_extrap_pseudobulk_shift.h5ad	2026-08-21 13:07	50.53	de_score	49.6
2026-09-04	T2:heart:val_extrap	v0001	pseudobulk_shift	T2_heart_val_extrap_pseudobulk_shift.h5ad	2026-08-21 13:07	50.53	de_direction	52.2
2026-09-04	T2:heart:val_extrap	v0001	pseudobulk_shift	T2_heart_val_extrap_pseudobulk_shift.h5ad	2026-08-21 13:07	50.53	mmd_u	49.9
2026-09-04	T2:heart:val_extrap	v0001	pseudobulk_shift	T2_heart_val_extrap_pseudobulk_shift.h5ad	2026-08-21 13:07	50.53	variogram	47.7
2026-09-04	T2:heart:val_extrap	v0001	pseudobulk_shift	T2_heart_val_extrap_pseudobulk_shift.h5ad	2026-08-21 13:07	50.53	d2_shape	46.2
2026-09-04	T2:heart:val_extrap	v0001	pseudobulk_shift	T2_heart_val_extrap_pseudobulk_shift.h5ad	2026-08-21 13:07	50.53	occupancy_dice	53.2
2026-09-04	T2:heart:val_extrap	v0001	pseudobulk_shift	T2_heart_val_extrap_pseudobulk_shift.h5ad	2026-08-21 13:07	50.53	scale_log_ratio	49.7
2026-09-04	T2:heart:val_extrap	v0001	pseudobulk_shift	T2_heart_val_extrap_pseudobulk_shift.h5ad	2026-08-21 13:07	50.53	neighborhood_mmd	52.4
2026-09-04	T3:gata4	v0008	b4p0_l0_exact_floor	t3_gata4__l0floor__v0008.h5ad	2026-09-04 14:17	46.79	de_score	38.8
2026-09-04	T3:gata4	v0008	b4p0_l0_exact_floor	t3_gata4__l0floor__v0008.h5ad	2026-09-04 14:17	46.79	de_direction	49.7
2026-09-04	T3:gata4	v0008	b4p0_l0_exact_floor	t3_gata4__l0floor__v0008.h5ad	2026-09-04 14:17	46.79	severity_slope	50.0
2026-09-04	T3:gata4	v0008	b4p0_l0_exact_floor	t3_gata4__l0floor__v0008.h5ad	2026-09-04 14:17	46.79	mmd_u	51.3
2026-09-04	T3:gata4	v0008	b4p0_l0_exact_floor	t3_gata4__l0floor__v0008.h5ad	2026-09-04 14:17	46.79	variogram	50.9
2026-09-04	T2:heart:val_interp	v0010	b4_t2_r1_l1_globalmatch	t2_hrt_int__l1glob05__v0010.h5ad	2026-09-04 19:52	57.3	de_score	57.8
2026-09-04	T2:heart:val_interp	v0010	b4_t2_r1_l1_globalmatch	t2_hrt_int__l1glob05__v0010.h5ad	2026-09-04 19:52	57.3	de_direction	60.2
2026-09-04	T2:heart:val_interp	v0010	b4_t2_r1_l1_globalmatch	t2_hrt_int__l1glob05__v0010.h5ad	2026-09-04 19:52	57.3	mmd_u	54.9
2026-09-04	T2:heart:val_interp	v0010	b4_t2_r1_l1_globalmatch	t2_hrt_int__l1glob05__v0010.h5ad	2026-09-04 19:52	57.3	variogram	32.0
2026-09-04	T2:heart:val_interp	v0010	b4_t2_r1_l1_globalmatch	t2_hrt_int__l1glob05__v0010.h5ad	2026-09-04 19:52	57.3	d2_shape	62.0
2026-09-04	T2:heart:val_interp	v0010	b4_t2_r1_l1_globalmatch	t2_hrt_int__l1glob05__v0010.h5ad	2026-09-04 19:52	57.3	occupancy_dice	48.6
2026-09-04	T2:heart:val_interp	v0010	b4_t2_r1_l1_globalmatch	t2_hrt_int__l1glob05__v0010.h5ad	2026-09-04 19:52	57.3	scale_log_ratio	82.5
2026-09-04	T2:heart:val_interp	v0010	b4_t2_r1_l1_globalmatch	t2_hrt_int__l1glob05__v0010.h5ad	2026-09-04 19:52	57.3	neighborhood_mmd	60.1
2026-09-04	T2:heart:val_interp	v0011	b4_t2_r1_l2_globalmatch	t2_hrt_int__l2glob002__v0011.h5ad	2026-09-04 19:52	57.31	de_score	57.8
2026-09-04	T2:heart:val_interp	v0011	b4_t2_r1_l2_globalmatch	t2_hrt_int__l2glob002__v0011.h5ad	2026-09-04 19:52	57.31	de_direction	60.2
2026-09-04	T2:heart:val_interp	v0011	b4_t2_r1_l2_globalmatch	t2_hrt_int__l2glob002__v0011.h5ad	2026-09-04 19:52	57.31	mmd_u	54.9
2026-09-04	T2:heart:val_interp	v0011	b4_t2_r1_l2_globalmatch	t2_hrt_int__l2glob002__v0011.h5ad	2026-09-04 19:52	57.31	variogram	32.1
2026-09-04	T2:heart:val_interp	v0011	b4_t2_r1_l2_globalmatch	t2_hrt_int__l2glob002__v0011.h5ad	2026-09-04 19:52	57.31	d2_shape	62.0
2026-09-04	T2:heart:val_interp	v0011	b4_t2_r1_l2_globalmatch	t2_hrt_int__l2glob002__v0011.h5ad	2026-09-04 19:52	57.31	occupancy_dice	48.6
2026-09-04	T2:heart:val_interp	v0011	b4_t2_r1_l2_globalmatch	t2_hrt_int__l2glob002__v0011.h5ad	2026-09-04 19:52	57.31	scale_log_ratio	82.5
2026-09-04	T2:heart:val_interp	v0011	b4_t2_r1_l2_globalmatch	t2_hrt_int__l2glob002__v0011.h5ad	2026-09-04 19:52	57.31	neighborhood_mmd	60.1
2026-09-05	T3:gata4	v0009	b4_t3_r1_l1_gata4_zero_all	t3_gata4__l1gata4zero__v0009.h5ad	2026-09-05	46.95	de_score	39.2
2026-09-05	T3:gata4	v0009	b4_t3_r1_l1_gata4_zero_all	t3_gata4__l1gata4zero__v0009.h5ad	2026-09-05	46.95	de_direction	49.7
2026-09-05	T3:gata4	v0009	b4_t3_r1_l1_gata4_zero_all	t3_gata4__l1gata4zero__v0009.h5ad	2026-09-05	46.95	severity_slope	50.0
2026-09-05	T3:gata4	v0009	b4_t3_r1_l1_gata4_zero_all	t3_gata4__l1gata4zero__v0009.h5ad	2026-09-05	46.95	mmd_u	51.5
2026-09-05	T3:gata4	v0009	b4_t3_r1_l1_gata4_zero_all	t3_gata4__l1gata4zero__v0009.h5ad	2026-09-05	46.95	variogram	51.0
2026-09-05	T3:gata4	v0010	b4_t3_r1_l2_gata4_zero_hard	t3_gata4__l2gata4hard__v0010.h5ad	2026-09-05	46.95	de_score	39.2
2026-09-05	T3:gata4	v0010	b4_t3_r1_l2_gata4_zero_hard	t3_gata4__l2gata4hard__v0010.h5ad	2026-09-05	46.95	de_direction	49.7
2026-09-05	T3:gata4	v0010	b4_t3_r1_l2_gata4_zero_hard	t3_gata4__l2gata4hard__v0010.h5ad	2026-09-05	46.95	severity_slope	50.0
2026-09-05	T3:gata4	v0010	b4_t3_r1_l2_gata4_zero_hard	t3_gata4__l2gata4hard__v0010.h5ad	2026-09-05	46.95	mmd_u	51.5
2026-09-05	T3:gata4	v0010	b4_t3_r1_l2_gata4_zero_hard	t3_gata4__l2gata4hard__v0010.h5ad	2026-09-05	46.95	variogram	51.0
2026-09-05	T1:val	v0011	b4_t1_r1_l1_damp050	t1_val__l1damp050__v0011.h5ad	2026-09-05	47.58	de_score	41.0
2026-09-05	T1:val	v0011	b4_t1_r1_l1_damp050	t1_val__l1damp050__v0011.h5ad	2026-09-05	47.58	de_direction	54.7
2026-09-05	T1:val	v0011	b4_t1_r1_l1_damp050	t1_val__l1damp050__v0011.h5ad	2026-09-05	47.58	mmd_u	50.0
2026-09-05	T1:val	v0011	b4_t1_r1_l1_damp050	t1_val__l1damp050__v0011.h5ad	2026-09-05	47.58	variogram	43.3
2026-09-05	T1:val	v0012	b4_t1_r1_l2_popmix050	t1_val__l2popmix050__v0012.h5ad	2026-09-05	47.77	de_score	40.3
2026-09-05	T1:val	v0012	b4_t1_r1_l2_popmix050	t1_val__l2popmix050__v0012.h5ad	2026-09-05	47.77	de_direction	54.2
2026-09-05	T1:val	v0012	b4_t1_r1_l2_popmix050	t1_val__l2popmix050__v0012.h5ad	2026-09-05	47.77	mmd_u	50.5
2026-09-05	T1:val	v0012	b4_t1_r1_l2_popmix050	t1_val__l2popmix050__v0012.h5ad	2026-09-05	47.77	variogram	45.0
2026-09-05	T1:val	v0013	b4_t1_r1_l3_massgraft025	t1_val__l3massgraft025__v0013.h5ad	2026-09-05	47.85	de_score	43.0
2026-09-05	T1:val	v0013	b4_t1_r1_l3_massgraft025	t1_val__l3massgraft025__v0013.h5ad	2026-09-05	47.85	de_direction	55.0
2026-09-05	T1:val	v0013	b4_t1_r1_l3_massgraft025	t1_val__l3massgraft025__v0013.h5ad	2026-09-05	47.85	mmd_u	51.2
2026-09-05	T1:val	v0013	b4_t1_r1_l3_massgraft025	t1_val__l3massgraft025__v0013.h5ad	2026-09-05	47.85	variogram	40.0
2026-09-05	T1:val	v0014	b4_t1_r1_l4_massgraft050	t1_val__l4massgraft050__v0014.h5ad	2026-09-05	46.90	de_score	42.7
2026-09-05	T1:val	v0014	b4_t1_r1_l4_massgraft050	t1_val__l4massgraft050__v0014.h5ad	2026-09-05	46.90	de_direction	54.1
2026-09-05	T1:val	v0014	b4_t1_r1_l4_massgraft050	t1_val__l4massgraft050__v0014.h5ad	2026-09-05	46.90	mmd_u	49.8
2026-09-05	T1:val	v0014	b4_t1_r1_l4_massgraft050	t1_val__l4massgraft050__v0014.h5ad	2026-09-05	46.90	variogram	38.8
2026-09-14	T3:gata4	v0011	b4_t3_r2_l1_delay025	t3_gata4__l1delay025__v0011.h5ad	2026-09-14	46.45	de_score	38.1
2026-09-14	T3:gata4	v0011	b4_t3_r2_l1_delay025	t3_gata4__l1delay025__v0011.h5ad	2026-09-14	46.45	de_direction	49.4
2026-09-14	T3:gata4	v0011	b4_t3_r2_l1_delay025	t3_gata4__l1delay025__v0011.h5ad	2026-09-14	46.45	severity_slope	50.0
2026-09-14	T3:gata4	v0011	b4_t3_r2_l1_delay025	t3_gata4__l1delay025__v0011.h5ad	2026-09-14	46.45	mmd_u	51.2
2026-09-14	T3:gata4	v0011	b4_t3_r2_l1_delay025	t3_gata4__l1delay025__v0011.h5ad	2026-09-14	46.45	variogram	50.3
2026-09-14	T3:gata4	v0012	b4_t3_r2_l2_delay050	t3_gata4__l2delay050__v0012.h5ad	2026-09-14	46.47	de_score	38.5
2026-09-14	T3:gata4	v0012	b4_t3_r2_l2_delay050	t3_gata4__l2delay050__v0012.h5ad	2026-09-14	46.47	de_direction	49.3
2026-09-14	T3:gata4	v0012	b4_t3_r2_l2_delay050	t3_gata4__l2delay050__v0012.h5ad	2026-09-14	46.47	severity_slope	50.0
2026-09-14	T3:gata4	v0012	b4_t3_r2_l2_delay050	t3_gata4__l2delay050__v0012.h5ad	2026-09-14	46.47	mmd_u	51.0
2026-09-14	T3:gata4	v0012	b4_t3_r2_l2_delay050	t3_gata4__l2delay050__v0012.h5ad	2026-09-14	46.47	variogram	49.9
2026-09-14	T2:embryo:val_interp	v0009	b4_t2_r2_l1_mean_bridge	t2_emb_int__l1mean__v0009.h5ad	2026-09-14	61.79	de_score	55.8
2026-09-14	T2:embryo:val_interp	v0009	b4_t2_r2_l1_mean_bridge	t2_emb_int__l1mean__v0009.h5ad	2026-09-14	61.79	de_direction	70.1
2026-09-14	T2:embryo:val_interp	v0009	b4_t2_r2_l1_mean_bridge	t2_emb_int__l1mean__v0009.h5ad	2026-09-14	61.79	mmd_u	60.0
2026-09-14	T2:embryo:val_interp	v0009	b4_t2_r2_l1_mean_bridge	t2_emb_int__l1mean__v0009.h5ad	2026-09-14	61.79	variogram	52.9
2026-09-14	T2:embryo:val_interp	v0009	b4_t2_r2_l1_mean_bridge	t2_emb_int__l1mean__v0009.h5ad	2026-09-14	61.79	d2_shape	52.8
2026-09-14	T2:embryo:val_interp	v0009	b4_t2_r2_l1_mean_bridge	t2_emb_int__l1mean__v0009.h5ad	2026-09-14	61.79	occupancy_dice	46.6
2026-09-14	T2:embryo:val_interp	v0009	b4_t2_r2_l1_mean_bridge	t2_emb_int__l1mean__v0009.h5ad	2026-09-14	61.79	scale_log_ratio	91.9
2026-09-14	T2:embryo:val_interp	v0009	b4_t2_r2_l1_mean_bridge	t2_emb_int__l1mean__v0009.h5ad	2026-09-14	61.79	neighborhood_mmd	63.3
2026-09-14	T2:embryo:val_interp	v0010	b4_t2_r2_l2_mean_mass_bridge	t2_emb_int__l2meanmass__v0010.h5ad	2026-09-14	62.29	de_score	54.1
2026-09-14	T2:embryo:val_interp	v0010	b4_t2_r2_l2_mean_mass_bridge	t2_emb_int__l2meanmass__v0010.h5ad	2026-09-14	62.29	de_direction	67.5
2026-09-14	T2:embryo:val_interp	v0010	b4_t2_r2_l2_mean_mass_bridge	t2_emb_int__l2meanmass__v0010.h5ad	2026-09-14	62.29	mmd_u	60.2
2026-09-14	T2:embryo:val_interp	v0010	b4_t2_r2_l2_mean_mass_bridge	t2_emb_int__l2meanmass__v0010.h5ad	2026-09-14	62.29	variogram	52.0
2026-09-14	T2:embryo:val_interp	v0010	b4_t2_r2_l2_mean_mass_bridge	t2_emb_int__l2meanmass__v0010.h5ad	2026-09-14	62.29	d2_shape	54.6
2026-09-14	T2:embryo:val_interp	v0010	b4_t2_r2_l2_mean_mass_bridge	t2_emb_int__l2meanmass__v0010.h5ad	2026-09-14	62.29	occupancy_dice	51.2
2026-09-14	T2:embryo:val_interp	v0010	b4_t2_r2_l2_mean_mass_bridge	t2_emb_int__l2meanmass__v0010.h5ad	2026-09-14	62.29	scale_log_ratio	90.8
2026-09-14	T2:embryo:val_interp	v0010	b4_t2_r2_l2_mean_mass_bridge	t2_emb_int__l2meanmass__v0010.h5ad	2026-09-14	62.29	neighborhood_mmd	65.9
2026-09-14	T2:heart:val_interp	v0012	b4_t2_r2_l1_mean_bridge	t2_hrt_int__l1mean__v0012.h5ad	2026-09-14	56.27	de_score	55.3
2026-09-14	T2:heart:val_interp	v0012	b4_t2_r2_l1_mean_bridge	t2_hrt_int__l1mean__v0012.h5ad	2026-09-14	56.27	de_direction	59.1
2026-09-14	T2:heart:val_interp	v0012	b4_t2_r2_l1_mean_bridge	t2_hrt_int__l1mean__v0012.h5ad	2026-09-14	56.27	mmd_u	54.0
2026-09-14	T2:heart:val_interp	v0012	b4_t2_r2_l1_mean_bridge	t2_hrt_int__l1mean__v0012.h5ad	2026-09-14	56.27	variogram	29.8
2026-09-14	T2:heart:val_interp	v0012	b4_t2_r2_l1_mean_bridge	t2_hrt_int__l1mean__v0012.h5ad	2026-09-14	56.27	d2_shape	62.0
2026-09-14	T2:heart:val_interp	v0012	b4_t2_r2_l1_mean_bridge	t2_hrt_int__l1mean__v0012.h5ad	2026-09-14	56.27	occupancy_dice	48.6
2026-09-14	T2:heart:val_interp	v0012	b4_t2_r2_l1_mean_bridge	t2_hrt_int__l1mean__v0012.h5ad	2026-09-14	56.27	scale_log_ratio	82.5
2026-09-14	T2:heart:val_interp	v0012	b4_t2_r2_l1_mean_bridge	t2_hrt_int__l1mean__v0012.h5ad	2026-09-14	56.27	neighborhood_mmd	59.2
2026-09-14	T2:heart:val_interp	v0013	b4_t2_r2_l2_mean_mass_bridge	t2_hrt_int__l2meanmass__v0013.h5ad	2026-09-14	62.04	de_score	60.6
2026-09-14	T2:heart:val_interp	v0013	b4_t2_r2_l2_mean_mass_bridge	t2_hrt_int__l2meanmass__v0013.h5ad	2026-09-14	62.04	de_direction	65.8
2026-09-14	T2:heart:val_interp	v0013	b4_t2_r2_l2_mean_mass_bridge	t2_hrt_int__l2meanmass__v0013.h5ad	2026-09-14	62.04	mmd_u	62.5
2026-09-14	T2:heart:val_interp	v0013	b4_t2_r2_l2_mean_mass_bridge	t2_hrt_int__l2meanmass__v0013.h5ad	2026-09-14	62.04	variogram	28.4
2026-09-14	T2:heart:val_interp	v0013	b4_t2_r2_l2_mean_mass_bridge	t2_hrt_int__l2meanmass__v0013.h5ad	2026-09-14	62.04	d2_shape	65.4
2026-09-14	T2:heart:val_interp	v0013	b4_t2_r2_l2_mean_mass_bridge	t2_hrt_int__l2meanmass__v0013.h5ad	2026-09-14	62.04	occupancy_dice	47.8
2026-09-14	T2:heart:val_interp	v0013	b4_t2_r2_l2_mean_mass_bridge	t2_hrt_int__l2meanmass__v0013.h5ad	2026-09-14	62.04	scale_log_ratio	97.9
2026-09-14	T2:heart:val_interp	v0013	b4_t2_r2_l2_mean_mass_bridge	t2_hrt_int__l2meanmass__v0013.h5ad	2026-09-14	62.04	neighborhood_mmd	65.8
2026-09-16	T3:gata4	v0013	g0_t3_r1_directprop	t3_gata4__r1prop__v0013.h5ad	2026-09-16	46.88	de_score	39.2
2026-09-16	T3:gata4	v0013	g0_t3_r1_directprop	t3_gata4__r1prop__v0013.h5ad	2026-09-16	46.88	de_direction	49.6
2026-09-16	T3:gata4	v0013	g0_t3_r1_directprop	t3_gata4__r1prop__v0013.h5ad	2026-09-16	46.88	severity_slope	50.0
2026-09-16	T3:gata4	v0013	g0_t3_r1_directprop	t3_gata4__r1prop__v0013.h5ad	2026-09-16	46.88	mmd_u	51.5
2026-09-16	T3:gata4	v0013	g0_t3_r1_directprop	t3_gata4__r1prop__v0013.h5ad	2026-09-16	46.88	variogram	50.4
2026-09-16	T3:gata4	v0014	g0_t3_r2_gradeddose	t3_gata4__r2tert__v0014.h5ad	2026-09-16	46.95	de_score	39.2
2026-09-16	T3:gata4	v0014	g0_t3_r2_gradeddose	t3_gata4__r2tert__v0014.h5ad	2026-09-16	46.95	de_direction	49.7
2026-09-16	T3:gata4	v0014	g0_t3_r2_gradeddose	t3_gata4__r2tert__v0014.h5ad	2026-09-16	46.95	severity_slope	50.0
2026-09-16	T3:gata4	v0014	g0_t3_r2_gradeddose	t3_gata4__r2tert__v0014.h5ad	2026-09-16	46.95	mmd_u	51.5
2026-09-16	T3:gata4	v0014	g0_t3_r2_gradeddose	t3_gata4__r2tert__v0014.h5ad	2026-09-16	46.95	variogram	51.0
2026-09-16	T3:gata4	v0015	g0_t3_r3_lineagedose	t3_gata4__r3lin__v0015.h5ad	2026-09-16	46.95	de_score	39.2
2026-09-16	T3:gata4	v0015	g0_t3_r3_lineagedose	t3_gata4__r3lin__v0015.h5ad	2026-09-16	46.95	de_direction	49.7
2026-09-16	T3:gata4	v0015	g0_t3_r3_lineagedose	t3_gata4__r3lin__v0015.h5ad	2026-09-16	46.95	severity_slope	50.0
2026-09-16	T3:gata4	v0015	g0_t3_r3_lineagedose	t3_gata4__r3lin__v0015.h5ad	2026-09-16	46.95	mmd_u	51.5
2026-09-16	T3:gata4	v0015	g0_t3_r3_lineagedose	t3_gata4__r3lin__v0015.h5ad	2026-09-16	46.95	variogram	51.0
2026-09-16	T3:gata4	v0016	g0_t3_r4_combo	t3_gata4__r4combo__v0016.h5ad	2026-09-16	46.88	de_score	39.2
2026-09-16	T3:gata4	v0016	g0_t3_r4_combo	t3_gata4__r4combo__v0016.h5ad	2026-09-16	46.88	de_direction	49.6
2026-09-16	T3:gata4	v0016	g0_t3_r4_combo	t3_gata4__r4combo__v0016.h5ad	2026-09-16	46.88	severity_slope	50.0
2026-09-16	T3:gata4	v0016	g0_t3_r4_combo	t3_gata4__r4combo__v0016.h5ad	2026-09-16	46.88	mmd_u	51.5
2026-09-16	T3:gata4	v0016	g0_t3_r4_combo	t3_gata4__r4combo__v0016.h5ad	2026-09-16	46.88	variogram	50.4
2026-09-16	T3:gata4	v0017	g0_t3_r5_amp2	t3_gata4__r5amp2__v0017.h5ad	2026-09-16	46.84	de_score	39.2
2026-09-16	T3:gata4	v0017	g0_t3_r5_amp2	t3_gata4__r5amp2__v0017.h5ad	2026-09-16	46.84	de_direction	49.6
2026-09-16	T3:gata4	v0017	g0_t3_r5_amp2	t3_gata4__r5amp2__v0017.h5ad	2026-09-16	46.84	severity_slope	50.0
2026-09-16	T3:gata4	v0017	g0_t3_r5_amp2	t3_gata4__r5amp2__v0017.h5ad	2026-09-16	46.84	mmd_u	51.4
2026-09-16	T3:gata4	v0017	g0_t3_r5_amp2	t3_gata4__r5amp2__v0017.h5ad	2026-09-16	46.84	variogram	50.0
2026-09-16	T2:heart:val_extrap	v0011	g0_t2_r2_shrink	t2_hrt_ext__r2shr__v0011.h5ad	2026-09-16	50.64	de_score	50.0
2026-09-16	T2:heart:val_extrap	v0011	g0_t2_r2_shrink	t2_hrt_ext__r2shr__v0011.h5ad	2026-09-16	50.64	de_direction	51.9
2026-09-16	T2:heart:val_extrap	v0011	g0_t2_r2_shrink	t2_hrt_ext__r2shr__v0011.h5ad	2026-09-16	50.64	mmd_u	49.9
2026-09-16	T2:heart:val_extrap	v0011	g0_t2_r2_shrink	t2_hrt_ext__r2shr__v0011.h5ad	2026-09-16	50.64	variogram	48.5
2026-09-16	T2:heart:val_extrap	v0011	g0_t2_r2_shrink	t2_hrt_ext__r2shr__v0011.h5ad	2026-09-16	50.64	d2_shape	46.2
2026-09-16	T2:heart:val_extrap	v0011	g0_t2_r2_shrink	t2_hrt_ext__r2shr__v0011.h5ad	2026-09-16	50.64	occupancy_dice	53.2
2026-09-16	T2:heart:val_extrap	v0011	g0_t2_r2_shrink	t2_hrt_ext__r2shr__v0011.h5ad	2026-09-16	50.64	scale_log_ratio	49.7
2026-09-16	T2:heart:val_extrap	v0011	g0_t2_r2_shrink	t2_hrt_ext__r2shr__v0011.h5ad	2026-09-16	50.64	neighborhood_mmd	52.5
2026-09-16	T2:heart:val_extrap	v0012	g0_t2_r3_spatial	t2_hrt_ext__r3k15__v0012.h5ad	2026-09-16	50.26	de_score	49.2
2026-09-16	T2:heart:val_extrap	v0012	g0_t2_r3_spatial	t2_hrt_ext__r3k15__v0012.h5ad	2026-09-16	50.26	de_direction	52.2
2026-09-16	T2:heart:val_extrap	v0012	g0_t2_r3_spatial	t2_hrt_ext__r3k15__v0012.h5ad	2026-09-16	50.26	mmd_u	49.9
2026-09-16	T2:heart:val_extrap	v0012	g0_t2_r3_spatial	t2_hrt_ext__r3k15__v0012.h5ad	2026-09-16	50.26	variogram	45.3
2026-09-16	T2:heart:val_extrap	v0012	g0_t2_r3_spatial	t2_hrt_ext__r3k15__v0012.h5ad	2026-09-16	50.26	d2_shape	46.2
2026-09-16	T2:heart:val_extrap	v0012	g0_t2_r3_spatial	t2_hrt_ext__r3k15__v0012.h5ad	2026-09-16	50.26	occupancy_dice	53.2
2026-09-16	T2:heart:val_extrap	v0012	g0_t2_r3_spatial	t2_hrt_ext__r3k15__v0012.h5ad	2026-09-16	50.26	scale_log_ratio	49.7
2026-09-16	T2:heart:val_extrap	v0012	g0_t2_r3_spatial	t2_hrt_ext__r3k15__v0012.h5ad	2026-09-16	50.26	neighborhood_mmd	52.5
2026-09-16	T2:heart:val_extrap	v0013	g0_t2_r4_k07	t2_hrt_ext__r4k07__v0013.h5ad	2026-09-16	50.32	de_score	49.2
2026-09-16	T2:heart:val_extrap	v0013	g0_t2_r4_k07	t2_hrt_ext__r4k07__v0013.h5ad	2026-09-16	50.32	de_direction	52.3
2026-09-16	T2:heart:val_extrap	v0013	g0_t2_r4_k07	t2_hrt_ext__r4k07__v0013.h5ad	2026-09-16	50.32	mmd_u	50.0
2026-09-16	T2:heart:val_extrap	v0013	g0_t2_r4_k07	t2_hrt_ext__r4k07__v0013.h5ad	2026-09-16	50.32	variogram	45.9
2026-09-16	T2:heart:val_extrap	v0013	g0_t2_r4_k07	t2_hrt_ext__r4k07__v0013.h5ad	2026-09-16	50.32	d2_shape	46.2
2026-09-16	T2:heart:val_extrap	v0013	g0_t2_r4_k07	t2_hrt_ext__r4k07__v0013.h5ad	2026-09-16	50.32	occupancy_dice	53.2
2026-09-16	T2:heart:val_extrap	v0013	g0_t2_r4_k07	t2_hrt_ext__r4k07__v0013.h5ad	2026-09-16	50.32	scale_log_ratio	49.7
2026-09-16	T2:heart:val_extrap	v0013	g0_t2_r4_k07	t2_hrt_ext__r4k07__v0013.h5ad	2026-09-16	50.32	neighborhood_mmd	52.5
2026-09-16	T2:heart:val_extrap	v0014	g0_t2_r4_k15	t2_hrt_ext__r4k15__v0014.h5ad	2026-09-16	50.26	de_score	49.2
2026-09-16	T2:heart:val_extrap	v0014	g0_t2_r4_k15	t2_hrt_ext__r4k15__v0014.h5ad	2026-09-16	50.26	de_direction	52.2
2026-09-16	T2:heart:val_extrap	v0014	g0_t2_r4_k15	t2_hrt_ext__r4k15__v0014.h5ad	2026-09-16	50.26	mmd_u	49.9
2026-09-16	T2:heart:val_extrap	v0014	g0_t2_r4_k15	t2_hrt_ext__r4k15__v0014.h5ad	2026-09-16	50.26	variogram	45.3
2026-09-16	T2:heart:val_extrap	v0014	g0_t2_r4_k15	t2_hrt_ext__r4k15__v0014.h5ad	2026-09-16	50.26	d2_shape	46.2
2026-09-16	T2:heart:val_extrap	v0014	g0_t2_r4_k15	t2_hrt_ext__r4k15__v0014.h5ad	2026-09-16	50.26	occupancy_dice	53.2
2026-09-16	T2:heart:val_extrap	v0014	g0_t2_r4_k15	t2_hrt_ext__r4k15__v0014.h5ad	2026-09-16	50.26	scale_log_ratio	49.7
2026-09-16	T2:heart:val_extrap	v0014	g0_t2_r4_k15	t2_hrt_ext__r4k15__v0014.h5ad	2026-09-16	50.26	neighborhood_mmd	52.5
2026-09-16	T2:heart:val_extrap	v0015	g0_t2_r4_k30	t2_hrt_ext__r4k30__v0015.h5ad	2026-09-16	50.28	de_score	49.6
2026-09-16	T2:heart:val_extrap	v0015	g0_t2_r4_k30	t2_hrt_ext__r4k30__v0015.h5ad	2026-09-16	50.28	de_direction	52.1
2026-09-16	T2:heart:val_extrap	v0015	g0_t2_r4_k30	t2_hrt_ext__r4k30__v0015.h5ad	2026-09-16	50.28	mmd_u	49.9
2026-09-16	T2:heart:val_extrap	v0015	g0_t2_r4_k30	t2_hrt_ext__r4k30__v0015.h5ad	2026-09-16	50.28	variogram	45.0
2026-09-16	T2:heart:val_extrap	v0015	g0_t2_r4_k30	t2_hrt_ext__r4k30__v0015.h5ad	2026-09-16	50.28	d2_shape	46.2
2026-09-16	T2:heart:val_extrap	v0015	g0_t2_r4_k30	t2_hrt_ext__r4k30__v0015.h5ad	2026-09-16	50.28	occupancy_dice	53.2
2026-09-16	T2:heart:val_extrap	v0015	g0_t2_r4_k30	t2_hrt_ext__r4k30__v0015.h5ad	2026-09-16	50.28	scale_log_ratio	49.7
2026-09-16	T2:heart:val_extrap	v0015	g0_t2_r4_k30	t2_hrt_ext__r4k30__v0015.h5ad	2026-09-16	50.28	neighborhood_mmd	52.6
2026-09-16	T2:heart:val_extrap	v0016	g0_t2_r5_k60	t2_hrt_ext__r5k60__v0016.h5ad	2026-09-16	50.25	de_score	49.6
2026-09-16	T2:heart:val_extrap	v0016	g0_t2_r5_k60	t2_hrt_ext__r5k60__v0016.h5ad	2026-09-16	50.25	de_direction	52.1
2026-09-16	T2:heart:val_extrap	v0016	g0_t2_r5_k60	t2_hrt_ext__r5k60__v0016.h5ad	2026-09-16	50.25	mmd_u	49.8
2026-09-16	T2:heart:val_extrap	v0016	g0_t2_r5_k60	t2_hrt_ext__r5k60__v0016.h5ad	2026-09-16	50.25	variogram	44.6
2026-09-16	T2:heart:val_extrap	v0016	g0_t2_r5_k60	t2_hrt_ext__r5k60__v0016.h5ad	2026-09-16	50.25	d2_shape	46.2
2026-09-16	T2:heart:val_extrap	v0016	g0_t2_r5_k60	t2_hrt_ext__r5k60__v0016.h5ad	2026-09-16	50.25	occupancy_dice	53.2
2026-09-16	T2:heart:val_extrap	v0016	g0_t2_r5_k60	t2_hrt_ext__r5k60__v0016.h5ad	2026-09-16	50.25	scale_log_ratio	49.7
2026-09-16	T2:heart:val_extrap	v0016	g0_t2_r5_k60	t2_hrt_ext__r5k60__v0016.h5ad	2026-09-16	50.25	neighborhood_mmd	52.7
2026-09-17	T1:val	v0015	g0_t1_r1_neural_ode	t1_val__r1node__v0015.h5ad	2026-09-17	48.51	de_score	43.8
2026-09-17	T1:val	v0015	g0_t1_r1_neural_ode	t1_val__r1node__v0015.h5ad	2026-09-17	48.51	de_direction	55.8
2026-09-17	T1:val	v0015	g0_t1_r1_neural_ode	t1_val__r1node__v0015.h5ad	2026-09-17	48.51	mmd_u	51.6
2026-09-17	T1:val	v0015	g0_t1_r1_neural_ode	t1_val__r1node__v0015.h5ad	2026-09-17	48.51	variogram	40.6
2026-09-17	T1:val	v0016	g0_t1_r2_substate	t1_val__r2sub__v0016.h5ad	2026-09-17	48.14	de_score	43.8
2026-09-17	T1:val	v0016	g0_t1_r2_substate	t1_val__r2sub__v0016.h5ad	2026-09-17	48.14	de_direction	55.8
2026-09-17	T1:val	v0016	g0_t1_r2_substate	t1_val__r2sub__v0016.h5ad	2026-09-17	48.14	mmd_u	51.1
2026-09-17	T1:val	v0016	g0_t1_r2_substate	t1_val__r2sub__v0016.h5ad	2026-09-17	48.14	variogram	39.5
2026-09-17	T1:val	v0017	g0_t1_r3_maturity	t1_val__r3mat__v0017.h5ad	2026-09-17	47.46	de_score	43.9
2026-09-17	T1:val	v0017	g0_t1_r3_maturity	t1_val__r3mat__v0017.h5ad	2026-09-17	47.46	de_direction	55.1
2026-09-17	T1:val	v0017	g0_t1_r3_maturity	t1_val__r3mat__v0017.h5ad	2026-09-17	47.46	mmd_u	50.3
2026-09-17	T1:val	v0017	g0_t1_r3_maturity	t1_val__r3mat__v0017.h5ad	2026-09-17	47.46	variogram	38.0
2026-09-17	T1:val	v0018	g0_t1_r4_shrink	t1_val__r4c2__v0018.h5ad	2026-09-17	48.48	de_score	43.2
2026-09-17	T1:val	v0018	g0_t1_r4_shrink	t1_val__r4c2__v0018.h5ad	2026-09-17	48.48	de_direction	55.1
2026-09-17	T1:val	v0018	g0_t1_r4_shrink	t1_val__r4c2__v0018.h5ad	2026-09-17	48.48	mmd_u	51.1
2026-09-17	T1:val	v0018	g0_t1_r4_shrink	t1_val__r4c2__v0018.h5ad	2026-09-17	48.48	variogram	42.9
2026-09-17	T1:val	v0019	g0_t1_r5_c1	t1_val__r5c1__v0019.h5ad	2026-09-17	48.54	de_score	43.6
2026-09-17	T1:val	v0019	g0_t1_r5_c1	t1_val__r5c1__v0019.h5ad	2026-09-17	48.54	de_direction	55.4
2026-09-17	T1:val	v0019	g0_t1_r5_c1	t1_val__r5c1__v0019.h5ad	2026-09-17	48.54	mmd_u	51.2
2026-09-17	T1:val	v0019	g0_t1_r5_c1	t1_val__r5c1__v0019.h5ad	2026-09-17	48.54	variogram	42.1
2026-09-17	T1:val	v0020	g0_t1_r5_c2	t1_val__r5c2__v0020.h5ad	2026-09-17	48.48	de_score	43.2
2026-09-17	T1:val	v0020	g0_t1_r5_c2	t1_val__r5c2__v0020.h5ad	2026-09-17	48.48	de_direction	55.1
2026-09-17	T1:val	v0020	g0_t1_r5_c2	t1_val__r5c2__v0020.h5ad	2026-09-17	48.48	mmd_u	51.1
2026-09-17	T1:val	v0020	g0_t1_r5_c2	t1_val__r5c2__v0020.h5ad	2026-09-17	48.48	variogram	42.9
2026-09-17	T1:val	v0021	g0_t1_r5_c4	t1_val__r5c4__v0021.h5ad	2026-09-17	48.34	de_score	42.6
2026-09-17	T1:val	v0021	g0_t1_r5_c4	t1_val__r5c4__v0021.h5ad	2026-09-17	48.34	de_direction	54.7
2026-09-17	T1:val	v0021	g0_t1_r5_c4	t1_val__r5c4__v0021.h5ad	2026-09-17	48.34	mmd_u	50.8
2026-09-17	T1:val	v0021	g0_t1_r5_c4	t1_val__r5c4__v0021.h5ad	2026-09-17	48.34	variogram	44.0
2026-09-17	T3:gata4	v0021	g0_t3_r9	t3_gata4__r9hop2__v0021.h5ad	2026-09-17	46.88	de_score	39.2
2026-09-17	T3:gata4	v0021	g0_t3_r9	t3_gata4__r9hop2__v0021.h5ad	2026-09-17	46.88	de_direction	49.6
2026-09-17	T3:gata4	v0021	g0_t3_r9	t3_gata4__r9hop2__v0021.h5ad	2026-09-17	46.88	severity_slope	50.0
2026-09-17	T3:gata4	v0021	g0_t3_r9	t3_gata4__r9hop2__v0021.h5ad	2026-09-17	46.88	mmd_u	51.5
2026-09-17	T3:gata4	v0021	g0_t3_r9	t3_gata4__r9hop2__v0021.h5ad	2026-09-17	46.88	variogram	50.4
2026-09-17	T3:gata4	v0022	g0_t3_r10	t3_gata4__r10graph__v0022.h5ad	2026-09-17	46.93	de_score	39.6
2026-09-17	T3:gata4	v0022	g0_t3_r10	t3_gata4__r10graph__v0022.h5ad	2026-09-17	46.93	de_direction	49.8
2026-09-17	T3:gata4	v0022	g0_t3_r10	t3_gata4__r10graph__v0022.h5ad	2026-09-17	46.93	severity_slope	50.0
2026-09-17	T3:gata4	v0022	g0_t3_r10	t3_gata4__r10graph__v0022.h5ad	2026-09-17	46.93	mmd_u	51.6
2026-09-17	T3:gata4	v0022	g0_t3_r10	t3_gata4__r10graph__v0022.h5ad	2026-09-17	46.93	variogram	49.0
2026-09-17	T3:gata4	v0023	g0_t3_r11	t3_gata4__r11signmax__v0023.h5ad	2026-09-17	46.95	de_score	39.6
2026-09-17	T3:gata4	v0023	g0_t3_r11	t3_gata4__r11signmax__v0023.h5ad	2026-09-17	46.95	de_direction	49.7
2026-09-17	T3:gata4	v0023	g0_t3_r11	t3_gata4__r11signmax__v0023.h5ad	2026-09-17	46.95	severity_slope	50.0
2026-09-17	T3:gata4	v0023	g0_t3_r11	t3_gata4__r11signmax__v0023.h5ad	2026-09-17	46.95	mmd_u	51.5
2026-09-17	T3:gata4	v0023	g0_t3_r11	t3_gata4__r11signmax__v0023.h5ad	2026-09-17	46.95	variogram	49.6
2026-09-17	T3:gata4	v0024	g0_t3_r12	t3_gata4__r12debias__v0024.h5ad	2026-09-17	46.90	de_score	39.2
2026-09-17	T3:gata4	v0024	g0_t3_r12	t3_gata4__r12debias__v0024.h5ad	2026-09-17	46.90	de_direction	49.7
2026-09-17	T3:gata4	v0024	g0_t3_r12	t3_gata4__r12debias__v0024.h5ad	2026-09-17	46.90	severity_slope	50.0
2026-09-17	T3:gata4	v0024	g0_t3_r12	t3_gata4__r12debias__v0024.h5ad	2026-09-17	46.90	mmd_u	51.5
2026-09-17	T3:gata4	v0024	g0_t3_r12	t3_gata4__r12debias__v0024.h5ad	2026-09-17	46.90	variogram	50.5
2026-09-17	T3:gata4	v0025	g0_t3_r13	t3_gata4__r13spatial__v0025.h5ad	2026-09-17	43.30	de_score	38.1
2026-09-17	T3:gata4	v0025	g0_t3_r13	t3_gata4__r13spatial__v0025.h5ad	2026-09-17	43.30	de_direction	49.3
2026-09-17	T3:gata4	v0025	g0_t3_r13	t3_gata4__r13spatial__v0025.h5ad	2026-09-17	43.30	severity_slope	50.0
2026-09-17	T3:gata4	v0025	g0_t3_r13	t3_gata4__r13spatial__v0025.h5ad	2026-09-17	43.30	mmd_u	42.1
2026-09-17	T3:gata4	v0025	g0_t3_r13	t3_gata4__r13spatial__v0025.h5ad	2026-09-17	43.30	variogram	25.0
2026-09-17	T1:val	v0022	g0_t1_d3_otcfm	t1_val__d3otcfm__v0022.h5ad	2026-09-17	45.3	de_score	43.7
2026-09-17	T1:val	v0022	g0_t1_d3_otcfm	t1_val__d3otcfm__v0022.h5ad	2026-09-17	45.3	de_direction	55.9
2026-09-17	T1:val	v0022	g0_t1_d3_otcfm	t1_val__d3otcfm__v0022.h5ad	2026-09-17	45.3	mmd_u	47.9
2026-09-17	T1:val	v0022	g0_t1_d3_otcfm	t1_val__d3otcfm__v0022.h5ad	2026-09-17	45.3	variogram	30.2
2026-09-20	T3:gata4	v0018	g0_t3_r6_cipher	t3_gata4__r6cipher__v0018.h5ad	not supplied	46.94	de_score	39.2
2026-09-20	T3:gata4	v0018	g0_t3_r6_cipher	t3_gata4__r6cipher__v0018.h5ad	not supplied	46.94	de_direction	49.7
2026-09-20	T3:gata4	v0018	g0_t3_r6_cipher	t3_gata4__r6cipher__v0018.h5ad	not supplied	46.94	severity_slope	50.0
2026-09-20	T3:gata4	v0018	g0_t3_r6_cipher	t3_gata4__r6cipher__v0018.h5ad	not supplied	46.94	mmd_u	51.5
2026-09-20	T3:gata4	v0018	g0_t3_r6_cipher	t3_gata4__r6cipher__v0018.h5ad	not supplied	46.94	variogram	50.8
2026-09-20	T3:gata4	v0019	g0_t3_r7	t3_gata4__r7split__v0019.h5ad	not supplied	46.95	de_score	39.2
2026-09-20	T3:gata4	v0019	g0_t3_r7	t3_gata4__r7split__v0019.h5ad	not supplied	46.95	de_direction	49.7
2026-09-20	T3:gata4	v0019	g0_t3_r7	t3_gata4__r7split__v0019.h5ad	not supplied	46.95	severity_slope	50.0
2026-09-20	T3:gata4	v0019	g0_t3_r7	t3_gata4__r7split__v0019.h5ad	not supplied	46.95	mmd_u	51.5
2026-09-20	T3:gata4	v0019	g0_t3_r7	t3_gata4__r7split__v0019.h5ad	not supplied	46.95	variogram	50.9
2026-09-20	T3:gata4	v0020	g0_t3_r8	t3_gata4__r8knk__v0020.h5ad	not supplied	46.64	de_score	39.2
2026-09-20	T3:gata4	v0020	g0_t3_r8	t3_gata4__r8knk__v0020.h5ad	not supplied	46.64	de_direction	50.3
2026-09-20	T3:gata4	v0020	g0_t3_r8	t3_gata4__r8knk__v0020.h5ad	not supplied	46.64	severity_slope	50.0
2026-09-20	T3:gata4	v0020	g0_t3_r8	t3_gata4__r8knk__v0020.h5ad	not supplied	46.64	mmd_u	51.5
2026-09-20	T3:gata4	v0020	g0_t3_r8	t3_gata4__r8knk__v0020.h5ad	not supplied	46.64	variogram	45.2
2026-09-26	T1:val	v0023	t1_next_r1_qshape	t1_val__r1qshape__v0023.h5ad	2026-09-26	50.82	de_score	44.0
2026-09-26	T1:val	v0023	t1_next_r1_qshape	t1_val__r1qshape__v0023.h5ad	2026-09-26	50.82	de_direction	57.4
2026-09-26	T1:val	v0023	t1_next_r1_qshape	t1_val__r1qshape__v0023.h5ad	2026-09-26	50.82	mmd_u	53.1
2026-09-26	T1:val	v0023	t1_next_r1_qshape	t1_val__r1qshape__v0023.h5ad	2026-09-26	50.82	variogram	47.8
2026-09-27	T3:gata4	v0042	next_n1quant	t3_gata4__n1quant__v0042.h5ad	2026-09-27	46.95	de_score	39.2
2026-09-27	T3:gata4	v0042	next_n1quant	t3_gata4__n1quant__v0042.h5ad	2026-09-27	46.95	de_direction	49.7
2026-09-27	T3:gata4	v0042	next_n1quant	t3_gata4__n1quant__v0042.h5ad	2026-09-27	46.95	severity_slope	50.0
2026-09-27	T3:gata4	v0042	next_n1quant	t3_gata4__n1quant__v0042.h5ad	2026-09-27	46.95	mmd_u	51.5
2026-09-27	T3:gata4	v0042	next_n1quant	t3_gata4__n1quant__v0042.h5ad	2026-09-27	46.95	variogram	51.0
2026-09-27	T3:gata4	v0044	next_n3latent	t3_gata4__n3latent__v0044.h5ad	2026-09-27	47.47	de_score	40.8
2026-09-27	T3:gata4	v0044	next_n3latent	t3_gata4__n3latent__v0044.h5ad	2026-09-27	47.47	de_direction	49.5
2026-09-27	T3:gata4	v0044	next_n3latent	t3_gata4__n3latent__v0044.h5ad	2026-09-27	47.47	severity_slope	50.0
2026-09-27	T3:gata4	v0044	next_n3latent	t3_gata4__n3latent__v0044.h5ad	2026-09-27	47.47	mmd_u	52.1
2026-09-27	T3:gata4	v0044	next_n3latent	t3_gata4__n3latent__v0044.h5ad	2026-09-27	47.47	variogram	51.2
2026-09-27	T3:gata4	v0046	next_o2shrink	t3_gata4__o2shrink__v0046.h5ad	2026-09-27	47.65	de_score	41.2
2026-09-27	T3:gata4	v0046	next_o2shrink	t3_gata4__o2shrink__v0046.h5ad	2026-09-27	47.65	de_direction	49.7
2026-09-27	T3:gata4	v0046	next_o2shrink	t3_gata4__o2shrink__v0046.h5ad	2026-09-27	47.65	severity_slope	50.0
2026-09-27	T3:gata4	v0046	next_o2shrink	t3_gata4__o2shrink__v0046.h5ad	2026-09-27	47.65	mmd_u	52.1
2026-09-27	T3:gata4	v0046	next_o2shrink	t3_gata4__o2shrink__v0046.h5ad	2026-09-27	47.65	variogram	51.3
2026-09-27	T3:gata4	v0047	next_o1stable	t3_gata4__o1stable__v0047.h5ad	2026-09-27	46.97	de_score	39.2
2026-09-27	T3:gata4	v0047	next_o1stable	t3_gata4__o1stable__v0047.h5ad	2026-09-27	46.97	de_direction	49.8
2026-09-27	T3:gata4	v0047	next_o1stable	t3_gata4__o1stable__v0047.h5ad	2026-09-27	46.97	severity_slope	50.0
2026-09-27	T3:gata4	v0047	next_o1stable	t3_gata4__o1stable__v0047.h5ad	2026-09-27	46.97	mmd_u	51.5
2026-09-27	T3:gata4	v0047	next_o1stable	t3_gata4__o1stable__v0047.h5ad	2026-09-27	46.97	variogram	51.0
2026-09-27	T3:gata4	v0048	next_n2hurdle	t3_gata4__n2hurdle__v0048.h5ad	2026-09-27	47.93	de_score	42.6
2026-09-27	T3:gata4	v0048	next_n2hurdle	t3_gata4__n2hurdle__v0048.h5ad	2026-09-27	47.93	de_direction	50.0
2026-09-27	T3:gata4	v0048	next_n2hurdle	t3_gata4__n2hurdle__v0048.h5ad	2026-09-27	47.93	severity_slope	50.0
2026-09-27	T3:gata4	v0048	next_n2hurdle	t3_gata4__n2hurdle__v0048.h5ad	2026-09-27	47.93	mmd_u	51.8
2026-09-27	T3:gata4	v0048	next_n2hurdle	t3_gata4__n2hurdle__v0048.h5ad	2026-09-27	47.93	variogram	49.3
2026-09-27	T3:gata4	v0034	next_r6meanfix	t3_gata4__r6meanfix__v0034.h5ad	2026-09-27	47.53	de_score	40.8
2026-09-27	T3:gata4	v0034	next_r6meanfix	t3_gata4__r6meanfix__v0034.h5ad	2026-09-27	47.53	de_direction	49.7
2026-09-27	T3:gata4	v0034	next_r6meanfix	t3_gata4__r6meanfix__v0034.h5ad	2026-09-27	47.53	severity_slope	50.0
2026-09-27	T3:gata4	v0034	next_r6meanfix	t3_gata4__r6meanfix__v0034.h5ad	2026-09-27	47.53	mmd_u	52.2
2026-09-27	T3:gata4	v0034	next_r6meanfix	t3_gata4__r6meanfix__v0034.h5ad	2026-09-27	47.53	variogram	51.3
2026-09-27	T3:gata4	v0035	next_r6graphfix	t3_gata4__r6graphfix__v0035.h5ad	2026-09-27	47.03	de_score	40.0
2026-09-27	T3:gata4	v0035	next_r6graphfix	t3_gata4__r6graphfix__v0035.h5ad	2026-09-27	47.03	de_direction	49.2
2026-09-27	T3:gata4	v0035	next_r6graphfix	t3_gata4__r6graphfix__v0035.h5ad	2026-09-27	47.03	severity_slope	50.0
2026-09-27	T3:gata4	v0035	next_r6graphfix	t3_gata4__r6graphfix__v0035.h5ad	2026-09-27	47.03	mmd_u	51.3
2026-09-27	T3:gata4	v0035	next_r6graphfix	t3_gata4__r6graphfix__v0035.h5ad	2026-09-27	47.03	variogram	50.8
2026-09-27	T3:gata4	v0036	next_r3linfix	t3_gata4__r3linfix__v0036.h5ad	2026-09-27	46.98	de_score	39.2
2026-09-27	T3:gata4	v0036	next_r3linfix	t3_gata4__r3linfix__v0036.h5ad	2026-09-27	46.98	de_direction	49.8
2026-09-27	T3:gata4	v0036	next_r3linfix	t3_gata4__r3linfix__v0036.h5ad	2026-09-27	46.98	severity_slope	50.0
2026-09-27	T3:gata4	v0036	next_r3linfix	t3_gata4__r3linfix__v0036.h5ad	2026-09-27	46.98	mmd_u	51.5
2026-09-27	T3:gata4	v0036	next_r3linfix	t3_gata4__r3linfix__v0036.h5ad	2026-09-27	46.98	variogram	51.0
2026-09-28	T1:val	v0024	five_n1density	t1_val__n1density__v0024.h5ad	2026-09-28	51.92	de_score	45.5
2026-09-28	T1:val	v0024	five_n1density	t1_val__n1density__v0024.h5ad	2026-09-28	51.92	de_direction	58.5
2026-09-28	T1:val	v0024	five_n1density	t1_val__n1density__v0024.h5ad	2026-09-28	51.92	mmd_u	54.3
2026-09-28	T1:val	v0024	five_n1density	t1_val__n1density__v0024.h5ad	2026-09-28	51.92	variogram	48.2
2026-09-28	T1:val	v0025	five_n2param	t1_val__n2param__v0025.h5ad	2026-09-28	51.23	de_score	44.4
2026-09-28	T1:val	v0025	five_n2param	t1_val__n2param__v0025.h5ad	2026-09-28	51.23	de_direction	57.0
2026-09-28	T1:val	v0025	five_n2param	t1_val__n2param__v0025.h5ad	2026-09-28	51.23	mmd_u	53.6
2026-09-28	T1:val	v0025	five_n2param	t1_val__n2param__v0025.h5ad	2026-09-28	51.23	variogram	48.9
2026-09-28	T1:val	v0026	five_n3borrow	t1_val__n3borrow__v0026.h5ad	2026-09-28	50.44	de_score	43.9
2026-09-28	T1:val	v0026	five_n3borrow	t1_val__n3borrow__v0026.h5ad	2026-09-28	50.44	de_direction	56.8
2026-09-28	T1:val	v0026	five_n3borrow	t1_val__n3borrow__v0026.h5ad	2026-09-28	50.44	mmd_u	53.0
2026-09-28	T1:val	v0026	five_n3borrow	t1_val__n3borrow__v0026.h5ad	2026-09-28	50.44	variogram	46.9
2026-09-28	T1:val	v0027	five_o1mass	t1_val__o1mass__v0027.h5ad	2026-09-28	51.38	de_score	44.0
2026-09-28	T1:val	v0027	five_o1mass	t1_val__o1mass__v0027.h5ad	2026-09-28	51.38	de_direction	57.6
2026-09-28	T1:val	v0027	five_o1mass	t1_val__o1mass__v0027.h5ad	2026-09-28	51.38	mmd_u	53.7
2026-09-28	T1:val	v0027	five_o1mass	t1_val__o1mass__v0027.h5ad	2026-09-28	51.38	variogram	49.5
2026-09-28	T1:val	v0028	five_o2rate	t1_val__o2rate__v0028.h5ad	2026-09-28	49.19	de_score	42.1
2026-09-28	T1:val	v0028	five_o2rate	t1_val__o2rate__v0028.h5ad	2026-09-28	49.19	de_direction	55.2
2026-09-28	T1:val	v0028	five_o2rate	t1_val__o2rate__v0028.h5ad	2026-09-28	49.19	mmd_u	50.7
2026-09-28	T1:val	v0028	five_o2rate	t1_val__o2rate__v0028.h5ad	2026-09-28	49.19	variogram	48.4
2026-09-29	T1:val	v0034	three_r1compose	t1_val__r1compose__v0034.h5ad	2026-09-28 18:57	53.24	de_score	46.0
2026-09-29	T1:val	v0034	three_r1compose	t1_val__r1compose__v0034.h5ad	2026-09-28 18:57	53.24	de_direction	60.0
2026-09-29	T1:val	v0034	three_r1compose	t1_val__r1compose__v0034.h5ad	2026-09-28 18:57	53.24	mmd_u	55.4
2026-09-29	T1:val	v0034	three_r1compose	t1_val__r1compose__v0034.h5ad	2026-09-28 18:57	53.24	variogram	50.6
2026-09-29	T1:val	v0035	three_r2joint	t1_val__r2joint__v0035.h5ad	2026-09-28 19:01	53.43	de_score	46.8
2026-09-29	T1:val	v0035	three_r2joint	t1_val__r2joint__v0035.h5ad	2026-09-28 19:01	53.43	de_direction	60.2
2026-09-29	T1:val	v0035	three_r2joint	t1_val__r2joint__v0035.h5ad	2026-09-28 19:01	53.43	mmd_u	55.1
2026-09-29	T1:val	v0035	three_r2joint	t1_val__r2joint__v0035.h5ad	2026-09-28 19:01	53.43	variogram	50.8
2026-09-29	T1:val	v0036	three_r3mix	t1_val__r3mix__v0036.h5ad	2026-09-28 19:08	53.36	de_score	47.0
2026-09-29	T1:val	v0036	three_r3mix	t1_val__r3mix__v0036.h5ad	2026-09-28 19:08	53.36	de_direction	59.5
2026-09-29	T1:val	v0036	three_r3mix	t1_val__r3mix__v0036.h5ad	2026-09-28 19:08	53.36	mmd_u	55.1
2026-09-29	T1:val	v0036	three_r3mix	t1_val__r3mix__v0036.h5ad	2026-09-28 19:08	53.36	variogram	51.0
2026-09-30	T1:val	v0037	seven_n1moment	t1_val__n1moment__v0037.h5ad		52.65	de_score	45.0
2026-09-30	T1:val	v0037	seven_n1moment	t1_val__n1moment__v0037.h5ad		52.65	de_direction	59.6
2026-09-30	T1:val	v0037	seven_n1moment	t1_val__n1moment__v0037.h5ad		52.65	mmd_u	54.6
2026-09-30	T1:val	v0037	seven_n1moment	t1_val__n1moment__v0037.h5ad		52.65	variogram	50.7
2026-09-30	T1:val	v0038	seven_n2covot	t1_val__n2covot__v0038.h5ad		53.55	de_score	46.5
2026-09-30	T1:val	v0038	seven_n2covot	t1_val__n2covot__v0038.h5ad		53.55	de_direction	60.3
2026-09-30	T1:val	v0038	seven_n2covot	t1_val__n2covot__v0038.h5ad		53.55	mmd_u	55.7
2026-09-30	T1:val	v0038	seven_n2covot	t1_val__n2covot__v0038.h5ad		53.55	variogram	50.8
2026-09-30	T1:val	v0039	seven_n3graph	t1_val__n3graph__v0039.h5ad		53.23	de_score	46.4
2026-09-30	T1:val	v0039	seven_n3graph	t1_val__n3graph__v0039.h5ad		53.23	de_direction	60.0
2026-09-30	T1:val	v0039	seven_n3graph	t1_val__n3graph__v0039.h5ad		53.23	mmd_u	55.1
2026-09-30	T1:val	v0039	seven_n3graph	t1_val__n3graph__v0039.h5ad		53.23	variogram	50.6
2026-09-30	T1:val	v0040	seven_f1soft	t1_val__f1soft__v0040.h5ad		53.02	de_score	46.0
2026-09-30	T1:val	v0040	seven_f1soft	t1_val__f1soft__v0040.h5ad		53.02	de_direction	59.9
2026-09-30	T1:val	v0040	seven_f1soft	t1_val__f1soft__v0040.h5ad		53.02	mmd_u	54.8
2026-09-30	T1:val	v0040	seven_f1soft	t1_val__f1soft__v0040.h5ad		53.02	variogram	50.6
2026-09-30	T1:val	v0041	seven_s1growth	t1_val__s1growth__v0041.h5ad		52.91	de_score	45.7
2026-09-30	T1:val	v0041	seven_s1growth	t1_val__s1growth__v0041.h5ad		52.91	de_direction	59.6
2026-09-30	T1:val	v0041	seven_s1growth	t1_val__s1growth__v0041.h5ad		52.91	mmd_u	55.3
2026-09-30	T1:val	v0041	seven_s1growth	t1_val__s1growth__v0041.h5ad		52.91	variogram	49.9
2026-09-30	T1:val	v0042	seven_f2stable	t1_val__f2stable__v0042.h5ad		53.31	de_score	46.5
2026-09-30	T1:val	v0042	seven_f2stable	t1_val__f2stable__v0042.h5ad		53.31	de_direction	60.1
2026-09-30	T1:val	v0042	seven_f2stable	t1_val__f2stable__v0042.h5ad		53.31	mmd_u	55.0
2026-09-30	T1:val	v0042	seven_f2stable	t1_val__f2stable__v0042.h5ad		53.31	variogram	50.7
2026-09-30	T1:val	v0043	seven_s2mix	t1_val__s2mix__v0043.h5ad		53.55	de_score	46.5
2026-09-30	T1:val	v0043	seven_s2mix	t1_val__s2mix__v0043.h5ad		53.55	de_direction	59.7
2026-09-30	T1:val	v0043	seven_s2mix	t1_val__s2mix__v0043.h5ad		53.55	mmd_u	56.0
2026-09-30	T1:val	v0043	seven_s2mix	t1_val__s2mix__v0043.h5ad		53.55	variogram	50.9
2026-09-30	T1:val	v0044	pbmean_pba05	t1_val__pba05__v0044.h5ad		48.75	de_score	42.3
2026-09-30	T1:val	v0044	pbmean_pba05	t1_val__pba05__v0044.h5ad		48.75	de_direction	58.2
2026-09-30	T1:val	v0044	pbmean_pba05	t1_val__pba05__v0044.h5ad		48.75	mmd_u	52.4
2026-09-30	T1:val	v0044	pbmean_pba05	t1_val__pba05__v0044.h5ad		48.75	variogram	39.4
2026-09-30	T1:val	v0045	pbmean_pba10	t1_val__pba10__v0045.h5ad		47.92	de_score	43.5
2026-09-30	T1:val	v0045	pbmean_pba10	t1_val__pba10__v0045.h5ad		47.92	de_direction	58.1
2026-09-30	T1:val	v0045	pbmean_pba10	t1_val__pba10__v0045.h5ad		47.92	mmd_u	52.2
2026-09-30	T1:val	v0045	pbmean_pba10	t1_val__pba10__v0045.h5ad		47.92	variogram	34.4
2026-09-30	T1:val	v0046	pbmean_pbb05	t1_val__pbb05__v0046.h5ad		49.10	de_score	41.2
2026-09-30	T1:val	v0046	pbmean_pbb05	t1_val__pbb05__v0046.h5ad		49.10	de_direction	58.8
2026-09-30	T1:val	v0046	pbmean_pbb05	t1_val__pbb05__v0046.h5ad		49.10	mmd_u	52.5
2026-09-30	T1:val	v0046	pbmean_pbb05	t1_val__pbb05__v0046.h5ad		49.10	variogram	41.8
2026-09-30	T1:val	v0047	pbmean_pbb10	t1_val__pbb10__v0047.h5ad		49.97	de_score	43.5
2026-09-30	T1:val	v0047	pbmean_pbb10	t1_val__pbb10__v0047.h5ad		49.97	de_direction	58.8
2026-09-30	T1:val	v0047	pbmean_pbb10	t1_val__pbb10__v0047.h5ad		49.97	mmd_u	53.2
2026-09-30	T1:val	v0047	pbmean_pbb10	t1_val__pbb10__v0047.h5ad		49.97	variogram	42.1
