scenario	split	method	de_score	de_direction	severity_abs	mmd_u	variogram	mse	density
pooled	development_LOPO17	identity	0.0	0.0	6.907755278982137	0.03368284029231707	0.003945133825734172	0.004812172855662129	0.16777272727272727
pooled	development_LOPO17	mean	0.1503267973856209	0.3198621192953979	4.0337160553443505	0.032716664850017715	0.005634983424548859	0.004348499070717303	0.6102657754010695
pooled	development_LOPO17	mse_ridge	0.22401960784313724	0.3538985544848827	3.5405139250827586	0.03241138183567317	0.005674417391733256	0.004312569507477191	0.6037491978609626
pooled	development_LOPO17	retained	0.38888888888888884	0.4182596745572587	2.6933372631583454	0.02843115015348267	0.005112893166582691	0.0036622644521201856	0.6064262032085561
pooled	development_LOPO17	shuffled_mse	0.173202614379085	0.32803346858557036	3.9592953667257675	0.03244383061008855	0.0057565891242382155	0.004275532961299566	0.608911229946524
pooled	development_LOPO17	shuffled_rank	0.11421568627450979	0.3364346622444202	5.164094364736529	0.03305785416702884	0.009245697269250888	0.0046403992904241916	0.5764898395721926
pooled	development_LOPO17	signed_rank_ridge	0.07663398692810458	0.3546863523746926	4.789578449547767	0.03281427826838564	0.009121545260094885	0.004617323165341157	0.5733663101604278
pooled	historical_holdout9	identity	0.0	0.0	6.907755278982137	0.05715844865694205	0.006132127731479343	0.008064885919746603	0.16777272727272727
pooled	historical_holdout9	mean	0.1373553915220582	0.30259573796158784	3.6368483609534668	0.051971245890508104	0.007596698430917703	0.006819237105864514	0.6120545454545454
pooled	historical_holdout9	mse_ridge	0.2236801778468445	0.362408317972484	1.8558149865097804	0.049571479906547346	0.0073958855227072295	0.006496898062747497	0.6031535353535353
pooled	historical_holdout9	retained	0.3496298454631788	0.4049379769207244	1.717405833779634	0.04939962915185361	0.007101913340471325	0.006417779867770741	0.5912363636363636
pooled	historical_holdout9	shuffled_mse	0.25412781662781664	0.28034572383250445	2.6984220916190496	0.05305978778034392	0.00813801221072966	0.0070536660366886895	0.6072080808080808
pooled	historical_holdout9	shuffled_rank	-0.052776698610031945	0.28987091555020683	3.9118351126328808	0.05625526725557295	0.011477106400238739	0.007824063511712392	0.5741070707070707
pooled	historical_holdout9	signed_rank_ridge	-0.06330613830613831	0.378980926361883	4.105634884237711	0.05532024140656098	0.01106061317873802	0.0076594998690590515	0.5694202020202019
sample0_to_1	development_LOPO17	identity	0.0	0.0	6.907755278982137	0.04045146299918613	0.0048531585119216784	0.00574060234251075	0.16088235294117648
sample0_to_1	development_LOPO17	mean	0.051587301587301584	0.03571260332610922	4.235322992196009	0.04454862679668181	0.008384249259570377	0.005901345892884874	0.6087174163783161
sample0_to_1	development_LOPO17	mse_ridge	0.052711993888464474	0.05351190547029403	4.286434143003188	0.04449783492441348	0.00847904238799213	0.0058963904100399495	0.6047727797001153
sample0_to_1	development_LOPO17	retained	0.27473474238180123	0.13131681484600483	2.5357944247822903	0.03956629908108581	0.007520679751106833	0.005010567054459017	0.6399204152249135
sample0_to_1	development_LOPO17	shuffled_mse	0.08921993039640098	0.04665237375055196	4.062417442582218	0.04446493470600716	0.008459978531863716	0.0058607382607370785	0.6057093425605536
sample0_to_1	development_LOPO17	shuffled_rank	-0.01836855954503013	0.030907506850858812	4.990211144310864	0.04151178657797711	0.012260812183887243	0.005929451554212932	0.5747635524798155
sample0_to_1	development_LOPO17	signed_rank_ridge	-0.015401918343094812	0.037052026084393286	5.625541026767488	0.04130015650567052	0.012144241204015386	0.005893309936997569	0.5758085351787774
sample0_to_1	historical_holdout9	identity	0.0	0.0	6.907755278982137	0.061873098251428046	0.006943138987126071	0.008758614587883629	0.16088235294117648
sample0_to_1	historical_holdout9	mean	-0.004100529100529073	0.08648487123726087	2.9050724620049277	0.06256469067729543	0.010099146492134649	0.008160654818551718	0.6165686274509804
sample0_to_1	historical_holdout9	mse_ridge	0.045502645502645524	0.11376001295949899	2.7831616248278066	0.06029965191211289	0.009973365053326057	0.007823394984064412	0.6029477124183007
sample0_to_1	historical_holdout9	retained	0.09153439153439154	0.19473322241351895	3.317987532151064	0.05947615945837998	0.009512664857144939	0.007758900641988099	0.6285446623093682
sample0_to_1	historical_holdout9	shuffled_mse	-0.039634439634439626	0.05584678334096736	4.321719259857192	0.0633948841435783	0.010729750460875034	0.008428650736199222	0.6038257080610021
sample0_to_1	historical_holdout9	shuffled_rank	-0.21327561327561323	0.03321786974419479	5.900594410936224	0.06262277008268168	0.014229790796520496	0.008839339266775935	0.5762854030501089
sample0_to_1	historical_holdout9	signed_rank_ridge	-0.14885762385762383	0.0992591198902432	5.883521652597611	0.061580161944732544	0.013764862814846575	0.008629506035256744	0.5721285403050109
sample1_to_0	development_LOPO17	identity	0.0	0.0	6.907755278982137	0.03558018593400024	0.0045652481026838415	0.0052779440480069635	0.17372881355932204
sample1_to_0	development_LOPO17	mean	0.06721036899608329	0.026943350038222496	4.955717688239992	0.040089877783087875	0.007490659129586526	0.005830225480413347	0.5711535393818545
sample1_to_0	development_LOPO17	mse_ridge	0.08907184085755514	0.05497832709164375	4.269318578706527	0.0398752550019492	0.007372600724560876	0.0058064471549012335	0.564321036889332
sample1_to_0	development_LOPO17	retained	0.1378272521129664	0.11344244367798256	3.465978348632881	0.03559226462528454	0.006677811825092745	0.0050928255138665175	0.6016749750747756
sample1_to_0	development_LOPO17	shuffled_mse	0.08198309626881055	0.037046719636418646	3.803972532573214	0.03943306202579087	0.0075143965413321445	0.005690037949745791	0.5671884346959122
sample1_to_0	development_LOPO17	shuffled_rank	-0.007166048237476806	0.029132953239901227	4.768708008221032	0.03625543378133267	0.0104966724522787	0.0054457808399421895	0.546777666999003
sample1_to_0	development_LOPO17	signed_rank_ridge	0.04867295403009688	0.033821451420244515	4.989100044657686	0.036199401830597056	0.010386466668603055	0.005438066860868018	0.540740777666999
sample1_to_0	historical_holdout9	identity	0.0	0.0	6.907755278982137	0.05918068859369531	0.006963147383679147	0.008950041583479269	0.17372881355932204
sample1_to_0	historical_holdout9	mean	-0.1340277777777778	0.04364939954894036	4.05879741706251	0.05991160956894632	0.009874588436482232	0.008750527918815275	0.5767966101694916
sample1_to_0	historical_holdout9	mse_ridge	-0.14131944444444447	0.0902759240957791	4.16451478330118	0.058313410299023385	0.00966577892099125	0.00850000214058353	0.5620922787193974
sample1_to_0	historical_holdout9	retained	0.023412698412698378	0.20198339197567347	2.22247338996598	0.05661386735742439	0.008956292004521721	0.008126598299670933	0.5731525423728814
sample1_to_0	historical_holdout9	shuffled_mse	-0.12569444444444447	0.03846736399915131	4.278820209647122	0.06116878559806592	0.010227160757947055	0.009041501178403443	0.5706252354048964
sample1_to_0	historical_holdout9	shuffled_rank	-0.18983134920634923	0.015145592082810192	5.521507290243922	0.06013094460078261	0.013261787206099471	0.009132017047189212	0.5433446327683615
sample1_to_0	historical_holdout9	signed_rank_ridge	-0.1686507936507937	0.072302061794207	5.20322825041912	0.059341510715700235	0.012832687937759895	0.008944885743841462	0.5438267419962335
