board	version	method	path	sha256	server_score	score_status	local_contract
T2:heart:val_extrap	v0001	pseudobulk_shift	submissions/scored/baseline-001/T2_heart_val_extrap/submission.h5ad	f30beba62da673bb4c980d92eec2bc9ea03696e5c2b65414307c2e0402bd7504	50.5	registered	pass
T2:heart:val_extrap	v0002	g1_formal_log_rms	submissions/candidates/T2_heart_val_extrap/v0002_g1_formal_log_rms/submission.h5ad	8c76db9cdd5453422d4c392108fd459c4ca44b9c391dd9af4605017988164834	50.2	registered	pass
T2:heart:val_extrap	v0003	g1_all_stage_log_rms_ols	submissions/candidates/T2_heart_val_extrap/v0003_g1_all_stage_log_rms_ols/submission.h5ad	a85b8207e50002068a3bdfd4d9dd6677fffd4f1177262e83a1fb0f271fb86a26	49.8	registered	pass
T2:heart:val_extrap	v0004	j1_latent_knn10	submissions/candidates/T2_heart_val_extrap/v0004_b1_a4_latent_knn10/submission.h5ad	3f1869bbb9fbc8f1f00ce4b7214c4ac8a8ec2a76336651c0060f69e5d067ad30	50.0	registered	pass
T2:heart:val_extrap	v0005	j1_state_hash10	submissions/candidates/T2_heart_val_extrap/v0005_b1_a4_state_hash10/submission.h5ad	bfec39b18a2e7d0b2a8c2a1d978550ff258728a4433aaec4ecf7dc65337325c8	49.9	registered	pass
T2:heart:val_extrap	v0006	t2_s3_l1_pycpd	submissions/candidates/T2_heart_val_extrap/v0006_t2_s3_l1_pycpd/submission.h5ad	ec1f703d51dc077143603204064d81ca497e0c744c16cdfc58ea51d195f4fd52		score_pending	pass
T2:heart:val_extrap	v0007	t2_s3_l2_spateo	submissions/candidates/T2_heart_val_extrap/v0007_t2_s3_l2_spateo/submission.h5ad	47ab47d67096e95cc6982ceae11944aeebfe0e70504165b60cb505099ae291f1		score_pending	pass
T2:heart:val_extrap	v0008	b4_t2_r3_l1_damp050	submissions/candidates/T2_heart_val_extrap/v0008_b4_t2_r3_l1_damp050/submission.h5ad	a58896c949cdb391b14ca630c00321cb943aaf450dd58fb2045a26266c0c457e	48.40	scored	pass
T2:heart:val_extrap	v0009	b4_t2_r3_l2_time1333	submissions/candidates/T2_heart_val_extrap/v0009_b4_t2_r3_l2_time1333/submission.h5ad	f692fd8f1a06de633879907fb2faa7487d90b7053ff503dbf64e17cd520cd60c	50.51	scored	pass
T2:heart:val_extrap	v0010	b4_t2_r3_l3_popmix050	submissions/candidates/T2_heart_val_extrap/v0010_b4_t2_r3_l3_popmix050/submission.h5ad	4475b2331828d99e57dbba7abf798108d8df435c6fc969a39db6e15c16df04cf	48.87	scored	pass
T2:heart:val_extrap	v0011	g0_t2_r2_shrink	submissions/candidates/T2_heart_val_extrap/v0011_g0_t2_r2_shrink/submission.h5ad	38edc52e3a9af7cdf87085c0f87d12d630dcfec8d5bb55735b383e62017d44e9	50.64	scored	pass
T2:heart:val_extrap	v0012	g0_t2_r3_spatial	submissions/candidates/T2_heart_val_extrap/v0012_g0_t2_r3_spatial/submission.h5ad	4456cc7568a237093d9e944f36a5877d4d0bb465342f40df7ee50c04b0c00873	50.26	scored	pass
T2:heart:val_extrap	v0013	g0_t2_r4_k07	submissions/candidates/T2_heart_val_extrap/v0013_g0_t2_r4_k07/submission.h5ad	451837a8d9b69f2cf87c1147e2401866baad1165fe837bc9cbc09516d8f6cd0b	50.32	scored	pass
T2:heart:val_extrap	v0014	g0_t2_r4_k15	submissions/candidates/T2_heart_val_extrap/v0014_g0_t2_r4_k15/submission.h5ad	d7583979c33ca686143a270e7f195e3daf4dfe9f7e459db658c7735b804cec99	50.26	scored	pass
T2:heart:val_extrap	v0015	g0_t2_r4_k30	submissions/candidates/T2_heart_val_extrap/v0015_g0_t2_r4_k30/submission.h5ad	04e360c51dbf01295a9c2a6eaf22061d68bea9a7f1118260ccfb1256f6c134fa	50.28	scored	pass
T2:heart:val_extrap	v0016	g0_t2_r5_k60	submissions/candidates/T2_heart_val_extrap/v0016_g0_t2_r5_k60/submission.h5ad	1f02c2f2605217644852443baab7d04222c3490cb5f248223bad4bf4f087026d	50.25	scored	pass
T2:heart:val_extrap	v0017	x_n1_lineage	submissions/candidates/T2_heart_val_extrap/v0017_x_n1_lineage/submission.h5ad	7ffd3053b456de4c13a1e2de2173a836a388b7125f03d43630f39f2b63da6adf	48.17	scored	pass
T2:heart:val_extrap	v0018	x_n2_trend3	submissions/candidates/T2_heart_val_extrap/v0018_x_n2_trend3/submission.h5ad	8f6acfb2945a2d6d3967289973739c6a7386e691a03d404a0c190715d5aea757	48.40	scored	pass
T2:heart:val_extrap	v0019	x_n3_compmix	submissions/candidates/T2_heart_val_extrap/v0019_x_n3_compmix/submission.h5ad	680f2b7fc12dec87e7fff6d6aa3a556070a9e5f07564391f4be0474e4df9c165	50.38	scored	pass_with_deviation
T2:heart:val_extrap	v0020	x_o1_trendshrink	submissions/candidates/T2_heart_val_extrap/v0020_x_o1_trendshrink/submission.h5ad	ab5c6f4ae6b98d3dd25190e5c737b4d2928d6eb6dc99fb162f9e046c99c84f47	48.59	scored	pass
T2:heart:val_extrap	v0021	x_o2_shrinkcomp	submissions/candidates/T2_heart_val_extrap/v0021_x_o2_shrinkcomp/submission.h5ad	55aae9fd24a2839d94d2e4b42d2bbe621a807c1c1b8e9be7fad8d4511575a967	50.52	scored	pass_with_deviation
T2:heart:val_extrap	v0022	x_r1	submissions/candidates/T2_heart_val_extrap/v0022_x_r1/submission.h5ad	f5cc7c5926ca8e724c104f001269673216f29a3f7dd5f13ab041c15b6a9e8990	50.74	scored	pass
T2:heart:val_extrap	v0023	x_r2	submissions/candidates/T2_heart_val_extrap/v0023_x_r2/submission.h5ad	c2d5063d32120a7cf68c4e911bfc712d102a06176ead7a7162ffa5f9f54deb26	50.03	scored	pass
T2:heart:val_extrap	v0024	qte_time_compmix_seed929	submissions/candidates/T2_heart_val_extrap/v0024_qte_tc_s929/submission.h5ad	8bb6e4706b6bf4bd20bf2100b3aa4c62dcf91b06f71392c47c95e9103405f5a8	50.09	scored	pass_with_deviation
T2:heart:val_extrap	v0025	qte_compmix_seed20261008	submissions/candidates/T2_heart_val_extrap/v0025_qte_compmix/submission.h5ad	1b0d17d9dedf3b4183e1d1b475ce7afa72e791533767d9f96c23a12a40b1ac43	50.17	scored	pass_with_deviation
T2:heart:val_extrap	v0026	qte_time_normalized_4over3	submissions/candidates/T2_heart_val_extrap/v0026_qte_time/submission.h5ad	2e7cbc4b3f03170fb2eae43c9e78ca443ce3bf7fa9c187a08ebf06915c137ab2	50.03	scored	pass
T2:heart:val_extrap	v0027	share_lin_trend_x_qte_time	submissions/candidates/T2_heart_val_extrap/v0027_sharetrend_qte/submission.h5ad	6f4dbe1cbaed012dcba6e8325ba1838a33330427be18b36e0cf845e103e111ec	39.60	scored	pass_with_deviation
T2:heart:val_extrap	v0028	qte_time_compmix_seed20261008	submissions/candidates/T2_heart_val_extrap/v0028_qte_tc_s008/submission.h5ad	dc811606fafdbbec69665d936bebefafae3121096f69dae0de4e58a09753a1af	50.08	scored	pass_with_deviation
T2:heart:val_extrap	v0029	qte_compmix_scale09	submissions/candidates/T2_heart_val_extrap/v0029_ar_scale09/submission.h5ad	ef2f4786819950701286df0fc557cf41fa2f6065a1749dc74e26c137f4b27a47	49.40	scored	pass
T2:heart:val_extrap	v0030	x_r3_medlib09	submissions/candidates/T2_heart_val_extrap/v0030_x_r3_medlib09/submission.h5ad	71f587ed68177b7cdbea27f27333523caa33668badc08efd782afb3d541d53a3	51.12	scored	pass
T2:heart:val_extrap	v0031	x_r4_xwalk09	submissions/candidates/T2_heart_val_extrap/v0031_x_r4_xwalk09/submission.h5ad	86fec27fbc3c2fd8b22b147f9b0eb4e69fa9cea0fad7baadc08705235249d41f	49.91	scored	pass
T2:heart:val_extrap	v0032	x_r5_tshrink09	submissions/candidates/T2_heart_val_extrap/v0032_x_r5_tshrink09/submission.h5ad	079cc77534f8bfe0e57bb67fc4b2c5f8d80580fcc85e9e12738429ab5865570e	51.14	scored	pass
T2:heart:val_extrap	v0033	x_r6_medlib05	submissions/candidates/T2_heart_val_extrap/v0033_x_r6_medlib05/submission.h5ad	32b3fd6e9d6c6da3eae283b35eded1446dd601d3709531bfbe51b985762a114c	50.89	scored	pass
T2:heart:val_extrap	v0034	x_r7_typeadapt	submissions/candidates/T2_heart_val_extrap/v0034_x_r7_typeadapt/submission.h5ad	bcc9005380444486b7a762a66c3a01246381d798cb24af3eb99b6d365ea19a54	51.02	scored	pass
T2:heart:val_extrap	v0035	x_grows	submissions/candidates/T2_heart_val_extrap/v0035_x_grows/submission.h5ad	3cfb0791bbacbe592692e5b3a308c41feec26a9d2a7ae4e3714474eeb13f2bef	49.06	scored	pass
T2:heart:val_extrap	v0036	x_endpoint_rank	submissions/candidates/T2_heart_val_extrap/v0036_x_endpoint_rank/submission.h5ad	0b89c69adff3b5cb3d86f0d8b0dbfe667f289343b0d7ac8908ca9c70ed33fc03	50.47	registered	pass
