seed,model,local_total,de,direction,severity_abs,severity_log,severity_r2,beta_unthresholded,beta_from_score,n_up,n_down,mmd,variogram,de_skill,direction_skill,severity_abs_skill,mmd_skill,variogram_skill
0,baseline,57.41570607844928,0.028571428571428577,0.1387784656495449,2.05869121200718,-2.05869121200718,0.0593,0.1276208907365799,0.12762088932750426,63,27,0.016371048986911774,0.02383732981979847,50.75757575757576,53.75509724187635,77.09580727268657,48.35461663245412,45.91441533301669
0,residual,57.45650267499851,0.028571428571428577,0.1360383200379425,2.0390020631030596,-2.0390020631030596,0.0576,0.13015852868556976,0.13015853609458558,63,27,0.016259826719760895,0.023863721638917923,50.75757575757576,53.67550350940212,77.26582278372311,48.52500028795363,45.88622924862552
0,conditional,57.63008111082656,0.028571428571428577,0.13777798119871978,2.07886572809722,-2.07886572809722,0.0595,0.12507200241088867,0.12507199742438516,63,27,0.01505877636373043,0.023671552538871765,50.75757575757576,53.72600856131999,76.92237497446602,50.44443214009412,46.09225803495039
0,both,57.669482686783944,0.028571428571428577,0.135411074831352,2.059554953435645,-2.059554953435645,0.058,0.12751071155071259,0.12751070547028587,63,27,0.014975139871239662,0.023690633475780487,50.75757575757576,53.657316894087984,77.08836600789232,50.58376478946446,46.07171824100515
1,baseline,57.41007160533841,0.014285714285714273,0.14386271440260626,2.0770786319019647,-2.0770786319019647,0.0568,0.1252957135438919,0.1252957129561628,64,27,0.0167692843824625,0.023104863241314888,50.37037037037037,53.89570300862792,76.88950536588956,48.740285140768954,46.92280229632067
1,residual,57.45085320685192,0.014285714285714273,0.14112212108022482,2.057519528045642,-2.057519528045642,0.055,0.12777051329612732,0.12777050831265216,64,27,0.01664603501558304,0.023143453523516655,50.37037037037037,53.815825926628705,77.05729593952101,48.925423412985964,46.880135245563245
1,conditional,57.65235749280494,0.014285714285714273,0.14301994980910732,2.096299922294586,-2.096299922294586,0.0573,0.12291036546230316,0.12291036583732436,64,27,0.015388324856758118,0.02276299148797989,50.37037037037037,53.87111463355727,76.72532315203125,50.89833483460411,47.304209439302575
1,both,57.692423966053596,0.014285714285714273,0.14063871742095466,2.07713327377182,-2.07713327377182,0.0556,0.12528887391090393,0.12528886675116843,64,27,0.015292355790734291,0.022789407521486282,50.37037037037037,53.80176124579326,76.88903763632825,51.055431020332854,47.274517649652125
2,baseline,56.92961872950817,0.014705882352941176,0.13949980230802578,2.062462538196463,-2.062462538196463,0.0575,0.12714049220085144,0.12714049575509662,63,26,0.017017418518662453,0.02415834181010723,50.37593984962406,53.76305776010479,77.02321798087308,47.079309745650754,43.38438337372992
2,residual,56.969421283568934,0.014705882352941176,0.13679472989798233,2.0427427384528043,-2.0427427384528043,0.0556,0.129672572016716,0.12967256476421468,63,26,0.016898922622203827,0.024206040427088737,50.37593984962406,53.68470996227258,77.19301401314762,47.25383429702088,43.33435273980199
2,conditional,57.153876956549475,0.014705882352941176,0.13856931111775941,2.0826411254383554,-2.0826411254383554,0.0578,0.12460069358348846,0.1246006911818445,63,26,0.01571294292807579,0.02374809794127941,50.37593984962406,53.736081884471865,76.85024309952159,49.074613454514605,43.81950176402684
2,both,57.192932387101614,0.014705882352941176,0.1362110198197035,2.063295233209113,-2.063295233209113,0.0561,0.12703466415405273,0.12703467056454446,63,26,0.015619303099811077,0.023786740377545357,50.37593984962406,53.66783374160124,77.01606455097985,49.224369283229905,43.77814431351915
