path	sha256
code/T2__heart__val_extrap.genes.txt	bf40079bfb50c78d9360905156bd7fd8b39e711ad0cc44866e6dac3f7e9999fa
code/backtest.py	f38d3c079626c187a77fd215277f60e2bb7ed214a01701c380fd15e368ec04e1
code/build.py	85ffeb007e00afb2435164f1cdeefd5258174d12fedbdec82aa569853c72f1cb
code/evaluate.py	f63441aa6fcd52fb2b700c2d4e2f24c5e25ecbd03f1ffa55c6c6025c37deb556
code/run.sh	c2bf8bb0d1202bec03c6a49defc1ccf8e2dd76b92519e400da98029a69897a16
code/runtime.py	8bece78891d5f96ba2cb00cb37e762370794ae2e589e7bd83cbda1510f758c37
code/summarize.py	c98b4b236a00279fd4b2b647626d64b68889538c912e6fad6754a2d5deb066ed
code/t2_recipes.py	fcd6617dfee6d0e09d1c5d16d102bea02e9f6b4d74f2817f5c07ed869dc66fdf
code/test_operator.py	06d25e1df63a07c34b9fb0f595352216fb0453b52ce092b56b644a4576948999
code/veckit/.gitignore	b238ac2e5933a1ce80ddecd8ac735db3a9e29441c763cf3b27d2c8ba532a4121
code/veckit/LICENSE	22325e2f0ed62f603feb6b5888cad1f891fcd9b89b1cfab3c70b1dca0ac974f4
code/veckit/README.md	088e62cd3d528804dd3c3e5ed42fac44b154aedcf82104c30d8fa22975152a09
code/veckit/T1/__init__.py	e4fd7d8b631c0d6ac761c08e0891aa9318822b9152627c1224987ce627339689
code/veckit/T1/metrics.py	c6252f964e782b4bb20f8b66352eb43ee244de402dafea5d3a0864ad5ed2fab8
code/veckit/T1/metrics_v2.py	8d49a59cb853da0763e48236a07f2b141e485437314e69812f27bf8aa53ba313
code/veckit/T2/__init__.py	8e09c15e4a206457e6c385a2eac0e35e688a23031a35155d5a2e24c6df40a908
code/veckit/T2/metrics.py	2c8aeb720aa44661d0d05bfd6d389093b8d879601a41ac7280a1da506a64bd13
code/veckit/T2/metrics_v2.py	5d06e68f6d6848f64eb7b798ea42ca31d8c1f9a61084c174a4f50eaf88bdd878
code/veckit/T3/__init__.py	8c2b643df37d8e7c4d9013915a3a60235341fb87a789c52ef0efa71e502b6679
code/veckit/T3/metrics.py	b338d3ff6e977f093922ec5de2dd05c07faa472b29d44d901ce9a7cb432d1376
code/veckit/T3/metrics_v2.py	ebc0882a1c1d3a83f05b577ef0084e5fb2e9075faad065304d094df1727f67a2
code/veckit/common/__init__.py	10587826cd419dcaad46b4742ee35e12a1f6b34589e08b411c9cd7c5b35a6b4c
code/veckit/common/core_metrics.py	3be7099a0c9a7ad5b609f86078871ed8290ed0bd8916b0cb3e14fb9831909f31
code/veckit/common/shape_metrics.py	bd80ef2705f9be93fe1538e77445d4eb217d4b955c6cd38c69b26b0671be91c0
code/veckit/pyproject.toml	763c2670bd5ae014a5f04b640b9f854e228397c3af7ea4fb37ffbb776d77a320
code/veckit/score_h5ad.py	52034554f03aec10193cb09baa2c78a1de04218ef678f327eb63acc58fa28add
code/veckit/veckit.py	b991dc27e1b169b732721f4d79ff183c29879f6c4fee9ceb7e897a63172b4108
code/veckit/veckit_tutorial.ipynb	32b86382d43d337e41979e81e0b4d70ddd6b960226213261b11c7890f1237404
code/vecommon.py	40ccdc40665a2c324d5a9dd5f7a60d33ee129c5802d3f775b98723791cc10e66
code/verify.py	dbc80eabc2a4e34de5f936790078652afd96d692ccf232e833891f705894640e
code/zp_operator.py	086a73cb7447c2cf1a4e19bec7a1a4a255d5e3c051ccc6d55541c45a83f4a009
