query,model,de,direction,severity_abs,severity_r2,mmd,variogram,mse,detection,sha256
Dnmt3a,identity,-0.24999999999999997,-0.1308131220457489,6.907755278982137,0.0067,0.012562833726406097,0.011518878862261772,0.03260261142001693,0.11658236004832863,1be7da56c95eab37550008729bbc1fdbc4b0743c57657c047d46b81a1978e3b3
Dnmt3a,mean_within,0.06250000000000001,0.20698551432022,1.4541308771346093,0.1557,0.023875482380390167,0.016615508124232292,0.04219947811546646,0.12456437105651766,54058a01b07d0dc90d793f20e35fa9eff0f82ad89a2bae31ad13926b82c4ad4f
Dnmt3a,mean_combined,-0.03124999999999997,0.26960278543106453,1.1516650656658112,0.1939,0.02564227022230625,0.020562339574098587,0.05222396648062562,0.12717277486910994,e15a011fb6cae207d891b209a7eca9d5ccdb239d3c3f6ae798e23b713e0fdd91
Dnmt3a,nearest_within,-0.28124999999999994,-0.05510741881538498,6.907755278982137,0.0647,0.028069060295820236,0.020526589825749397,0.05632298154347224,0.12199516713652839,69572817c3ff839d3e924e70cc49448ce7cec27fb5598bea9e1c929283ba2d10
Dnmt3a,nearest_combined,-0.21874999999999994,0.03075366888316552,6.907755278982137,0.0095,0.028965000063180923,0.02312667854130268,0.06268191349223373,0.12300496710967915,c5ffb994e55e920dca333ed0e951437e0709cbefb41d2b407c878dcd400b2d92
Dnmt3a,ridge_within,-0.15624999999999997,0.12231286874393567,6.907755278982137,0.0045,0.024752795696258545,0.01728357933461666,0.04673306033622232,0.1216469324741576,89f54263bacf0e4196cbaae721f819f1a24106861ae8b057e63d99287cd83205
Dnmt3a,ridge_combined,-0.12499999999999996,0.12160562590930035,2.5237116455360793,0.0176,0.02591118775308132,0.020056478679180145,0.05327644432990403,0.12377580883340046,7d9d883b975a6b582e28b7f227ccaaf5ee22255147a3e7498e15ce9e0430bfb2
Dnmt3a,known_response_oracle,0.7812499999999998,0.8351372679505052,0.04606646959229871,0.9538,0.0029507323633879423,0.0019467149395495653,0.004492217544486262,0.10711800241643174,ba49b264cfced382d0ec5659ede07d1554a57bb8761f51417cf564a33a3ce4f7
Kmt2a,identity,-0.13157894736842102,-0.052167889596178435,5.782114792940245,0.0104,0.011699490249156952,0.013298789039254189,0.03389464650586866,0.11706591488790441,8e5a6ab723182580ddac0a34d037b1aedf3bde42aea01dc90b8fb5532c6f8c58
Kmt2a,mean_within,0.6842105263157894,0.5561441551996854,0.41270717830631964,0.7615,0.007676531560719013,0.005131974350661039,0.012253862413288267,0.12072922539938247,f8428eb74d89f8c0fc62ae2bd58c7907a40575f1536f0d9bb9e8e1d914d08ab8
Kmt2a,mean_combined,0.5789473684210525,0.5969400024574062,0.11493978872276085,0.7976,0.006737774703651667,0.004548026714473963,0.012315645382451277,0.12438582360048328,16eff18556371e3cdf329f1b5367b488d4310e50f235b840ddbe7f7b1d681ccc
Kmt2a,nearest_within,0.36842105263157887,0.528520116705468,0.22680881166604763,0.6218,0.010125127620995045,0.007056037895381451,0.019481283520956676,0.13618445428916634,1cedf7fa77c2d81bd72197a3b74935b5e07f3f1c07c396e6c5b323f5bc23e88d
Kmt2a,nearest_combined,0.5526315789473685,0.6066932634418446,0.04126792457638331,0.7235,0.008943354710936546,0.00859095435589552,0.022235128034239587,0.14061028325949793,310355a846dccf458cc749a031b05339d06bd3e2b8fe6a34b83896e00ecac152
Kmt2a,ridge_within,0.4210526315789473,0.5275867175932663,0.21724676449994682,0.6634,0.009819136932492256,0.006724709644913673,0.01835032475491918,0.1291810981339777,9902a7c8973b5594a9638fb45d206b135b2441ef5c38c9a547a7de3970aedc88
Kmt2a,ridge_combined,0.49999999999999994,0.6019112155152622,0.06646160618571187,0.7515,0.009007816202938557,0.007119311019778252,0.020913937676470304,0.13444838233319908,b7f5d7aa6021553f7bba86a8206b3d40b602148e559aa3f90ecc98eea92ee800
Kmt2a,known_response_oracle,0.8421052631578947,0.8687100468897546,0.04911589574869691,0.9626,0.002583105815574527,0.0017445083940401673,0.0025247209167996447,0.136192509061619,55ff80a083b2a9411adb0d79f2722065a58376798ced32de49a8895cc346a1d5
Kdm2b,identity,0.0641025641025641,-0.015579489052406482,6.907755278982137,-0.0071,0.043271444737911224,0.03077341429889202,0.09243260215648386,0.11771808296415626,1e7b1833c31eeacdeb77290de4e598207d6c82244cfff2c3083d5bb92f61ef3f
Kdm2b,mean_within,0.5512820512820513,0.6285246784411437,1.0244960649470933,0.7408,0.025247717276215553,0.015544014051556587,0.04514237597034811,0.12313303799167674,39d6fe1761c572590fef53eb02c93b2c15d289b168a4b982dba24ef5837cc9c1
Kdm2b,mean_combined,0.5897435897435896,0.6299615583758614,0.7624644873977687,0.8072,0.020470967516303062,0.012245399877429008,0.03560214889829776,0.12649483152100954,7a1ae90c60939892c3e96fed23f63c9d385e81864f6dbfadbfb0af0c693bffac
Kdm2b,nearest_within,0.48717948717948717,0.5978388358965965,0.734198060209584,0.6584,0.02287108078598976,0.016713490709662437,0.0442403653106518,0.13682991005504094,8c450ed0b672e61032879a2fc336f3c0ad2830929adac2768792a44234957fb5
Kdm2b,nearest_combined,0.5256410256410257,0.5952732961097206,0.5155411679067329,0.7327,0.020257974043488503,0.016680192202329636,0.03841079756892741,0.14146355215465162,2a6dad0bf69acf7c572708c9f69d9f8480d8ebbc550fdcb14ef6d8e45c714def
Kdm2b,ridge_within,0.49999999999999994,0.5827775841331116,1.1138391345387864,0.6657,0.027148688212037086,0.01698184199631214,0.05023437018309005,0.12375808833400456,fc45483aa81da28aa3b034fbac0bfa29e29251e535a98b98ea6537dca112b1f8
Kdm2b,ridge_combined,0.5512820512820513,0.5968538524404854,0.8527742241594228,0.7529,0.021465938538312912,0.014339244924485683,0.04058614397252443,0.12675124177741978,3fc5c12c555b18982ee29b491f20b4b89c78bed3034d31f939ce2cf092b2151c
Kdm2b,known_response_oracle,0.8717948717948717,0.9175959746724268,0.0013379085001330724,0.9787,0.005365641321986914,0.0016270673368126154,0.0037439289163596935,0.125254128070882,4d1e60780450757efa83021616df2bc19c96105fcaf4dc73aa8a5473bbbce36a
Dnmt1,identity,0.03124999999999999,-0.08068448310894079,6.907755278982137,-0.0048,0.029702704399824142,0.022698411718010902,0.06950552698148331,0.11890481943885085,8c16ce2f3f099e104be0a231a25311de2c68362cacd24bddb2a44d165053882e
Dnmt1,mean_within,0.5781250000000001,0.6256671546283508,0.8993860174505672,0.6573,0.01694265753030777,0.011106726713478565,0.033342805951153395,0.12596831789501947,3704743c0a1a7a3847539fd9bde8000a25e8bdd50df3a0433cca832f95571761
Dnmt1,mean_combined,0.65625,0.7576016773418152,0.6202019987355362,0.7393,0.010469144210219383,0.00824647769331932,0.023766970198740536,0.1284204591220298,8f8d84a473e3e6aa446665aa9e1b131ba5e1005d774e00e2d9d2c67a5243f74d
Dnmt1,nearest_within,0.45312499999999994,0.5819101307897598,1.1051363337420728,0.4185,0.02188355103135109,0.014053567312657833,0.042277315278695014,0.12452168076251846,7e5694963dc6d8af707010e00c39164a06d65fbf2e0fb5587acf0e319aa45861
Dnmt1,nearest_combined,0.53125,0.7228298172662322,0.7622184280270841,0.5361,0.013537360355257988,0.011136052198708057,0.03302825920915588,0.12518807893677003,d74806bed11dd7f917d05b8e548fa115fd3c67f7a96d1bf0cc6f4035188f0755
Dnmt1,ridge_within,0.609375,0.6713548698775357,0.9665296418891679,0.6681,0.017710240557789803,0.011572100222110748,0.03374041484807538,0.12729789233454156,76a8c09557e2ed10be3dba76f7cb1ff723037b90ee1de0e1c208fb7e95369878
Dnmt1,ridge_combined,0.6875,0.7938883717237988,0.6750896432749799,0.7322,0.00961063802242279,0.008184222504496574,0.0242630344876184,0.12886454557658747,5aff1d2c7f495d0da639cef6ca946a5ce86893d218162c1f22e58178077c1837
Dnmt1,known_response_oracle,0.796875,0.8832044682097672,0.10279499832688772,0.9578,0.004443368408828974,0.002753593260422349,0.006528348541998561,0.11572130487313734,c46993aed5e83f974f192ce257d9a4cb056cffd60fc8ac3e5138d86a29c56b47
Dnmt3b,identity,-0.18181818181818182,-0.06987585758482855,6.907755278982137,0.2474,0.020049849525094032,0.01090021338313818,0.03708439645877162,0.11651201503557525,e284dac669bf7c46883c9e6f4cb10f7e2afb7cd732b051993423e18993ca24f9
Dnmt3b,mean_within,0.36363636363636365,0.4800222078059476,0.7816822393202209,0.5495,0.011637580581009388,0.007928986102342606,0.026676531400685953,0.12186629077728554,a3174795b06dced802d05654fdf1df3e48abccee72821f6237a2578b6e1d6b49
Dnmt3b,mean_combined,0.45454545454545453,0.5539837744319793,0.410472992467946,0.6758,0.00792173482477665,0.007887371815741062,0.02349231083999469,0.12539884548261512,1bc2b050b2e05d775e366b90c510b028d441311a9741747773d213dc90f7f2f2
Dnmt3b,nearest_within,-0.09090909090909091,-0.1940373483005522,6.907755278982137,-0.0517,0.04193422943353653,0.027636252343654633,0.08949829121943793,0.10562840649751644,533b687b5a019f84ed1dae9a367db0b0541e717b5dc21fcc1b4ea3356bf94a1a
Dnmt3b,nearest_combined,-0.06060606060606062,-0.15920988433588465,6.907755278982137,-0.026,0.038130585104227066,0.028282713145017624,0.0886083228213947,0.106760907504363,6ddd5944a408ced30eb82b6085194bbd74a328c1ee85ddb9fcb6408de2771c1f
Dnmt3b,ridge_within,0.27272727272727276,0.3711759031208582,1.431039040561188,0.2218,0.01683526113629341,0.011497010476887226,0.03831844507884057,0.11387837293596456,4335d459fbaf240ce3af3ebed25eb10fb3e514f09fcab9ba1e3a072582f0da8d
Dnmt3b,ridge_combined,0.4242424242424242,0.47755988174863206,0.816550950908838,0.4627,0.01277056336402893,0.011100037954747677,0.03293402432114121,0.11673996509598604,799bb0f78e2f7831094241fabee171bc03e5f210faa875ea435f5c12175b27eb
Dnmt3b,known_response_oracle,0.8787878787878788,0.8076150962353743,0.26453786111352756,0.9541,0.003153313649818301,0.0019453464774414897,0.0045775929081765575,0.12421640488656195,691dc6156baf24a9b32c5e429579643e02226dcef61278fec46339a514d2836e
Ehmt2,identity,0.06666666666666665,0.06230196693462208,6.907755278982137,-0.1688,0.010456669144332409,0.011451045982539654,0.032587309962151624,0.11809961068599813,9ab1dda872115244dea91d35f11757655701288f974e6d4fa9b6d1a7e9b42975
Ehmt2,mean_within,0.5333333333333334,0.6381834806863106,0.49482073060711174,0.6172,0.01045981328934431,0.00667600566521287,0.01649338672869043,0.12250637669485837,05a35f0abe5ef24d7dadf34ffeff2d69f3f2cd9597d52d614b83a027ebc6070c
Ehmt2,mean_combined,0.4222222222222222,0.5312737465996173,0.3855101141055337,0.5103,0.013584035448729992,0.010120724327862263,0.0267545478494154,0.1259151563968318,f05b1776510b6afb807bb382dbeabf9df6503008f4a6ff0e8f51333d1494f90f
Ehmt2,nearest_within,0.2666666666666666,0.1560960560436993,1.5382595170882207,0.0276,0.022564034909009933,0.019862407818436623,0.05399907778782111,0.10680816216941871,580915e1517b994d035a79ad2c76812c9b8a124ed45173c55238fb6ad1c84de2
Ehmt2,nearest_combined,0.24444444444444444,0.14843332777491636,1.5247974655899723,0.0363,0.023423409089446068,0.021594807505607605,0.05652527388415165,0.10841347831923748,ee47819c4825b4511ff75994ab7c158c98bdde93661433da37d6929757375e1c
Ehmt2,ridge_within,0.5111111111111112,0.5007800463483932,0.6972820047885686,0.4695,0.010840062983334064,0.008562905713915825,0.021806195281531132,0.11728554168344744,19879fe41a3a2c269e159821aa7c9f366b8b1a9e8521af32b9786f3254c401e7
Ehmt2,ridge_combined,0.39999999999999997,0.4464927429686656,0.6075044717755282,0.4505,0.011805485002696514,0.010234175249934196,0.027251198572093367,0.11964854342864814,596132a303c7ae9a075c7d5fbdf138380efd44e7f5ab33aca5b73613e5693174
Ehmt2,known_response_oracle,0.6000000000000001,0.7624732290126852,0.07950124560326399,0.835,0.007659316062927246,0.005528716836124659,0.014293732403250622,0.1293164183111827,9f16bbd2670a93f147aa03f8251041a8e5f7d73505b3a973ada6def7919e055b
Kmt2b,identity,-0.16666666666666663,-0.17618215861255818,6.907755278982137,0.03,0.013760030269622803,0.01586630567908287,0.04188235657141044,0.11621989528795812,1146e1dee987f5c1d008c6ba254076c180e0835f558ddadbfeaf040efa477941
Kmt2b,mean_within,0.574074074074074,0.6137047258006438,0.593477246253938,0.7002,0.01123037375509739,0.00753843504935503,0.01746290645477939,0.11903826016915021,1d9944ddd2dab10e168e97167d83b32c3a5f3218c205c84268cb2cf1fdbeddcc
Kmt2b,mean_combined,0.5925925925925926,0.6779055977202373,0.3189056500295467,0.7033,0.010213911533355713,0.007324316073209047,0.016069421591160427,0.12211813666263928,4d907c48540e1a9d1564d592b9f7dd3d5ac8c38cb230ce86fde74375edecacd0
Kmt2b,nearest_within,0.31481481481481477,0.3173303007264106,1.0586810929892267,0.2776,0.015072211623191833,0.012157849036157131,0.03334315073716788,0.12149174385823601,f737046ef5ac840e0605fb7bae64a5f4a43d808e6d31e0a68713d7b658b2a630
Kmt2b,nearest_combined,0.38888888888888884,0.4609047854186115,0.7100090149374388,0.3708,0.012421989813446999,0.011079718358814716,0.03055186353347811,0.12375110753121224,28897dff48d21baa1e9fc1c57e268f27082eb8c957567e7927d719b5d69c53ba
Kmt2b,ridge_within,0.537037037037037,0.5515958585106848,0.5071638632949614,0.5944,0.012678712606430054,0.007665027864277363,0.01965070660653634,0.12380158410524902,7993fd4c084dd811d4e439b4c44452ef4c7b301b3094c1147606ea99aee8c5ac
Kmt2b,ridge_combined,0.5925925925925926,0.6160677491744629,0.23304861757594728,0.614,0.011917268857359886,0.008022477850317955,0.020046859699001416,0.12724795274533496,1ee951e14d2c60aad4f08cad7aaaae42051ebaf2e7ba78d2272e6de27f97cbb5
Kmt2b,known_response_oracle,0.7592592592592592,0.7972741069943267,0.2198196095551497,0.843,0.009816122241318226,0.00514317536726594,0.014701601133781706,0.1391314270371862,3cccbbe97bb7537a943e0adcad9b050cd7a74155ff235791a25f7d60d25d7f37
