scenario	split	gene	method	de_score	de_direction	severity_abs	mmd_u	variogram	severity_r2	mean_response_mse	density
pooled	development17	Yy1	identity	0.0	0.0	6.907755278982137	0.09821747243404388	0.009910875000059605	0.0	0.014314689503771637	0.16777272727272727
pooled	development17	Yy1	qtl025	0.3749999999999999	0.23889572257872138	2.6118729718524087	0.08954758942127228	0.00918652955442667	0.4578	0.012399314939968058	0.16777272727272727
pooled	development17	Yy1	dsign05	0.5	0.37851637326987897	1.95368411708848	0.08277750760316849	0.00829582940787077	0.3681	0.010774493720124248	0.16777272727272727
pooled	development17	Yy1	retained_mult05	0.5	0.3822329994278602	1.95368411708848	0.08279366791248322	0.008292529731988907	0.3681	0.010772541392366155	0.16777272727272727
pooled	development17	Yy1	retained_mult1	0.5	0.3817403339932694	1.2798762286289602	0.07030609250068665	0.006906561087816954	0.3809	0.00809540470979904	0.16777272727272727
pooled	development17	Arid2	identity	0.0	0.0	6.907755278982137	0.04037955403327942	0.004447375424206257	0.0	0.005834311755948436	0.16777272727272727
pooled	development17	Arid2	qtl025	0.8333333333333334	0.3921560894979029	2.135378287588964	0.032726384699344635	0.003919411450624466	0.9251	0.004631269502546509	0.16777272727272727
pooled	development17	Arid2	dsign05	0.8333333333333334	0.6898359945671848	1.1885577314785405	0.021028831601142883	0.0028277800884097815	0.9608	0.002896578185679302	0.16777272727272727
pooled	development17	Arid2	retained_mult05	0.8333333333333334	0.6897019471894853	1.1885577314785405	0.021036988124251366	0.002826531184837222	0.9608	0.002895711376120052	0.16777272727272727
pooled	development17	Arid2	retained_mult1	0.8333333333333334	0.6894679770654004	0.49213319716773735	0.008588714525103569	0.0017486665165051818	0.9586	0.0012435345696405796	0.16777272727272727
pooled	development17	Setd1b	identity	0.0	0.0	6.907755278982137	0.023639362305402756	0.002596844220533967	0.0	0.0033931324239163006	0.16777272727272727
pooled	development17	Setd1b	qtl025	0.16666666666666666	0.2383927682019177	6.907755278982137	0.02489670179784298	0.0025331093929708004	-1.821	0.003393266461021157	0.16777272727272727
pooled	development17	Setd1b	dsign05	0.3333333333333333	0.37340251688902726	6.907755278982137	0.02220817282795906	0.002417435171082616	-0.8779	0.0031123685274060345	0.16777272727272727
pooled	development17	Setd1b	retained_mult05	0.5	0.32310536645206606	6.907755278982137	0.022075362503528595	0.002350010210648179	-1.0562	0.003021206020980794	0.16777272727272727
pooled	development17	Setd1b	retained_mult1	0.3333333333333333	0.3230078338463817	6.907755278982137	0.022283410653471947	0.0022079970221966505	-1.0703	0.0029296654211498113	0.16777272727272727
pooled	development17	Brd9	identity	0.0	0.0		0.00821355264633894	0.0017495237989351153		0.0018847949276854959	0.16777272727272727
pooled	development17	Brd9	qtl025	0.5	0.09679050237102033		0.00823051668703556	0.0017612240044400096		0.001861766846072196	0.16777272727272727
pooled	development17	Brd9	dsign05	0.5	0.41703248270273496		0.007711692247539759	0.001528668450191617		0.0014579218497094836	0.16777272727272727
pooled	development17	Brd9	retained_mult05	0.5	0.46657753929823703		0.0063732401467859745	0.001332926214672625		0.0012269260820934496	0.16777272727272727
pooled	development17	Brd9	retained_mult1	0.5	0.4656097029023467		0.007123962044715881	0.0011615983676165342		0.0011576953177849078	0.16777272727272727
pooled	development17	Znhit1	identity	0.0	0.0		0.012131230905652046	0.0017415477195754647		0.0015012859919317147	0.16777272727272727
pooled	development17	Znhit1	qtl025	0.0	0.06481460582664547		0.009115231223404408	0.0016862120246514678		0.0013117832580358826	0.16777272727272727
pooled	development17	Znhit1	dsign05	0.0	0.40710830792167535		0.009316658601164818	0.001321959774941206		0.0009866540781576008	0.16777272727272727
pooled	development17	Znhit1	retained_mult05	0.0	0.47411284999818076		0.010846903547644615	0.0012539690360426903		0.0009873169018725476	0.16777272727272727
pooled	development17	Znhit1	retained_mult1	1.0	0.4738583575079306		0.01547464169561863	0.0011295012664049864		0.001458948841566163	0.16777272727272727
pooled	development17	Kansl1	identity	0.0	0.0	6.907755278982137	0.023692632094025612	0.002633068012073636	0.0	0.0033269429603739404	0.16777272727272727
pooled	development17	Kansl1	qtl025	0.0	0.11437467959125468	6.907755278982137	0.023218603804707527	0.0025234478525817394	-0.8102	0.0029984669238463635	0.16777272727272727
pooled	development17	Kansl1	dsign05	0.16666666666666666	0.3275985998922637	2.0115960925891785	0.02357000671327114	0.002352488460019231	0.5462	0.0026819337436841005	0.16777272727272727
pooled	development17	Kansl1	retained_mult05	0.3333333333333333	0.29340931261869524	1.7792522645895381	0.023103008046746254	0.0023461005184799433	0.6653	0.0026907393425952687	0.16777272727272727
pooled	development17	Kansl1	retained_mult1	0.3333333333333333	0.29327408310402364	1.0846237260746812	0.02692422829568386	0.0025124293752014637	0.6598	0.002968991900744731	0.16777272727272727
pooled	development17	Pbrm1	identity	0.0	0.0		0.016854163259267807	0.0022604705300182104		0.0027552077129048775	0.16777272727272727
pooled	development17	Pbrm1	qtl025	1.0	0.40399676822656905		0.00946862529963255	0.0017829678254202008		0.0016726611257242604	0.16777272727272727
pooled	development17	Pbrm1	dsign05	0.3333333333333333	0.6908051435910215		0.0037631287705153227	0.0011074411449953914		0.0007507276004694236	0.16777272727272727
pooled	development17	Pbrm1	retained_mult05	0.3333333333333333	0.6852013050226701		0.003768000053241849	0.0011076850350946188		0.0007517813043784791	0.16777272727272727
pooled	development17	Pbrm1	retained_mult1	0.6666666666666666	0.6842451528792		0.0027776912320405245	0.0006843935116194189		0.0005604536431345895	0.16777272727272727
pooled	development17	Tfpt	identity	0.0	0.0		0.012493851594626904	0.0013018337776884437		0.0020209294407437734	0.16777272727272727
pooled	development17	Tfpt	qtl025	0.25	0.1264008605646036		0.01123795099556446	0.0012193693546578288		0.0018081467282516797	0.16777272727272727
pooled	development17	Tfpt	dsign05	0.75	0.36066686516524693		0.005694699473679066	0.0009118978050537407		0.0009968557624384145	0.16777272727272727
pooled	development17	Tfpt	retained_mult05	0.75	0.3715197329597252		0.005452513694763184	0.000847371993586421		0.0008406057192342949	0.16777272727272727
pooled	development17	Tfpt	retained_mult1	0.75	0.3716860659761586		0.004966363310813904	0.0006605426897294819		0.0005517668327361694	0.16777272727272727
pooled	development17	Setdb1	identity	0.0	0.0	6.907755278982137	0.038086939603090286	0.005820584483444691	0.0	0.005450679128989646	0.16777272727272727
pooled	development17	Setdb1	qtl025	0.2222222222222222	0.09856148336613274	6.907755278982137	0.03873329609632492	0.005771174095571041	-0.0052	0.005476953589385896	0.16777272727272727
pooled	development17	Setdb1	dsign05	0.2222222222222222	0.3641302921687748	3.249351680794305	0.03624364361166954	0.005587367340922356	0.1181	0.005058640155731396	0.16777272727272727
pooled	development17	Setdb1	retained_mult05	0.2222222222222222	0.31093179788173464	2.7374429080827323	0.03515841066837311	0.0055472468957304955	0.3673	0.004911236867830427	0.16777272727272727
pooled	development17	Setdb1	retained_mult1	0.2222222222222222	0.310918447533404	2.063859842304513	0.03384682536125183	0.005366483703255653	0.3733	0.004645978715229902	0.16777272727272727
pooled	development17	Chd4	identity	0.0	0.0	6.907755278982137	0.04412331059575081	0.005487118382006884	0.0	0.00559971687046667	0.16777272727272727
pooled	development17	Chd4	qtl025	0.0	0.0258414463087164	6.907755278982137	0.047784917056560516	0.0055234055034816265	-0.0785	0.0060118743735076575	0.16777272727272727
pooled	development17	Chd4	dsign05	-0.1	0.2948381354348339	6.907755278982137	0.04672618955373764	0.005319125484675169	-0.3464	0.00558189462986522	0.16777272727272727
pooled	development17	Chd4	retained_mult05	0.0	0.3608829173060706	6.907755278982137	0.04667675867676735	0.00529328640550375	-0.3111	0.005544189787021731	0.16777272727272727
pooled	development17	Chd4	retained_mult1	0.0	0.3613370607450601	6.907755278982137	0.05061399191617966	0.005221250932663679	-0.3033	0.005761373167261376	0.16777272727272727
pooled	development17	Srcap	identity	0.0	0.0	6.907755278982137	0.058375220745801926	0.006396692246198654	0.0	0.008711740423975605	0.16777272727272727
pooled	development17	Srcap	qtl025	-0.22222222222222215	0.1411226423648583	6.907755278982137	0.06172174960374832	0.0065472605638206005	-0.1152	0.009100458813142843	0.16777272727272727
pooled	development17	Srcap	dsign05	-0.3333333333333333	0.3882962386257715	3.5199080891673686	0.055893171578645706	0.005862880498170853	0.0834	0.00806625484635499	0.16777272727272727
pooled	development17	Srcap	retained_mult05	-0.22222222222222215	0.4628547683638427	2.2653315856395997	0.049455225467681885	0.005234331823885441	0.5192	0.0069319880750963285	0.16777272727272727
pooled	development17	Srcap	retained_mult1	-0.11111111111111113	0.46334775889359053	1.5686514519221284	0.042831823229789734	0.004454555921256542	0.5141	0.005980182167509123	0.16777272727272727
pooled	development17	Smarcd1	identity	0.0	0.0		0.009733227081596851	0.0016711641801521182		0.002050030117428037	0.16777272727272727
pooled	development17	Smarcd1	qtl025	0.5	0.012228381002103987		0.00949577521532774	0.0017243744805455208		0.0020380712137825956	0.16777272727272727
pooled	development17	Smarcd1	dsign05	0.5	0.2512658168160739		0.00814815890043974	0.0015225118258967996		0.0017642328509222978	0.16777272727272727
pooled	development17	Smarcd1	retained_mult05	0.5	0.33381670569467564		0.007761666085571051	0.0014815785689279437		0.0017066325203085589	0.16777272727272727
pooled	development17	Smarcd1	retained_mult1	0.5	0.3329707739079738		0.010081377811729908	0.0015777279622852802		0.0021031614784854666	0.16777272727272727
pooled	development17	Rest	identity	0.0	0.0		0.007474361453205347	0.0016135091427713633		0.0013880396302436578	0.16777272727272727
pooled	development17	Rest	qtl025	0.0	0.006334665027600211		0.007637550123035908	0.0016485878732055426		0.001477009098679347	0.16777272727272727
pooled	development17	Rest	dsign05	0.0	0.29770059642198415		0.008004976436495781	0.0015808340394869447		0.0013694327135206161	0.16777272727272727
pooled	development17	Rest	retained_mult05	0.0	0.3540796199616884		0.008312469348311424	0.0015420212876051664		0.0012948831686888623	0.16777272727272727
pooled	development17	Rest	retained_mult1	0.0	0.3541331462830724		0.010692293755710125	0.0015974004054442048		0.0014798891746884456	0.16777272727272727
pooled	development17	Dmap1	identity	0.0	0.0	6.907755278982137	0.04857661575078964	0.005132115446031094	0.0	0.005885896210858929	0.16777272727272727
pooled	development17	Dmap1	qtl025	0.125	-0.008182788520074475	6.907755278982137	0.05226762965321541	0.005213275086134672	-0.2978	0.006152429129522807	0.16777272727272727
pooled	development17	Dmap1	dsign05	0.25	0.32510296544551837	2.540467546543264	0.04921547323465347	0.004745350684970617	0.2562	0.005456415893576034	0.16777272727272727
pooled	development17	Dmap1	retained_mult05	0.5	0.3497568419791342	1.939722405615585	0.046735189855098724	0.00438460148870945	0.4812	0.004952612502197071	0.16777272727272727
pooled	development17	Dmap1	retained_mult1	0.5	0.34920982817701024	1.2415142414586393	0.04719890281558037	0.003989054821431637	0.4959	0.004774228001348892	0.16777272727272727
pooled	development17	Kmt2a	identity	0.0	0.0	6.907755278982137	0.038080912083387375	0.0056637488305568695	0.0	0.0052920537429351055	0.16777272727272727
pooled	development17	Kmt2a	qtl025	0.11111111111111109	0.05509010245275558	6.907755278982137	0.03592598810791969	0.005354138556867838	-0.0116	0.004714780614220875	0.16777272727272727
pooled	development17	Kmt2a	dsign05	0.11111111111111109	0.2919657067960593	2.8290274384291108	0.0350552536547184	0.005379748530685902	0.1483	0.0047114458419542475	0.16777272727272727
pooled	development17	Kmt2a	retained_mult05	0.0	0.3110945454707829	2.049924291976486	0.03449162095785141	0.005231831222772598	0.3803	0.00431440519804365	0.16777272727272727
pooled	development17	Kmt2a	retained_mult1	0.0	0.31036950417711623	1.367249351197631	0.035421982407569885	0.0051468778401613235	0.3721	0.004259477835653224	0.16777272727272727
pooled	development17	Egr2	identity	0.0	0.0		0.012902526184916496	0.0019137727795168757		0.001887817508085941	0.16777272727272727
pooled	development17	Egr2	qtl025	0.0	0.07381881159293821		0.015230774879455566	0.0020775378216058016		0.0023515952973177418	0.16777272727272727
pooled	development17	Egr2	dsign05	0.0	0.34851331960994214		0.013197721913456917	0.0018268778221681714		0.0018715617278584062	0.16777272727272727
pooled	development17	Egr2	retained_mult05	0.0	0.4332071113603256		0.012779787182807922	0.001779818325303495		0.0018070151086062591	0.16777272727272727
pooled	development17	Egr2	retained_mult1	0.0	0.43242734398456595		0.014404219575226307	0.001776604331098497		0.002009558014688369	0.16777272727272727
pooled	development17	Rnf40	identity	0.0	0.0	6.907755278982137	0.07963341474533081	0.006727030500769615	0.0	0.010509670195996426	0.16777272727272727
pooled	development17	Rnf40	qtl025	0.0	0.08871874956778292	6.907755278982137	0.07817012071609497	0.0065917037427425385	-0.1056	0.010067850424770623	0.16777272727272727
pooled	development17	Rnf40	dsign05	0.22222222222222224	0.3492454747106313	2.7276212290690025	0.07407069206237793	0.006200798321515322	0.0563	0.00937943170354629	0.16777272727272727
pooled	development17	Rnf40	retained_mult05	0.4444444444444445	0.40295450821791423	2.5378717995085984	0.072654590010643	0.006059317849576473	0.432	0.009132956127608931	0.16777272727272727
pooled	development17	Rnf40	retained_mult1	0.4444444444444445	0.4024521743618087	1.8574138410136507	0.06645511090755463	0.00548210833221674	0.4439	0.008011215431862118	0.16777272727272727
pooled	historical9	Brd7	identity	0.0	0.0		0.010477958247065544	0.0014190536458045244		0.0017403241857741434	0.16777272727272727
pooled	historical9	Brd7	qtl025	0.0	0.08690853742279646		0.010617283172905445	0.001397716230712831		0.0016537574733445195	0.16777272727272727
pooled	historical9	Brd7	dsign05	0.0	0.2696995300471524		0.009023967199027538	0.0012157635064795613		0.0013916394011891078	0.16777272727272727
pooled	historical9	Brd7	retained_mult05	0.0	0.2972944987100699		0.008535737171769142	0.0011886795982718468		0.001330484504990337	0.16777272727272727
pooled	historical9	Brd7	retained_mult1	0.0	0.29687782322755224		0.011087318882346153	0.0013529962161555886		0.0018130820959549104	0.16777272727272727
pooled	historical9	Kat8	identity	0.0	0.0	6.907755278982137	0.03249411657452583	0.004162673372775316	0.0	0.005199053643351089	0.16777272727272727
pooled	historical9	Kat8	qtl025	-0.4	0.25062339197016115	3.462228649228758	0.030515868216753006	0.004047861322760582	0.2864	0.00493863664424956	0.16777272727272727
pooled	historical9	Kat8	dsign05	0.6	0.5453829856697914	1.4931695436301964	0.023720595985651016	0.0033101551234722137	0.7392	0.003487418032412884	0.16777272727272727
pooled	historical9	Kat8	retained_mult05	0.6	0.5626273124622467	1.339601633790307	0.021569177508354187	0.0030277252662926912	0.9323	0.0030423182758312645	0.16777272727272727
pooled	historical9	Kat8	retained_mult1	0.6	0.562877406002394	0.6606725984338435	0.014304284937679768	0.0021788543090224266	0.9379	0.0016592828861368106	0.16777272727272727
pooled	historical9	Kat5	identity	0.0	0.0	6.907755278982137	0.10223136842250824	0.010588902048766613	0.0	0.014595757181208185	0.16777272727272727
pooled	historical9	Kat5	qtl025	0.15384615384615383	0.3460191671502666	2.8999328031057434	0.09439604729413986	0.01016174629330635	0.3925	0.013599326773071532	0.16777272727272727
pooled	historical9	Kat5	dsign05	0.07692307692307687	0.40467345082298456	2.4111576422026215	0.0912095457315445	0.009452064521610737	0.412	0.012601380388674964	0.16777272727272727
pooled	historical9	Kat5	retained_mult05	0.07692307692307687	0.39013495137785326	2.3849000035576284	0.09128497540950775	0.009450606070458889	0.4374	0.01255848448923891	0.16777272727272727
pooled	historical9	Kat5	retained_mult1	0.07692307692307687	0.39039361441334836	1.7020491055874316	0.08271048963069916	0.008624306879937649	0.4429	0.01128935654498538	0.16777272727272727
pooled	historical9	Ino80	identity	0.0	0.0	6.907755278982137	0.044653333723545074	0.003824857994914055	0.0	0.006343104317018769	0.16777272727272727
pooled	historical9	Ino80	qtl025	0.5000000000000001	0.3091072331761757	2.128650648143795	0.03714331239461899	0.003384118666872382	0.4805	0.0050791685955340945	0.16777272727272727
pooled	historical9	Ino80	dsign05	0.5000000000000001	0.5011766422002919	1.2749578633223504	0.02846694365143776	0.0025555600877851248	0.5932	0.0035344774382841068	0.16777272727272727
pooled	historical9	Ino80	retained_mult05	0.5000000000000001	0.5053235172279692	1.2749578633223504	0.02846354804933071	0.0025552217848598957	0.5932	0.003533910541630419	0.16777272727272727
pooled	historical9	Ino80	retained_mult1	0.5000000000000001	0.5042690151899837	0.6044848862760902	0.019056063145399094	0.0016887247329577804	0.5991	0.0019063503427648074	0.16777272727272727
pooled	historical9	Wdr82	identity	0.0	0.0	6.907755278982137	0.12593716382980347	0.012086506001651287	0.0	0.016950524131714773	0.16777272727272727
pooled	historical9	Wdr82	qtl025	-0.30769230769230765	0.13481704020453555	4.722631911244093	0.12404759228229523	0.012022453360259533	0.0449	0.0166767342756201	0.16777272727272727
pooled	historical9	Wdr82	dsign05	-0.30769230769230765	0.3087167876317603	3.0530794580866765	0.12143625319004059	0.011135262437164783	0.1325	0.015578205928795804	0.16777272727272727
pooled	historical9	Wdr82	retained_mult05	0.2307692307692307	0.4026667535656277	2.5731907576866675	0.11745007336139679	0.010493944399058819	0.2281	0.014731653588304304	0.16777272727272727
pooled	historical9	Wdr82	retained_mult1	0.2307692307692307	0.40270001640759473	1.9173342776572138	0.11215205490589142	0.00927518866956234	0.2235	0.013564046554888081	0.16777272727272727
pooled	historical9	Smarca4	identity	0.0	0.0	6.907755278982137	0.07199671119451523	0.007227623835206032	0.0	0.00992491076362246	0.16777272727272727
pooled	historical9	Smarca4	qtl025	-0.11111111111111119	0.11301384898439527	2.9531999885578424	0.06886354088783264	0.006917562801390886	0.2149	0.009103764039398794	0.16777272727272727
pooled	historical9	Smarca4	dsign05	0.11111111111111109	0.19228981980393378	2.420197327066138	0.06682373583316803	0.00655981944873929	0.1358	0.008764963268282092	0.16777272727272727
pooled	historical9	Smarca4	retained_mult05	0.11111111111111109	0.20470370915534938	2.3897095753272004	0.06640319526195526	0.006542096845805645	0.182	0.008722881238032219	0.16777272727272727
pooled	historical9	Smarca4	retained_mult1	0.11111111111111109	0.20450998368239284	1.723001202939814	0.06389318406581879	0.006182874087244272	0.1854	0.008385347058885263	0.16777272727272727
pooled	historical9	Paxip1	identity	0.0	0.0	6.907755278982137	0.044379133731126785	0.005885479971766472	0.0	0.0068004674375469485	0.16777272727272727
pooled	historical9	Paxip1	qtl025	0.18181818181818182	0.06732988725857708	3.5024010432151824	0.043249089270830154	0.00572925666347146	0.0997	0.006489114928132038	0.16777272727272727
pooled	historical9	Paxip1	dsign05	0.0	0.21666210936221594	3.743243883487348	0.045564353466033936	0.005703527480363846	0.0185	0.006629928389631805	0.16777272727272727
pooled	historical9	Paxip1	retained_mult05	0.18181818181818182	0.18916599260471778	6.907755278982137	0.04537399858236313	0.005724610760807991	-0.0173	0.006553377982603365	0.16777272727272727
pooled	historical9	Paxip1	retained_mult1	0.18181818181818182	0.1891270342652874	6.907755278982137	0.04789601266384125	0.0056570242159068584	-0.0165	0.0065743949585589	0.16777272727272727
pooled	historical9	Hcfc1	identity	0.0	0.0	6.907755278982137	0.06323087215423584	0.007819510996341705	0.0	0.008721756784562187	0.16777272727272727
pooled	historical9	Hcfc1	qtl025	0.18750000000000003	0.19494218740160058	3.1321028013336987	0.05820145457983017	0.007519458886235952	0.1027	0.008230128866317334	0.16777272727272727
pooled	historical9	Hcfc1	dsign05	0.5000000000000001	0.46496416213698544	2.3348587155221123	0.05663750320672989	0.0070069641806185246	0.3879	0.007486994351860533	0.16777272727272727
pooled	historical9	Hcfc1	retained_mult05	0.375	0.4778596211488776	2.221276137782212	0.05651057884097099	0.0067963614128530025	0.3157	0.007184296988866214	0.16777272727272727
pooled	historical9	Hcfc1	retained_mult1	0.375	0.47743544311374414	1.544130602400316	0.05248447135090828	0.0060573117807507515	0.3194	0.006330633829574493	0.16777272727272727
pooled	historical9	Yeats4	identity	0.0	0.0	6.907755278982137	0.01902550831437111	0.002174539491534233	0.0	0.002308074832920866	0.16777272727272727
pooled	historical9	Yeats4	qtl025	0.6	0.29307050705221566	1.4210133773506892	0.013095801696181297	0.0018228135304525495	0.7678	0.001592458473304614	0.16777272727272727
pooled	historical9	Yeats4	dsign05	0.6	0.5054133663647398	1.0026525665103552	0.010900115594267845	0.001413874444551766	0.8694	0.0011639374646906654	0.16777272727272727
pooled	historical9	Yeats4	retained_mult05	0.6	0.5164876750830864	1.0026525665103552	0.010898711159825325	0.001413241378031671	0.8694	0.0011634610935208423	0.16777272727272727
pooled	historical9	Yeats4	retained_mult1	0.8	0.5158558593014344	0.29157429162145404	0.007216943893581629	0.0010395381832495332	0.8797	0.0008451744017981331	0.16777272727272727
sample0_to_1	development17	Yy1	identity	0.0	0.0	6.907755278982137	0.1020272821187973	0.011549911461770535	0.0	0.015176049096701854	0.16088235294117648
sample0_to_1	development17	Yy1	qtl025	0.11111111111111113	0.1466656219728924	2.7650432285177993	0.09698167443275452	0.010884539224207401	0.5145	0.013460914560036103	0.16088235294117648
sample0_to_1	development17	Yy1	dsign05	0.11111111111111113	0.12039122017141465	2.22033520678059	0.0948217511177063	0.010349784046411514	0.4437	0.012436546939439796	0.16088235294117648
sample0_to_1	development17	Yy1	retained_mult05	0.11111111111111113	0.11862289534771235	2.220870337631883	0.09483477473258972	0.010350560769438744	0.4429	0.012438554098797678	0.16088235294117648
sample0_to_1	development17	Yy1	retained_mult1	0.11111111111111113	0.11792273600668654	1.5423745085608953	0.08934604376554489	0.009405973367393017	0.4434	0.010592174067374222	0.16088235294117648
sample0_to_1	development17	Arid2	identity	0.0	0.0	6.907755278982137	0.05416296795010567	0.0060449279844760895	0.0	0.008452640839055161	0.16088235294117648
sample0_to_1	development17	Arid2	qtl025	0.6363636363636364	0.22767478628615304	2.8310501066098825	0.050655145198106766	0.00560239190235734	0.5014	0.007575638175378753	0.16088235294117648
sample0_to_1	development17	Arid2	dsign05	0.7272727272727273	0.3029409399743399	1.8514159096256193	0.041780851781368256	0.004775143228471279	0.6056	0.006440431081705956	0.16088235294117648
sample0_to_1	development17	Arid2	retained_mult05	0.7272727272727273	0.30117280404849067	1.8514159096256193	0.04178132861852646	0.004775157198309898	0.6056	0.0064404509080217675	0.16088235294117648
sample0_to_1	development17	Arid2	retained_mult1	0.7272727272727273	0.30020611076264403	1.1659041598711857	0.034151844680309296	0.0040640197694301605	0.6148	0.005598378411374526	0.16088235294117648
sample0_to_1	development17	Setd1b	identity	0.0	0.0	6.907755278982137	0.02660357393324375	0.0036457483656704426	0.0	0.004116273867588119	0.16088235294117648
sample0_to_1	development17	Setd1b	qtl025	0.0	-0.02398424375267441	6.907755278982137	0.029207665473222733	0.003693194128572941	-0.1336	0.004222969114556654	0.16088235294117648
sample0_to_1	development17	Setd1b	dsign05	0.0	-0.025522487176913616	6.907755278982137	0.0282286349684	0.0037141432985663414	0.0012	0.004228745216915691	0.16088235294117648
sample0_to_1	development17	Setd1b	retained_mult05	0.2	-0.06694558841018192	2.808913653682577	0.027735937386751175	0.003672243095934391	0.0227	0.004094627260543839	0.16088235294117648
sample0_to_1	development17	Setd1b	retained_mult1	0.2	-0.06649919838001758	2.137531491660596	0.0306377150118351	0.003823651699349284	0.0228	0.0044023509153473485	0.16088235294117648
sample0_to_1	development17	Brd9	identity	0.0	0.0		0.013649322092533112	0.0025061555206775665		0.002620398075666812	0.16088235294117648
sample0_to_1	development17	Brd9	qtl025	0.0	-0.12670838934115972		0.014861221425235271	0.0025306129828095436		0.002630208702325786	0.16088235294117648
sample0_to_1	development17	Brd9	dsign05	0.3333333333333333	-0.007424533268807814		0.012959696352481842	0.002379094250500202		0.0022570643585996812	0.16088235294117648
sample0_to_1	development17	Brd9	retained_mult05	0.3333333333333333	0.1459253201312267		0.011326124891638756	0.0021725925616919994		0.001999451434151364	0.16088235294117648
sample0_to_1	development17	Brd9	retained_mult1	0.3333333333333333	0.145473637450198		0.010599290020763874	0.0020981510169804096		0.0019461094661228301	0.16088235294117648
sample0_to_1	development17	Znhit1	identity	0.0	0.0		0.01725524291396141	0.002327064983546734		0.00207581741189858	0.16088235294117648
sample0_to_1	development17	Znhit1	qtl025	0.0	0.07409031155203923		0.015220897272229195	0.0022425861097872257		0.002008254944573301	0.16088235294117648
sample0_to_1	development17	Znhit1	dsign05	0.0	0.16612985857552545		0.01699504628777504	0.0021087187342345715		0.0019551638073677362	0.16088235294117648
sample0_to_1	development17	Znhit1	retained_mult05	0.0	0.18549149619749108		0.01981254853308201	0.002132498426362872		0.0021310965044572376	0.16088235294117648
sample0_to_1	development17	Znhit1	retained_mult1	1.0	0.1857154864875468		0.02731163240969181	0.002328259404748678		0.0031637263349938356	0.16088235294117648
sample0_to_1	development17	Kansl1	identity	0.0	0.0		0.03236917406320572	0.003134943777695298		0.003353705900813412	0.16088235294117648
sample0_to_1	development17	Kansl1	qtl025	0.0	0.15165725402542016		0.03300504386425018	0.0029815793968737125		0.0029629590066719215	0.16088235294117648
sample0_to_1	development17	Kansl1	dsign05	0.0	0.07949175421580629		0.034007780253887177	0.002955189673230052		0.0027291941396431164	0.16088235294117648
sample0_to_1	development17	Kansl1	retained_mult05	0.0	0.0720302085220156		0.03350333124399185	0.0029362563509494066		0.002714955350957056	0.16088235294117648
sample0_to_1	development17	Kansl1	retained_mult1	0.0	0.07240886548372312		0.03827834501862526	0.0031934650614857674		0.0030562028595113627	0.16088235294117648
sample0_to_1	development17	Pbrm1	identity	0.0	0.0	6.907755278982137	0.029415348544716835	0.0033840197138488293	0.0	0.005010586425915664	0.16088235294117648
sample0_to_1	development17	Pbrm1	qtl025	0.8	0.2851671630574319	1.8917043334623511	0.021832933649420738	0.0028457622975111008	0.8491	0.0036736219811587508	0.16088235294117648
sample0_to_1	development17	Pbrm1	dsign05	0.8	0.37319075499301685	1.199627636920502	0.014764374122023582	0.002231515944004059	0.8836	0.0025701255910742676	0.16088235294117648
sample0_to_1	development17	Pbrm1	retained_mult05	0.8	0.36437473918054264	1.199627636920502	0.014774342067539692	0.0022322190925478935	0.8836	0.0025728456423572657	0.16088235294117648
sample0_to_1	development17	Pbrm1	retained_mult1	0.8	0.3635148547456606	0.49310730511570366	0.00872910488396883	0.0017973785288631916	0.8903	0.001736736298682828	0.16088235294117648
sample0_to_1	development17	Tfpt	identity	0.0	0.0		0.021691692993044853	0.002790306229144335		0.003898854257158902	0.16088235294117648
sample0_to_1	development17	Tfpt	qtl025	0.0	0.033705796611579915		0.022792132571339607	0.0026905627455562353		0.0036937813343615867	0.16088235294117648
sample0_to_1	development17	Tfpt	dsign05	0.3333333333333333	0.09413060951338946		0.020918885245919228	0.0024170400574803352		0.0030431156638330813	0.16088235294117648
sample0_to_1	development17	Tfpt	retained_mult05	0.6666666666666666	0.15359717369062373		0.01813824474811554	0.002224763622507453		0.002445407533644069	0.16088235294117648
sample0_to_1	development17	Tfpt	retained_mult1	0.6666666666666666	0.15304603471712042		0.020375121384859085	0.0019461342599242926		0.0019912786841120274	0.16088235294117648
sample0_to_1	development17	Setdb1	identity	0.0	0.0	6.907755278982137	0.04155721142888069	0.006596475839614868	0.0	0.006970566558773939	0.16088235294117648
sample0_to_1	development17	Setdb1	qtl025	0.0	0.09699026467837285	6.907755278982137	0.044064316898584366	0.006550488527864218	0.0397	0.007118071106744401	0.16088235294117648
sample0_to_1	development17	Setdb1	dsign05	0.1	0.21306520030882928	6.907755278982137	0.04301771894097328	0.006517445202916861	-0.2921	0.00690527368414754	0.16088235294117648
sample0_to_1	development17	Setdb1	retained_mult05	0.0	0.12192396373064127	6.907755278982137	0.04219384863972664	0.0064584724605083466	-0.5309	0.006781737369639737	0.16088235294117648
sample0_to_1	development17	Setdb1	retained_mult1	0.0	0.1220743408666758	6.907755278982137	0.04424998536705971	0.006424362771213055	-0.5292	0.0069185932378852755	0.16088235294117648
sample0_to_1	development17	Chd4	identity	0.0	0.0	6.907755278982137	0.05229072645306587	0.006003431510180235	0.0	0.0055704860295292475	0.16088235294117648
sample0_to_1	development17	Chd4	qtl025	0.16666666666666666	-0.0854622891006154	6.907755278982137	0.057436227798461914	0.00610312120988965	-0.0253	0.0061212217926622636	0.16088235294117648
sample0_to_1	development17	Chd4	dsign05	0.16666666666666666	0.06551776636059431	6.907755278982137	0.055755890905857086	0.005916615482419729	-0.1497	0.00562951957889089	0.16088235294117648
sample0_to_1	development17	Chd4	retained_mult05	0.3333333333333333	0.12857515675080153	3.1044146348939687	0.05518379062414169	0.005914238281548023	0.2044	0.005578859511453306	0.16088235294117648
sample0_to_1	development17	Chd4	retained_mult1	0.3333333333333333	0.12925018229302013	2.3999092421244073	0.05931953340768814	0.005957345012575388	0.22	0.005887769788224742	0.16088235294117648
sample0_to_1	development17	Srcap	identity	0.0	0.0	6.907755278982137	0.06517796218395233	0.007081947755068541	0.0	0.009054038209427642	0.16088235294117648
sample0_to_1	development17	Srcap	qtl025	-0.14285714285714288	0.057783014984687235	6.907755278982137	0.06845821440219879	0.00720883859321475	-0.0597	0.009414710740834718	0.16088235294117648
sample0_to_1	development17	Srcap	dsign05	-0.4285714285714286	0.2348680416631512	2.6988975286900274	0.0623648539185524	0.006536465138196945	0.1861	0.008132046887943698	0.16088235294117648
sample0_to_1	development17	Srcap	retained_mult05	-0.28571428571428575	0.2418831891365362	2.2188470255434467	0.05907110124826431	0.006142315920442343	0.3566	0.007448202456618734	0.16088235294117648
sample0_to_1	development17	Srcap	retained_mult1	-0.28571428571428575	0.24168843909944251	1.5303566624898368	0.05504428595304489	0.005587117746472359	0.3578	0.0068077997360319895	0.16088235294117648
sample0_to_1	development17	Smarcd1	identity	0.0	0.0		0.01285264827311039	0.002636953955516219		0.0030207613386252713	0.16088235294117648
sample0_to_1	development17	Smarcd1	qtl025	0.0	-0.0250906918219073		0.012444809079170227	0.0026699949521571398		0.0029450826418155993	0.16088235294117648
sample0_to_1	development17	Smarcd1	dsign05	0.0	0.06909379576109874		0.01258018333464861	0.002660653553903103		0.0028905204039871516	0.16088235294117648
sample0_to_1	development17	Smarcd1	retained_mult05	0.0	0.07350532704284005		0.01235248427838087	0.0026476820930838585		0.0028715677937144264	0.16088235294117648
sample0_to_1	development17	Smarcd1	retained_mult1	0.0	0.07337899605089823		0.014703614637255669	0.0029504643753170967		0.0033754002786670185	0.16088235294117648
sample0_to_1	development17	Rest	identity	0.0	0.0		0.011097215116024017	0.002338573569431901		0.0019748206135857143	0.16088235294117648
sample0_to_1	development17	Rest	qtl025	0.0	-0.03171165437874689		0.011196216568350792	0.0024348499719053507		0.0022399251354052116	0.16088235294117648
sample0_to_1	development17	Rest	dsign05	0.0	-0.05653793034408371		0.012434480711817741	0.002433428540825844		0.002158105698404006	0.16088235294117648
sample0_to_1	development17	Rest	retained_mult05	0.0	-0.03513770959334		0.013284492306411266	0.0024146500509232283		0.002097754659209137	0.16088235294117648
sample0_to_1	development17	Rest	retained_mult1	0.0	-0.03538966251809939		0.016921620815992355	0.0026349422987550497		0.0025413042770699077	0.16088235294117648
sample0_to_1	development17	Dmap1	identity	0.0	0.0	6.907755278982137	0.06079019233584404	0.00552726536989212	0.0	0.005781555751836097	0.16088235294117648
sample0_to_1	development17	Dmap1	qtl025	0.0	-0.08618758158854675	6.907755278982137	0.06478218734264374	0.00557674840092659	-0.1223	0.0060204559951505835	0.16088235294117648
sample0_to_1	development17	Dmap1	dsign05	0.4	0.03955235422079554	2.1963623146919167	0.06255098432302475	0.00521043548360467	0.5034	0.005437536051827143	0.16088235294117648
sample0_to_1	development17	Dmap1	retained_mult05	0.4	0.15234131189826328	2.0390444198110678	0.06360260397195816	0.005009640473872423	0.6454	0.005298219135774378	0.16088235294117648
sample0_to_1	development17	Dmap1	retained_mult1	0.4	0.1516089066087524	1.3364151429139022	0.06894221156835556	0.004861038643866777	0.6497	0.005695628561293079	0.16088235294117648
sample0_to_1	development17	Kmt2a	identity	0.0	0.0	6.907755278982137	0.04023578763008118	0.005861867219209671	0.0	0.005420688729867752	0.16088235294117648
sample0_to_1	development17	Kmt2a	qtl025	-0.28571428571428575	-0.025965862475850997	6.907755278982137	0.040212325751781464	0.005698019172996283	-0.1018	0.005081020076808961	0.16088235294117648
sample0_to_1	development17	Kmt2a	dsign05	-0.5714285714285715	0.09246279533515116	6.907755278982137	0.042252566665410995	0.005915223620831966	0.0483	0.005687328557640873	0.16088235294117648
sample0_to_1	development17	Kmt2a	retained_mult05	-0.42857142857142855	0.1544560049789071	6.907755278982137	0.04128071293234825	0.005761703010648489	-0.0022	0.0052873592892173525	0.16088235294117648
sample0_to_1	development17	Kmt2a	retained_mult1	-0.42857142857142855	0.15438432508845848	6.907755278982137	0.04611082375049591	0.00602280767634511	0.0013	0.006085952427532196	0.16088235294117648
sample0_to_1	development17	Egr2	identity	0.0	0.0		0.013512492179870605	0.002454915549606085		0.0020883074819940542	0.16088235294117648
sample0_to_1	development17	Egr2	qtl025	0.0	-0.050335006085160214		0.01718190498650074	0.002601935528218746		0.0025469824672789136	0.16088235294117648
sample0_to_1	development17	Egr2	dsign05	0.0	0.030653903735301868		0.01539397519081831	0.0024438940454274416		0.002154074998405391	0.16088235294117648
sample0_to_1	development17	Egr2	retained_mult05	0.0	0.0359533688893911		0.014857363887131214	0.0024227327667176723		0.0021217299887523067	0.16088235294117648
sample0_to_1	development17	Egr2	retained_mult1	0.0	0.035598115718018096		0.017684007063508034	0.002532529179006815		0.002477532755022464	0.16088235294117648
sample0_to_1	development17	Rnf40	identity	0.0	0.0	6.907755278982137	0.09298600256443024	0.008619180880486965	0.0	0.013004689234244523	0.16088235294117648
sample0_to_1	development17	Rnf40	qtl025	-0.39999999999999997	0.05480920535895059	6.907755278982137	0.09608349949121475	0.008604706265032291	-0.1206	0.012848873113133909	0.16088235294117648
sample0_to_1	development17	Rnf40	dsign05	0.2	0.07095237125716601	3.231341795812162	0.09058504551649094	0.008401918224990368	0.1381	0.01232496229303045	0.16088235294117648
sample0_to_1	development17	Rnf40	retained_mult05	0.39999999999999997	0.07139198674706924	3.107668651178279	0.09034492075443268	0.008372326381504536	0.1533	0.012272470055970819	0.16088235294117648
sample0_to_1	development17	Rnf40	retained_mult1	0.39999999999999997	0.07174404164335418	2.426490794844394	0.08869244158267975	0.008236636407673359	0.1568	0.011854721060978903	0.16088235294117648
sample0_to_1	historical9	Brd7	identity	0.0	0.0		0.02131764031946659	0.0024590524844825268		0.0035231050231709724	0.16088235294117648
sample0_to_1	historical9	Brd7	qtl025	0.0	0.055131995926676655		0.022812360897660255	0.002462887205183506		0.003518215251637154	0.16088235294117648
sample0_to_1	historical9	Brd7	dsign05	0.0	0.0493777224937086		0.02179858274757862	0.0024147082585841417		0.0034312287368311466	0.16088235294117648
sample0_to_1	historical9	Brd7	retained_mult05	0.0	0.10687727439858703		0.021204983815550804	0.0023611471988260746		0.0033467596811222666	0.16088235294117648
sample0_to_1	historical9	Brd7	retained_mult1	0.0	0.10676530023688385		0.02439246140420437	0.002657523611560464		0.004088560540603698	0.16088235294117648
sample0_to_1	historical9	Kat8	identity	0.0	0.0	6.907755278982137	0.040600813925266266	0.005244124680757523	0.0	0.006334075202427208	0.16088235294117648
sample0_to_1	historical9	Kat8	qtl025	-0.7999999999999999	0.12124278480787508	6.907755278982137	0.03893081098794937	0.005146773532032967	-0.2124	0.006167703174027578	0.16088235294117648
sample0_to_1	historical9	Kat8	dsign05	0.0	0.2973365836294911	2.399425388884452	0.036504629999399185	0.004522822797298431	0.3434	0.004986394625744524	0.16088235294117648
sample0_to_1	historical9	Kat8	retained_mult05	-0.39999999999999997	0.2982965982421251	2.2027147160446554	0.034419815987348557	0.004379378166049719	0.5006	0.0047315086521970496	0.16088235294117648
sample0_to_1	historical9	Kat8	retained_mult1	-0.39999999999999997	0.2981119935288695	1.5177249585613737	0.031556449830532074	0.00382247450761497	0.5042	0.003927642283003484	0.16088235294117648
sample0_to_1	historical9	Kat5	identity	0.0	0.0	6.907755278982137	0.0862211138010025	0.009371050633490086	0.0	0.01161329533084091	0.16088235294117648
sample0_to_1	historical9	Kat5	qtl025	0.21428571428571425	0.2620834663069492	2.7432862508383806	0.07861574739217758	0.008849652484059334	0.344	0.01049992745034529	0.16088235294117648
sample0_to_1	historical9	Kat5	dsign05	0.21428571428571425	0.24664190944397574	2.2830153831822084	0.07628993690013885	0.008368868380784988	0.3711	0.009818457069072785	0.16088235294117648
sample0_to_1	historical9	Kat5	retained_mult05	0.21428571428571425	0.20651847173582896	2.3061147192350733	0.07675290107727051	0.008403479121625423	0.3543	0.009867270135761998	0.16088235294117648
sample0_to_1	historical9	Kat5	retained_mult1	0.21428571428571425	0.20581055053768246	1.624368355400359	0.069976806640625	0.007767894770950079	0.357	0.00894892214452116	0.16088235294117648
sample0_to_1	historical9	Ino80	identity	0.0	0.0	6.907755278982137	0.05227327346801758	0.004741818178445101	0.0	0.006915106662895786	0.16088235294117648
sample0_to_1	historical9	Ino80	qtl025	-0.6666666666666664	0.16815635118464853	2.241262199156467	0.04672010987997055	0.0043158819898962975	0.299	0.005698123425021216	0.16088235294117648
sample0_to_1	historical9	Ino80	dsign05	-0.3333333333333332	0.2115506240977898	1.479110833290543	0.041903335601091385	0.0037441840395331383	0.3548	0.004468607924959704	0.16088235294117648
sample0_to_1	historical9	Ino80	retained_mult05	-0.3333333333333332	0.21293116882239155	1.479110833290543	0.04190385341644287	0.003744210582226515	0.3548	0.004468591901525169	0.16088235294117648
sample0_to_1	historical9	Ino80	retained_mult1	-0.3333333333333332	0.21260058188657305	0.8055167091213994	0.037184424698352814	0.0031800963915884495	0.338	0.0032680522167163055	0.16088235294117648
sample0_to_1	historical9	Wdr82	identity	0.0	0.0	6.907755278982137	0.13019795715808868	0.014192696660757065	0.0	0.018931319276747696	0.16088235294117648
sample0_to_1	historical9	Wdr82	qtl025	-0.21428571428571425	-0.028779386360884045	6.907755278982137	0.130344420671463	0.0144605478271842	-0.0006	0.019338660936433626	0.16088235294117648
sample0_to_1	historical9	Wdr82	dsign05	-0.07142857142857141	0.1655465468927327	3.6386285641296814	0.1319693922996521	0.013496516272425652	0.0252	0.018138494401025784	0.16088235294117648
sample0_to_1	historical9	Wdr82	retained_mult05	0.21428571428571425	0.23427921394770204	3.1614945894210744	0.12825645506381989	0.013086202554404736	0.0748	0.017584281809311385	0.16088235294117648
sample0_to_1	historical9	Wdr82	retained_mult1	0.21428571428571425	0.23443116169812855	2.510603449095714	0.1291346251964569	0.012356512248516083	0.0718	0.017369385106591962	0.16088235294117648
sample0_to_1	historical9	Smarca4	identity	0.0	0.0	6.907755278982137	0.08274005353450775	0.00826058816164732	0.0	0.010982123145795164	0.16088235294117648
sample0_to_1	historical9	Smarca4	qtl025	-0.12499999999999994	-0.02182010504402533	3.364720439463453	0.08077747374773026	0.008022332563996315	0.0278	0.010353476028664897	0.16088235294117648
sample0_to_1	historical9	Smarca4	dsign05	0.12500000000000006	0.06717893536238599	2.982835400700687	0.07851733267307281	0.007855253294110298	0.0287	0.010293570949779268	0.16088235294117648
sample0_to_1	historical9	Smarca4	retained_mult05	0.12500000000000006	0.1077964518629101	2.9471049023184555	0.07825291156768799	0.007829573936760426	0.0375	0.010257743410873368	0.16088235294117648
sample0_to_1	historical9	Smarca4	retained_mult1	0.12500000000000006	0.10702111519038313	2.282068259504751	0.07668553292751312	0.007737171370536089	0.0378	0.010425097864981385	0.16088235294117648
sample0_to_1	historical9	Paxip1	identity	0.0	0.0	6.907755278982137	0.04990644380450249	0.007200457621365786	0.0	0.00888580433843936	0.16088235294117648
sample0_to_1	historical9	Paxip1	qtl025	0.09090909090909091	0.020210341108416786	4.931460794470861	0.05041185021400452	0.007110963575541973	0.0116	0.00876234323317546	0.16088235294117648
sample0_to_1	historical9	Paxip1	dsign05	0.09090909090909091	0.009830688850944505	6.907755278982137	0.05224663019180298	0.007227098569273949	-0.0458	0.008952335298771576	0.16088235294117648
sample0_to_1	historical9	Paxip1	retained_mult05	0.0	-0.07821369993385802	6.907755278982137	0.056356512010097504	0.007416539825499058	-0.1201	0.009369991467840086	0.16088235294117648
sample0_to_1	historical9	Paxip1	retained_mult1	0.0	-0.07803922029571875	6.907755278982137	0.06427531689405441	0.007742962799966335	-0.1138	0.010167165284877865	0.16088235294117648
sample0_to_1	historical9	Hcfc1	identity	0.0	0.0	6.907755278982137	0.06703297048807144	0.008177057839930058	0.0	0.008773828426331915	0.16088235294117648
sample0_to_1	historical9	Hcfc1	qtl025	0.2142857142857143	0.1463534043176102	2.9530683423559636	0.0613865852355957	0.00781115610152483	0.1074	0.00822067840686281	0.16088235294117648
sample0_to_1	historical9	Hcfc1	dsign05	0.2142857142857143	0.3538035221711195	2.351366495225963	0.060241006314754486	0.007442011963576078	0.2875	0.007608256939270782	0.16088235294117648
sample0_to_1	historical9	Hcfc1	retained_mult05	0.2857142857142857	0.40091276576382856	2.1675490621993294	0.059964586049318314	0.00719628157094121	0.3166	0.007230828964524128	0.16088235294117648
sample0_to_1	historical9	Hcfc1	retained_mult1	0.2857142857142857	0.4005952469767862	1.4952030754510097	0.05547502636909485	0.006528466008603573	0.3211	0.006430233419307271	0.16088235294117648
sample0_to_1	historical9	Yeats4	identity	0.0	0.0		0.026567647233605385	0.002841400681063533		0.002868873884303647	0.16088235294117648
sample0_to_1	historical9	Yeats4	qtl025	0.0	0.21539744875878047		0.02167363092303276	0.0024767606519162655		0.002192558116439773	0.16088235294117648
sample0_to_1	historical9	Yeats4	dsign05	0.0	0.2647342669885926		0.019947316497564316	0.00222588237375021		0.001899567745034891	0.16088235294117648
sample0_to_1	historical9	Yeats4	retained_mult05	0.0	0.27039546213803756		0.01995564065873623	0.0022254951763898134		0.0018986623426710874	0.16088235294117648
sample0_to_1	historical9	Yeats4	retained_mult1	0.0	0.2698576667073787		0.016658391803503036	0.002025410532951355		0.001846461752688975	0.16088235294117648
sample1_to_0	development17	Yy1	identity	0.0	0.0	6.907755278982137	0.10010156780481339	0.009796188212931156	0.0	0.014599286063116737	0.17372881355932204
sample1_to_0	development17	Yy1	qtl025	0.33333333333333326	0.14977897692484268	2.622291758580358	0.09015419334173203	0.00913858599960804	0.283	0.012765324555641123	0.17372881355932204
sample1_to_0	development17	Yy1	dsign05	0.33333333333333326	0.14956497430336718	2.059797072330711	0.0864914059638977	0.008480067364871502	0.2063	0.011590483021652446	0.17372881355932204
sample1_to_0	development17	Yy1	retained_mult05	0.33333333333333326	0.13887296286119274	2.0614093006443275	0.086520716547966	0.008485718630254269	0.2086	0.011597437448380682	0.17372881355932204
sample1_to_0	development17	Yy1	retained_mult1	0.33333333333333326	0.13848488562604402	1.3921403517670954	0.07684984803199768	0.00752121489495039	0.2124	0.009679406982195726	0.17372881355932204
sample1_to_0	development17	Arid2	identity	0.0	0.0	6.907755278982137	0.030558284372091293	0.004298940300941467	0.0	0.00475399766054624	0.17372881355932204
sample1_to_0	development17	Arid2	qtl025	0.5	0.18286831467129508	1.8181807183471634	0.021586928516626358	0.003795148804783821	0.9109	0.003521373185418275	0.17372881355932204
sample1_to_0	development17	Arid2	dsign05	0.5	0.3553099806927294	1.035202343675125	0.013863702304661274	0.0031096753664314747	0.9506	0.0024280788181005103	0.17372881355932204
sample1_to_0	development17	Arid2	retained_mult05	0.5	0.3358004752132159	1.035202343675125	0.01387759018689394	0.0031101866625249386	0.9506	0.002429693476837258	0.17372881355932204
sample1_to_0	development17	Arid2	retained_mult1	0.5	0.3349079147889095	0.3373353686388448	0.006331846117973328	0.002538449829444289	0.9516	0.0017387001040294896	0.17372881355932204
sample1_to_0	development17	Setd1b	identity	0.0	0.0	6.907755278982137	0.02009919472038746	0.003065072698518634	0.0	0.0040729469858346015	0.17372881355932204
sample1_to_0	development17	Setd1b	qtl025	-0.19999999999999998	0.1030282045684727	6.907755278982137	0.022048549726605415	0.0030541582964360714	0.2979	0.004381140171683176	0.17372881355932204
sample1_to_0	development17	Setd1b	dsign05	-0.19999999999999998	0.16321224078934796	6.907755278982137	0.02014775760471821	0.002946116728708148	-1.0707	0.004120027649622324	0.17372881355932204
sample1_to_0	development17	Setd1b	retained_mult05	-0.19999999999999998	0.05010198510240664	6.907755278982137	0.020427372306585312	0.0030061216093599796	-0.5735	0.0041718468860720845	0.17372881355932204
sample1_to_0	development17	Setd1b	retained_mult1	-0.19999999999999998	0.04968704867528165	6.907755278982137	0.023105043917894363	0.003162853652611375	-0.5529	0.004767843524902782	0.17372881355932204
sample1_to_0	development17	Brd9	identity	0.0	0.0		0.010763971135020256	0.002410157583653927		0.002402451511595628	0.17372881355932204
sample1_to_0	development17	Brd9	qtl025	0.0	-0.04501961377796265		0.011340515688061714	0.0024952467065304518		0.002600396852109255	0.17372881355932204
sample1_to_0	development17	Brd9	dsign05	0.0	0.015200565656216296		0.012078562751412392	0.0024234906304627657		0.002512878094255813	0.17372881355932204
sample1_to_0	development17	Brd9	retained_mult05	0.0	0.05307631923793749		0.012226462364196777	0.0023811564315110445		0.002514981404928311	0.17372881355932204
sample1_to_0	development17	Brd9	retained_mult1	0.0	0.0528197015624192		0.01811905950307846	0.0027092164382338524		0.0035295899679378662	0.17372881355932204
sample1_to_0	development17	Znhit1	identity		0.0		0.024590957909822464	0.003141088178381324		0.0028285173715400136	0.17372881355932204
sample1_to_0	development17	Znhit1	qtl025		0.09133363111068998		0.022124111652374268	0.003277151146903634		0.0028986816327317326	0.17372881355932204
sample1_to_0	development17	Znhit1	dsign05		0.19999660047035686		0.023639535531401634	0.002693131100386381		0.0022436058274318904	0.17372881355932204
sample1_to_0	development17	Znhit1	retained_mult05		0.23505408429131494		0.024204766377806664	0.00258196284994483		0.0021001275749408022	0.17372881355932204
sample1_to_0	development17	Znhit1	retained_mult1		0.23497935295127734		0.029501091688871384	0.0024716337211430073		0.002562736313186095	0.17372881355932204
sample1_to_0	development17	Kansl1	identity	0.0	0.0		0.030096575617790222	0.0038412895519286394		0.004691560872682025	0.17372881355932204
sample1_to_0	development17	Kansl1	qtl025	0.0	0.07029528870339748		0.03060394898056984	0.0039051545318216085		0.004813423161829144	0.17372881355932204
sample1_to_0	development17	Kansl1	dsign05	0.0	0.05996570889925858		0.03267418593168259	0.003914031200110912		0.004765200241757512	0.17372881355932204
sample1_to_0	development17	Kansl1	retained_mult05	0.0	0.14998161616493896		0.03320278972387314	0.0038874661549925804		0.004766994976064391	0.17372881355932204
sample1_to_0	development17	Kansl1	retained_mult1	0.0	0.14952565840302015		0.040348488837480545	0.0045242756605148315		0.005949339373053368	0.17372881355932204
sample1_to_0	development17	Pbrm1	identity		0.0		0.012106038630008698	0.0026565364096313715		0.0023512010610533367	0.17372881355932204
sample1_to_0	development17	Pbrm1	qtl025		0.17256796474651567		0.008459527976810932	0.002337756333872676		0.0017964254144870232	0.17372881355932204
sample1_to_0	development17	Pbrm1	dsign05		0.2976180527584969		0.007834197953343391	0.0019466265803202987		0.0015893298966639011	0.17372881355932204
sample1_to_0	development17	Pbrm1	retained_mult05		0.2821167270950943		0.007841013371944427	0.0019482215866446495		0.0015906847772869262	0.17372881355932204
sample1_to_0	development17	Pbrm1	retained_mult1		0.28218769663749627		0.01665864698588848	0.002101247664541006		0.0029901291784796783	0.17372881355932204
sample1_to_0	development17	Tfpt	identity		0.0		0.007464875467121601	0.0013002542546018958		0.0016901915254025467	0.17372881355932204
sample1_to_0	development17	Tfpt	qtl025		-0.11673569712075155		0.006836284883320332	0.0012969303643330932		0.0016287930640800372	0.17372881355932204
sample1_to_0	development17	Tfpt	dsign05		-0.0517064883927254		0.00452605914324522	0.0012434282107278705		0.0013267888415484186	0.17372881355932204
sample1_to_0	development17	Tfpt	retained_mult05		0.08166220253131382		0.0034956529270857573	0.0011618705466389656		0.0010715549971804874	0.17372881355932204
sample1_to_0	development17	Tfpt	retained_mult1		0.0807241249603938		0.007098007015883923	0.0013856536243110895		0.0014855312556156628	0.17372881355932204
sample1_to_0	development17	Setdb1	identity	0.0	0.0	6.907755278982137	0.03862651437520981	0.006405855529010296	0.0	0.00569178749195453	0.17372881355932204
sample1_to_0	development17	Setdb1	qtl025	0.2	-0.007374845165339429	6.907755278982137	0.040222276002168655	0.006452175322920084	-0.0756	0.005818644077331725	0.17372881355932204
sample1_to_0	development17	Setdb1	dsign05	0.1	-0.0112390948041244	6.907755278982137	0.039008788764476776	0.006567909382283688	-0.014	0.005852139513771194	0.17372881355932204
sample1_to_0	development17	Setdb1	retained_mult05	0.1	-0.011224818471379145	3.275874542677233	0.039132677018642426	0.006553489714860916	0.0623	0.00579974424660344	0.17372881355932204
sample1_to_0	development17	Setdb1	retained_mult1	0.1	-0.011575794601241252	2.6198705552198036	0.04210693761706352	0.006912867538630962	0.0646	0.006382873866037114	0.17372881355932204
sample1_to_0	development17	Chd4	identity	0.0	0.0	6.907755278982137	0.053769003599882126	0.006763313431292772	0.0	0.007119745275138821	0.17372881355932204
sample1_to_0	development17	Chd4	qtl025	0.0	0.11344966647383956	6.907755278982137	0.05818136781454086	0.00681660370901227	0.0335	0.007650093765287872	0.17372881355932204
sample1_to_0	development17	Chd4	dsign05	-0.1	0.139595869366127	6.907755278982137	0.05970189720392227	0.006795535795390606	-0.0428	0.0075663958617773076	0.17372881355932204
sample1_to_0	development17	Chd4	retained_mult05	-0.1	0.13005475125980087	6.907755278982137	0.05956421047449112	0.0068262359127402306	-0.0226	0.007714609158090793	0.17372881355932204
sample1_to_0	development17	Chd4	retained_mult1	-0.1	0.13064332520036	6.907755278982137	0.06700862944126129	0.007127164863049984	-0.0146	0.008783978777987997	0.17372881355932204
sample1_to_0	development17	Srcap	identity	0.0	0.0	6.907755278982137	0.06624974310398102	0.007347108796238899	0.0	0.009521384133742343	0.17372881355932204
sample1_to_0	development17	Srcap	qtl025	-0.24999999999999997	0.07585591190248459	6.907755278982137	0.06949423253536224	0.007569736801087856	-0.2462	0.01014801148169901	0.17372881355932204
sample1_to_0	development17	Srcap	dsign05	-0.24999999999999997	0.11530603687512021	6.907755278982137	0.06760077178478241	0.007281186059117317	-0.2433	0.009895232080723765	0.17372881355932204
sample1_to_0	development17	Srcap	retained_mult05	0.0	0.22016759999160004	6.907755278982137	0.06209052726626396	0.006898279767483473	-0.1331	0.009288921958183718	0.17372881355932204
sample1_to_0	development17	Srcap	retained_mult1	0.0	0.2216191178121273	6.907755278982137	0.06022202968597412	0.0069796121679246426	-0.1444	0.010175089177245761	0.17372881355932204
sample1_to_0	development17	Smarcd1	identity	0.0	0.0		0.008621692657470703	0.0019295320380479097		0.002031946982335885	0.17372881355932204
sample1_to_0	development17	Smarcd1	qtl025	0.3333333333333333	-0.10134437348057447		0.009724336676299572	0.0020532391499727964		0.002276327592923889	0.17372881355932204
sample1_to_0	development17	Smarcd1	dsign05	0.3333333333333333	-0.09779086544183518		0.009479823522269726	0.0019741046708077192		0.002293911604891257	0.17372881355932204
sample1_to_0	development17	Smarcd1	retained_mult05	0.3333333333333333	-0.09434618971498122		0.009259035810828209	0.0019415811402723193		0.002247900414295574	0.17372881355932204
sample1_to_0	development17	Smarcd1	retained_mult1	0.3333333333333333	-0.09448042300433245		0.016355464234948158	0.0023363360669463873		0.0035749756547596807	0.17372881355932204
sample1_to_0	development17	Rest	identity	0.0	0.0		0.01236802525818348	0.0021111024543642998		0.002016907397759055	0.17372881355932204
sample1_to_0	development17	Rest	qtl025	0.0	0.027535470727150683		0.012522263452410698	0.0021887323819100857		0.0022718824681460343	0.17372881355932204
sample1_to_0	development17	Rest	dsign05	0.0	-0.023877397986969705		0.014436766505241394	0.0022413756232708693		0.002326238349998399	0.17372881355932204
sample1_to_0	development17	Rest	retained_mult05	0.0	-0.012787622728878236		0.0157527606934309	0.0023311246186494827		0.002502889063560583	0.17372881355932204
sample1_to_0	development17	Rest	retained_mult1	0.0	-0.013776182003358162		0.021499181166291237	0.0027884552255272865		0.003476215899411392	0.17372881355932204
sample1_to_0	development17	Dmap1	identity	0.0	0.0	6.907755278982137	0.05653935670852661	0.006681969854980707	0.0	0.0074351726125346075	0.17372881355932204
sample1_to_0	development17	Dmap1	qtl025	0.0	-0.04300997194070018	6.907755278982137	0.06099352985620499	0.006800694391131401	0.0028	0.007875901995629816	0.17372881355932204
sample1_to_0	development17	Dmap1	dsign05	0.18181818181818185	0.08382697827291913	2.6021860098199165	0.054251112043857574	0.006300538312643766	0.2295	0.00696519460130613	0.17372881355932204
sample1_to_0	development17	Dmap1	retained_mult05	0.18181818181818185	0.1309305246249045	2.3562129308173367	0.05330158397555351	0.006155662704259157	0.3462	0.006786753625088908	0.17372881355932204
sample1_to_0	development17	Dmap1	retained_mult1	0.18181818181818185	0.13088165906948587	1.6496887992922584	0.05206266790628433	0.006048617884516716	0.3582	0.006911962858087025	0.17372881355932204
sample1_to_0	development17	Kmt2a	identity	0.0	0.0	6.907755278982137	0.045555852353572845	0.006961415056139231	0.0	0.006504745674567898	0.17372881355932204
sample1_to_0	development17	Kmt2a	qtl025	0.2727272727272727	0.06315268591971242	6.907755278982137	0.044370993971824646	0.0066562797874212265	-0.0665	0.006080785341531625	0.17372881355932204
sample1_to_0	development17	Kmt2a	dsign05	0.36363636363636365	0.09604339254010517	1.9310163542179675	0.04062396287918091	0.006538085173815489	0.2817	0.005557905278075992	0.17372881355932204
sample1_to_0	development17	Kmt2a	retained_mult05	0.36363636363636365	0.07357564065346034	1.7457458887898794	0.04074783995747566	0.006670130416750908	0.4167	0.005380701652708344	0.17372881355932204
sample1_to_0	development17	Kmt2a	retained_mult1	0.36363636363636365	0.07383952459215114	1.058910454715902	0.040076807141304016	0.006884712725877762	0.4307	0.005398517782193862	0.17372881355932204
sample1_to_0	development17	Egr2	identity	0.0	0.0		0.015498924069106579	0.002517750719562173		0.0026878100877408937	0.17372881355932204
sample1_to_0	development17	Egr2	qtl025	0.0	0.01238499754527145		0.02019261009991169	0.002793404506519437		0.003436661973799051	0.17372881355932204
sample1_to_0	development17	Egr2	dsign05	0.0	0.02932193293494418		0.01854177936911583	0.002711014822125435		0.0031952830644556987	0.17372881355932204
sample1_to_0	development17	Egr2	retained_mult05	0.0	0.03918341176769662		0.018786953762173653	0.002722355304285884		0.003277066691434501	0.17372881355932204
sample1_to_0	development17	Egr2	retained_mult1	0.0	0.0390885282324386		0.024707380682229996	0.003174401819705963		0.004364917349930519	0.17372881355932204
sample1_to_0	development17	Rnf40	identity	0.0	0.0	6.907755278982137	0.07185237109661102	0.006381634622812271	0.0	0.009325396108573218	0.17372881355932204
sample1_to_0	development17	Rnf40	qtl025	0.14285714285714282	0.058436112932650185	6.907755278982137	0.06850902736186981	0.006225728429853916	-0.223	0.008860032414392918	0.17372881355932204
sample1_to_0	development17	Rnf40	dsign05	0.42857142857142855	0.17169255015147258	6.907755278982137	0.06506548076868057	0.005833657458424568	-0.0838	0.00815690164327481	0.17372881355932204
sample1_to_0	development17	Rnf40	retained_mult05	0.42857142857142855	0.2266866705466762	2.2493106552019007	0.06422717869281769	0.005706863012164831	0.33	0.0080595660341191	0.17372881355932204
sample1_to_0	development17	Rnf40	retained_mult1	0.42857142857142855	0.22662738825272985	1.5730694344575722	0.05817572399973869	0.005232632160186768	0.3409	0.007259396672380922	0.17372881355932204
sample1_to_0	historical9	Brd7	identity		0.0		0.006861125119030476	0.0017037622164934874		0.0014226347827084138	0.17372881355932204
sample1_to_0	historical9	Brd7	qtl025		-0.04040719250338256		0.007799000944942236	0.0017424883553758264		0.0014847961222305276	0.17372881355932204
sample1_to_0	historical9	Brd7	dsign05		-0.01315932221161981		0.009421239607036114	0.0019781645387411118		0.001920115200899505	0.17372881355932204
sample1_to_0	historical9	Brd7	retained_mult05		0.009624681279658478		0.009176093153655529	0.0019666145090013742		0.0018891459757932388	0.17372881355932204
sample1_to_0	historical9	Brd7	retained_mult1		0.009279229245091426		0.016918305307626724	0.002796290908008814		0.0036273338886627766	0.17372881355932204
sample1_to_0	historical9	Kat8	identity	0.0	0.0	6.907755278982137	0.03597068041563034	0.004657355137169361	0.0	0.005512783457395436	0.17372881355932204
sample1_to_0	historical9	Kat8	qtl025	-0.19999999999999998	0.1780145851851153	6.907755278982137	0.03551569581031799	0.004690907895565033	-0.4976	0.00563405297795929	0.17372881355932204
sample1_to_0	historical9	Kat8	dsign05	0.19999999999999998	0.28963304194345596	2.5210834039099415	0.03102934919297695	0.004128406755626202	0.2377	0.0045844286592835555	0.17372881355932204
sample1_to_0	historical9	Kat8	retained_mult05	0.4	0.35264063408529706	1.7450119299770974	0.02809920534491539	0.0038244854658842087	0.746	0.003830768287226659	0.17372881355932204
sample1_to_0	historical9	Kat8	retained_mult1	0.4	0.35305914443325287	1.0622805316910864	0.023916369304060936	0.0034047914668917656	0.7502	0.0031035171969761503	0.17372881355932204
sample1_to_0	historical9	Kat5	identity	0.0	0.0	6.907755278982137	0.12977221608161926	0.01381620578467846	0.0	0.01962464538220518	0.17372881355932204
sample1_to_0	historical9	Kat5	qtl025	-0.2666666666666667	0.20440403411319025	6.907755278982137	0.12482202053070068	0.01370901521295309	-0.0295	0.019371270221869054	0.17372881355932204
sample1_to_0	historical9	Kat5	dsign05	-0.2000000000000001	0.2769884783993689	2.9080098247628743	0.12083590030670166	0.012867147102952003	0.1711	0.017931144986514817	0.17372881355932204
sample1_to_0	historical9	Kat5	retained_mult05	-0.2000000000000001	0.2697210622092108	2.9260374080510254	0.12099932134151459	0.012889775447547436	0.1637	0.01796828277886282	0.17372881355932204
sample1_to_0	historical9	Kat5	retained_mult1	-0.13333333333333341	0.269254672311187	2.2452315264110565	0.11411204189062119	0.012384038418531418	0.1611	0.01727000519647742	0.17372881355932204
sample1_to_0	historical9	Ino80	identity	0.0	0.0	6.907755278982137	0.04306589812040329	0.004451442509889603	0.0	0.006990442831839112	0.17372881355932204
sample1_to_0	historical9	Ino80	qtl025	0.24999999999999986	0.12983436909247267	6.907755278982137	0.03653554990887642	0.004102338571101427	-0.0468	0.005920230663131596	0.17372881355932204
sample1_to_0	historical9	Ino80	dsign05	0.0	0.28340772076661924	1.5211699218783197	0.03239872306585312	0.0036143825855106115	0.036	0.004998044837325995	0.17372881355932204
sample1_to_0	historical9	Ino80	retained_mult05	0.0	0.27481636039342927	1.5211699218783197	0.03240692615509033	0.0036146773491054773	0.036	0.004998310382830422	0.17372881355932204
sample1_to_0	historical9	Ino80	retained_mult1	0.24999999999999986	0.2745074619466954	0.8480102680501301	0.02863188460469246	0.003275337629020214	0.0321	0.0043093394443064256	0.17372881355932204
sample1_to_0	historical9	Wdr82	identity	0.0	0.0	6.907755278982137	0.12085513025522232	0.01261254120618105	0.0	0.01813001707379891	0.17372881355932204
sample1_to_0	historical9	Wdr82	qtl025	-0.6250000000000001	0.11735535838155996	5.235632967332251	0.11900673806667328	0.012486657127737999	0.0189	0.017867678701264027	0.17372881355932204
sample1_to_0	historical9	Wdr82	dsign05	-0.5000000000000001	0.22365347678239494	2.799527107704951	0.11280494928359985	0.011400870978832245	0.1384	0.016324971577583995	0.17372881355932204
sample1_to_0	historical9	Wdr82	retained_mult05	-0.37500000000000006	0.3016204488916885	2.839497246042172	0.11332914978265762	0.011149922385811806	0.0829	0.016269512078140064	0.17372881355932204
sample1_to_0	historical9	Wdr82	retained_mult1	-0.37500000000000006	0.30193902076314866	2.212718696870625	0.10934978723526001	0.010214041918516159	0.08	0.015711800289566633	0.17372881355932204
sample1_to_0	historical9	Smarca4	identity	0.0	0.0	6.907755278982137	0.06904157251119614	0.007859190925955772	0.0	0.010527073162305604	0.17372881355932204
sample1_to_0	historical9	Smarca4	qtl025	-0.1111111111111111	0.03036893130105451	2.8443503300951383	0.06552357971668243	0.007567241787910461	0.2438	0.009777719553447646	0.17372881355932204
sample1_to_0	historical9	Smarca4	dsign05	-0.3333333333333333	0.015035790746881335	2.6200414471149993	0.06589490175247192	0.007597758434712887	0.1058	0.0099742175472313	0.17372881355932204
sample1_to_0	historical9	Smarca4	retained_mult05	-0.3333333333333333	0.025714543638321742	2.6200414471149993	0.06592146307229996	0.0075970240868628025	0.1058	0.009972222469393808	0.17372881355932204
sample1_to_0	historical9	Smarca4	retained_mult1	-0.2222222222222222	0.025396566993262995	1.9646945666992288	0.06681761890649796	0.007790191099047661	0.1048	0.010591990453969876	0.17372881355932204
sample1_to_0	historical9	Paxip1	identity	0.0	0.0	6.907755278982137	0.04212648421525955	0.005939962342381477	0.0	0.006140399046890265	0.17372881355932204
sample1_to_0	historical9	Paxip1	qtl025	0.0	0.06416044671246113	6.907755278982137	0.041079673916101456	0.005820771213620901	-0.0222	0.005984735774130824	0.17372881355932204
sample1_to_0	historical9	Paxip1	dsign05	0.0	0.10950025380526797	3.0523279411776256	0.042334023863077164	0.005802069325000048	0.0449	0.006023377502221589	0.17372881355932204
sample1_to_0	historical9	Paxip1	retained_mult05	0.12499999999999997	0.12308960831838087	2.625392748181301	0.04041363671422005	0.005789700895547867	0.1705	0.00587145379409409	0.17372881355932204
sample1_to_0	historical9	Paxip1	retained_mult1	0.12499999999999997	0.12319944049880364	1.9566304027975348	0.04052606225013733	0.005845146719366312	0.1679	0.006073409531306478	0.17372881355932204
sample1_to_0	historical9	Hcfc1	identity	0.0	0.0	6.907755278982137	0.06232600286602974	0.008788961917161942	0.0	0.009242755947534096	0.17372881355932204
sample1_to_0	historical9	Hcfc1	qtl025	0.14285714285714288	0.2042401526688047	6.907755278982137	0.06001261621713638	0.008654310368001461	-0.0764	0.009224797647706737	0.17372881355932204
sample1_to_0	historical9	Hcfc1	dsign05	0.2142857142857143	0.22115098750817766	6.907755278982137	0.062149811536073685	0.008313002996146679	-0.0541	0.008692179178839115	0.17372881355932204
sample1_to_0	historical9	Hcfc1	retained_mult05	0.2142857142857143	0.1918178892357761	3.043933744074407	0.06242857128381729	0.008222177624702454	0.0454	0.008547185863781902	0.17372881355932204
sample1_to_0	historical9	Hcfc1	retained_mult1	0.2142857142857143	0.19108984754574218	2.361807997547511	0.0645873174071312	0.008073952049016953	0.0538	0.008698580602067725	0.17372881355932204
sample1_to_0	historical9	Yeats4	identity	0.0	0.0		0.022607237100601196	0.0028389045037329197		0.002959622566636407	0.17372881355932204
sample1_to_0	historical9	Yeats4	qtl025	0.0	0.2649941113761632		0.017511572688817978	0.0026137891691178083		0.002502922973883345	0.17372881355932204
sample1_to_0	historical9	Yeats4	dsign05	0.0	0.3201402764131711		0.01734521985054016	0.0022694948129355907		0.0022128345181479793	0.17372881355932204
sample1_to_0	historical9	Yeats4	retained_mult05	0.0	0.31699623533121074		0.017354846000671387	0.002270791446790099		0.002214516676799761	0.17372881355932204
sample1_to_0	historical9	Yeats4	retained_mult1	0.0	0.315958967187378		0.01648828387260437	0.002216314896941185		0.0025148824663685457	0.17372881355932204
