scenario	split	method	de_score	de_direction	severity_abs	mmd_u	variogram	mean_response_mse	density
pooled	development17	dsign05	0.2522875816993464	0.3856485194134484	3.383572448312352	0.02956623404615504	0.003458176167709205	0.003936284931235183	0.16777272727272727
pooled	development17	identity	0.0	0.0	6.907755278982137	0.03368284397155923	0.003945133792619933	0.004812172855662129	0.16777272727272727
pooled	development17	qtl025	0.22712418300653595	0.12760914647184995	6.000929349129846	0.032671141492969846	0.0038272781872793157	0.004556923431752735	0.16777272727272727
pooled	development17	retained_mult05	0.3055555555555556	0.412084698188417	3.026729766194383	0.028792670722502994	0.003347715164315613	0.003751926323237816	0.16777272727272727
pooled	development17	retained_mult1	0.380718954248366	0.4117679732551949	2.4770832437732215	0.027646566590513375	0.003036691416876719	0.003411266189604877	0.16777272727272727
pooled	historical9	dsign05	0.2311490978157645	0.3787754282266506	2.216664624978475	0.050420334873100124	0.005372554581198428	0.0067376605182024405	0.16777272727272727
pooled	historical9	identity	0.0	0.0	6.907755278982137	0.05715846291018857	0.006132127484306693	0.008064885919746603	0.16777272727272727
pooled	historical9	qtl025	0.08937343520676855	0.199536866735636	3.0277701527724754	0.053347776643931866	0.005889220861718059	0.007484787785441397	0.16777272727272727
pooled	historical9	retained_mult05	0.2972912889579556	0.39402933681508867	2.5117554771198574	0.04960999948283037	0.005243609724048939	0.006535652078113097	0.16777272727272727
pooled	historical9	retained_mult1	0.31951351118017784	0.3937829106226369	1.9188752804872875	0.04564453594179617	0.004672979897198577	0.005818629852616309	0.16777272727272727
sample0_to_1	development17	dsign05	0.12774806892453952	0.1095856714879868	4.1029001508449365	0.038906630566891504	0.004527453442706782	0.005116456173697439	0.16088235294117648
sample0_to_1	development17	identity	0.0	0.0	6.907755278982137	0.04045146133969812	0.004853158216813908	0.00574060234251075	0.16088235294117648
sample0_to_1	development17	qtl025	0.0520923520923521	0.039593982351933274	5.584208462146499	0.04096567154149799	0.004759995965287089	0.005562628875817495	0.16088235294117648
sample0_to_1	development17	retained_mult05	0.1916136151430269	0.13053892048759003	3.236631282725162	0.038475173580295896	0.0044494148562936224	0.004976193470192969	0.16088235294117648
sample0_to_1	development17	retained_mult1	0.2504371445547916	0.13036036541906368	2.6847599865545195	0.039476330665981066	0.004344957483494107	0.004948921127072033	0.16088235294117648
sample0_to_1	historical9	dsign05	0.026635401635401658	0.1851111999923045	3.148876763485096	0.0577131292472283	0.006366371772148543	0.007732990410054495	0.16088235294117648
sample0_to_1	historical9	identity	0.0	0.0	6.907755278982137	0.06187310152583652	0.006943138549104333	0.008758614587883629	0.16088235294117648
sample0_to_1	historical9	qtl025	-0.1429413179413179	0.10421958900067195	4.292758369178485	0.05907477666106489	0.0067396617701484095	0.008305742891400868	0.16088235294117648
sample0_to_1	historical9	retained_mult05	0.011772486772486787	0.195532634108617	3.0245491573558954	0.05745196218291918	0.006293589792524775	0.007639515373980727	0.16088235294117648
sample0_to_1	historical9	retained_mult1	0.011772486772486787	0.19523937738521852	2.4490342980166777	0.056148781751592956	0.0059798346935874885	0.007385724512588012	0.16088235294117648
sample1_to_0	development17	dsign05	0.12076376004947433	0.09953182571087098	4.685219797217155	0.03352739941328764	0.004294116145876401	0.004846211434665139	0.17372881355932204
sample1_to_0	development17	identity	0.0	0.0	6.907755278982137	0.03558017346350586	0.004565247629002175	0.0052779440480069635	0.17372881355932204
sample1_to_0	development17	qtl025	0.09516079158936301	0.04748251322005848	5.8660843810891645	0.03513909991392318	0.004520983921418733	0.005224935244042454	0.17372881355932204
sample1_to_0	development17	retained_mult05	0.1386209029066172	0.11934743178978323	3.7163357220835795	0.03321524302694289	0.004256966297843438	0.004782439669751524	0.17372881355932204
sample1_to_0	development17	retained_mult1	0.1386209029066172	0.11918726630324722	3.2615867556708764	0.03530746199848021	0.00434702034930096	0.005237129690437349	0.17372881355932204
sample1_to_0	historical9	dsign05	-0.07738095238095241	0.1918167449059686	3.1899878465044074	0.054912679828703403	0.0064412552811619304	0.008073479334227538	0.17372881355932204
sample1_to_0	historical9	identity	0.0	0.0	6.907755278982137	0.05918070518722137	0.00696314739373823	0.008950041583479269	0.17372881355932204
sample1_to_0	historical9	qtl025	-0.1012400793650794	0.12810719959193767	6.088394241762582	0.05642293864447209	0.006820835522376001	0.008640911626180338	0.17372881355932204
sample1_to_0	historical9	retained_mult05	-0.0211309523809524	0.20733794037588596	2.4744406350456174	0.054458801427649126	0.006369463245694836	0.007951266478546973	0.17372881355932204
sample1_to_0	historical9	retained_mult1	0.03234126984126981	0.20707603899161803	1.8073391414381674	0.05348307453095913	0.006222233900593387	0.007988984341078004	0.17372881355932204
