fold,model,metric_panel,de,direction,severity_abs,severity_log,severity_r2,mmd,variogram,mse
0,literal_WT,full_panel,0.0,0.041946120883882554,6.907755278982137,-6.907755278982137,0.0073,0.014777155593037605,0.01910574547946453,0.06292123419609096
0,literal_WT,alignment_heldout_genes,0.029411764705882346,-0.008423486421714425,6.907755278982137,-6.907755278982137,-0.0293,0.012282246723771095,0.01637992262840271,0.05305874717059497
0,unconditional_KO_ceiling_raw,full_panel,0.9420289855072466,0.9687700375862935,0.004965637363645383,-0.004965637363645383,0.9805,0.0007963001844473183,0.0008908992167562246,0.0016200735459529394
0,unconditional_KO_ceiling_raw,alignment_heldout_genes,0.9411764705882353,0.9675104462105927,0.025660342777590696,0.025660342777590696,0.9788,0.0006921410677023232,0.0008150883368216455,0.0016139954974545314
0,unconditional_KO_ceiling_zero_closed,full_panel,0.9420289855072466,0.9687700375862935,0.004645876140923838,-0.004645876140923838,0.9806,0.0007963419193401933,0.0008909158641472459,0.0016202082378757793
0,unconditional_KO_ceiling_zero_closed,alignment_heldout_genes,0.9411764705882353,0.9675104462105927,0.026406085567147453,0.026406085567147453,0.9789,0.0006921738386154175,0.0008149206405505538,0.0016142933881603846
1,literal_WT,full_panel,-0.06944444444444445,-0.09509585178745687,6.907755278982137,-6.907755278982137,0.0696,0.015109598636627197,0.01974082738161087,0.06641389705730208
1,literal_WT,alignment_heldout_genes,-0.14285714285714282,-0.1665061716426493,6.907755278982137,-6.907755278982137,0.1164,0.014937679283320904,0.022413095459342003,0.07421303883920073
1,unconditional_KO_ceiling_raw,full_panel,0.9305555555555555,0.9808993886032806,0.019281731117246428,-0.019281731117246428,0.9842,0.000628130161203444,0.0009001177386380732,0.0012780901464332676
1,unconditional_KO_ceiling_raw,alignment_heldout_genes,0.9142857142857143,0.983339726356463,0.0043360955470572735,0.0043360955470572735,0.9828,0.0003433912934269756,0.001025548903271556,0.0013348426153870774
1,unconditional_KO_ceiling_zero_closed,full_panel,0.9305555555555555,0.9808993886032806,0.019037346532179738,-0.019037346532179738,0.9842,0.0006281256792135537,0.0009000478312373161,0.0012782371429402954
1,unconditional_KO_ceiling_zero_closed,alignment_heldout_genes,0.9142857142857143,0.983339726356463,0.004342497015624002,0.004342497015624002,0.9828,0.0003434136451687664,0.0010255490196868777,0.0013348917090926342
