board	version	method	score	status	family
T1:val	v0001	copy_last	47.00	registered	复制上一阶段
T2:embryo:val_interp	v0001	pseudobulk_shift	56.70	registered	简单位移
T2:heart:val_extrap	v0001	pseudobulk_shift	50.50	registered	简单位移
T2:heart:val_interp	v0001	copy_last	53.00	registered	复制/中点
T3:gata4	v0001	wt_identity	45.30	registered	什么都不做
T2:heart:val_interp	v0002	expression_midpoint_norm	53.60	registered	复制/中点
T1:val	v0002	shrunk_pseudobulk_shift	45.90	registered	均值位移/收缩
T3:gata4	v0002	shift_transfer_norm	45.20	registered	照搬已知敲除
T3:gata4	v0003	shift_transfer_shrunk	43.80	registered	照搬已知敲除
T1:val	v0003	shrunk_pseudobulk_shift_no_comp_extrap	46.20	registered	均值位移/收缩
T2:embryo:val_interp	v0002	g1_formal_log_rms	60.10	registered	组织尺度
T2:embryo:val_interp	v0003	g1_all_stage_log_rms_ols	59.90	registered	组织尺度
T2:heart:val_interp	v0003	g1_formal_log_rms	56.30	registered	组织尺度
T2:heart:val_interp	v0004	g1_all_stage_log_rms_ols	55.30	registered	组织尺度
T2:heart:val_extrap	v0002	g1_formal_log_rms	50.20	registered	组织尺度
T2:heart:val_extrap	v0003	g1_all_stage_log_rms_ols	49.80	registered	组织尺度
T3:gata4	v0004	signed_response_cell_spearman	44.70	registered	带符号响应
T3:gata4	v0005	signed_response_state_pseudobulk_spearman	44.00	registered	带符号响应
T1:val	v0004	shrunk_pseudobulk_shift_strict	48.50	registered	均值位移/收缩
T1:val	v0005	mass_residual_shared_unresolved	47.50	registered	质量残差
T1:val	v0006	mass_residual_e95_expression_probe	47.70	registered	质量残差
T2:embryo:val_interp	v0004	j1_latent_knn10	59.30	registered	表达-坐标配对
T2:heart:val_interp	v0005	j1_latent_knn10	56.30	registered	表达-坐标配对
T2:heart:val_extrap	v0004	j1_latent_knn10	50.00	registered	表达-坐标配对
T2:embryo:val_interp	v0005	j1_state_hash10	59.20	registered	表达-坐标配对
T2:heart:val_interp	v0006	j1_state_hash10	56.30	registered	表达-坐标配对
T2:heart:val_extrap	v0005	j1_state_hash10	49.90	registered	表达-坐标配对
T3:gata4	v0006	b2_t3_a1_l1_strict_wt_direct	45.50	registered	直接野生型改写
T3:gata4	v0007	b2_t3_a1_l2_gata4_gata6_condition_aware	45.50	registered	直接野生型改写
T1:val	v0007	t1_s2_l1_moscot_empirical_residual	44.90	registered	传输+生成器
T1:val	v0008	t1_s2_l2_module_scdesign3	44.80	registered	传输+生成器
T2:embryo:val_interp	v0006	t2_s3_l1_pycpd	59.70	registered	点云配准
T2:heart:val_interp	v0007	t2_s3_l1_pycpd	56.70	registered	点云配准
T2:heart:val_interp	v0009	j1_fgw_assignment	57.30	registered	表达-坐标配对
T1:val	v0009	b4p0_l0_exact_floor	47.00	registered	复制上一阶段
T3:gata4	v0008	b4p0_l0_exact_floor	46.80	registered	什么都不做
T1:val	v0010	b4p0_l0floor_n1706	46.80	registered	复制上一阶段
T2:heart:val_interp	v0010	b4_t2_r1_l1_globalmatch	57.30	registered	表达-坐标配对
T2:heart:val_interp	v0011	b4_t2_r1_l2_globalmatch	57.31	registered	表达-坐标配对
T1:val	v0011	b4_t1_r1_l1_damp050	47.58	registered	均值位移/收缩
T1:val	v0012	b4_t1_r1_l2_popmix050	47.77	registered	均值位移/收缩
T1:val	v0013	b4_t1_r1_l3_massgraft025	47.85	registered	均值位移/收缩
T1:val	v0014	b4_t1_r1_l4_massgraft050	46.90	registered	均值位移/收缩
T3:gata4	v0009	b4_t3_r1_l1_gata4_zero_all	46.95	registered	敲除基因置零
T3:gata4	v0010	b4_t3_r1_l2_gata4_zero_hard	46.95	registered	敲除基因置零
T2:embryo:val_interp	v0009	b4_t2_r2_l1_mean_bridge	61.79	registered	表达桥+组成
T2:embryo:val_interp	v0010	b4_t2_r2_l2_mean_mass_bridge	62.29	registered	表达桥+组成
T2:heart:val_interp	v0012	b4_t2_r2_l1_mean_bridge	56.27	registered	表达桥+组成
T2:heart:val_interp	v0013	b4_t2_r2_l2_mean_mass_bridge	62.04	registered	表达桥+组成
T3:gata4	v0011	b4_t3_r2_l1_delay025	46.45	registered	发育延迟剂量
T3:gata4	v0012	b4_t3_r2_l2_delay050	46.47	registered	发育延迟剂量
T1:val	v0015	g0_t1_r1_neural_ode	48.51	scored	神经动力/成熟度
T1:val	v0016	g0_t1_r2_substate	48.14	scored	神经动力/成熟度
T1:val	v0017	g0_t1_r3_maturity	47.46	scored	神经动力/成熟度
T1:val	v0018	g0_t1_r4_shrink	48.48	scored	均值位移/收缩
T1:val	v0019	g0_t1_r5_c1	48.54	scored	均值位移/收缩
T1:val	v0020	g0_t1_r5_c2	48.48	scored	均值位移/收缩
T1:val	v0021	g0_t1_r5_c4	48.34	scored	均值位移/收缩
T3:gata4	v0013	g0_t3_r1_directprop	46.88	scored	图/剂量传播
T3:gata4	v0014	g0_t3_r2_gradeddose	46.95	scored	图/剂量传播
T3:gata4	v0015	g0_t3_r3_lineagedose	46.95	scored	图/剂量传播
T3:gata4	v0016	g0_t3_r4_combo	46.88	scored	图/剂量传播
T3:gata4	v0017	g0_t3_r5_amp2	46.84	scored	图/剂量传播
T2:heart:val_extrap	v0011	g0_t2_r2_shrink	50.64	scored	收缩
T2:heart:val_extrap	v0012	g0_t2_r3_spatial	50.26	scored	空间平滑
T2:heart:val_extrap	v0013	g0_t2_r4_k07	50.32	scored	空间平滑
T2:heart:val_extrap	v0014	g0_t2_r4_k15	50.26	scored	空间平滑
T2:heart:val_extrap	v0015	g0_t2_r4_k30	50.28	scored	空间平滑
T2:heart:val_extrap	v0016	g0_t2_r5_k60	50.25	scored	空间平滑
T3:gata4	v0018	g0_t3_r6_cipher	46.94	scored	图/剂量传播
T3:gata4	v0019	g0_t3_r7	46.95	scored	图/剂量传播
T3:gata4	v0020	g0_t3_r8	46.64	scored	图/剂量传播
T3:gata4	v0021	g0_t3_r9	46.88	scored	图/剂量传播
T3:gata4	v0022	g0_t3_r10	46.93	scored	图/剂量传播
T3:gata4	v0023	g0_t3_r11	46.95	scored	图/剂量传播
T3:gata4	v0024	g0_t3_r12	46.90	scored	图/剂量传播
T3:gata4	v0025	g0_t3_r13	43.30	scored	空间平滑
T1:val	v0022	g0_t1_d3_otcfm	45.30	scored	传输+生成器
T3:gata4	v0034	next_r6meanfix	47.53	scored	非负修复
T3:gata4	v0035	next_r6graphfix	47.03	scored	非负修复
T3:gata4	v0036	next_r3linfix	46.98	scored	非负修复
T1:val	v0023	t1_next_r1_qshape	50.82	scored	零率与分位数
T3:gata4	v0042	next_n1quant	46.95	scored	五路线新方法
T3:gata4	v0044	next_n3latent	47.47	scored	五路线新方法
T3:gata4	v0046	next_o2shrink	47.65	scored	五路线新方法
T3:gata4	v0047	next_o1stable	46.97	scored	五路线新方法
T3:gata4	v0048	next_n2hurdle	47.93	scored	五路线新方法
