board	family	best_version	best_score	baseline_score	delta_vs_baseline	n
T1:val	复制上一阶段	v0001	47.00	47.00	+0.00	3
T1:val	均值位移/收缩	v0019	48.54	47.00	+1.54	11
T1:val	质量残差	v0006	47.70	47.00	+0.70	2
T1:val	传输+生成器	v0022	45.30	47.00	-1.70	3
T1:val	神经动力/成熟度	v0015	48.51	47.00	+1.51	3
T1:val	零率与分位数	v0023	50.82	47.00	+3.82	1
T2:embryo:val_interp	简单位移	v0001	56.70	56.70	+0.00	1
T2:embryo:val_interp	组织尺度	v0002	60.10	56.70	+3.40	2
T2:embryo:val_interp	表达-坐标配对	v0004	59.30	56.70	+2.60	2
T2:embryo:val_interp	点云配准	v0006	59.70	56.70	+3.00	1
T2:embryo:val_interp	表达桥+组成	v0010	62.29	56.70	+5.59	2
T2:heart:val_interp	复制/中点	v0002	53.60	53.00	+0.60	2
T2:heart:val_interp	组织尺度	v0003	56.30	53.00	+3.30	2
T2:heart:val_interp	表达-坐标配对	v0011	57.31	53.00	+4.31	5
T2:heart:val_interp	点云配准	v0007	56.70	53.00	+3.70	1
T2:heart:val_interp	表达桥+组成	v0013	62.04	53.00	+9.04	2
T2:heart:val_extrap	简单位移	v0001	50.50	50.50	+0.00	1
T2:heart:val_extrap	组织尺度	v0002	50.20	50.50	-0.30	2
T2:heart:val_extrap	表达-坐标配对	v0004	50.00	50.50	-0.50	2
T2:heart:val_extrap	收缩	v0011	50.64	50.50	+0.14	1
T2:heart:val_extrap	空间平滑	v0013	50.32	50.50	-0.18	5
T3:gata4	什么都不做	v0008	46.80	45.30	+1.50	2
T3:gata4	照搬已知敲除	v0002	45.20	45.30	-0.10	2
T3:gata4	带符号响应	v0004	44.70	45.30	-0.60	2
T3:gata4	直接野生型改写	v0006	45.50	45.30	+0.20	2
T3:gata4	敲除基因置零	v0009	46.95	45.30	+1.65	2
T3:gata4	发育延迟剂量	v0012	46.47	45.30	+1.17	2
T3:gata4	图/剂量传播	v0014	46.95	45.30	+1.65	12
T3:gata4	空间平滑	v0025	43.30	45.30	-2.00	1
T3:gata4	非负修复	v0034	47.53	45.30	+2.23	3
T3:gata4	五路线新方法	v0048	47.93	45.30	+2.63	5
