board	comparison	metric	new	old	delta
T1:val	密度比重采样 vs 分位数父版本	de_direction	58.5	57.4	+1.1
T1:val	密度比重采样 vs 分位数父版本	de_score	45.5	44.0	+1.5
T1:val	密度比重采样 vs 分位数父版本	mmd_u	54.3	53.1	+1.2
T1:val	密度比重采样 vs 分位数父版本	variogram	48.2	47.8	+0.4
T1:val	参数化运输 vs 分位数父版本	de_direction	57.0	57.4	-0.4
T1:val	参数化运输 vs 分位数父版本	de_score	44.4	44.0	+0.4
T1:val	参数化运输 vs 分位数父版本	mmd_u	53.6	53.1	+0.5
T1:val	参数化运输 vs 分位数父版本	variogram	48.9	47.8	+1.1
T1:val	类型借用 vs 分位数父版本	de_direction	56.8	57.4	-0.6
T1:val	类型借用 vs 分位数父版本	de_score	43.9	44.0	-0.1
T1:val	类型借用 vs 分位数父版本	mmd_u	53.0	53.1	-0.1
T1:val	类型借用 vs 分位数父版本	variogram	46.9	47.8	-0.9
T1:val	显式零质量 vs 分位数父版本	de_direction	57.6	57.4	+0.2
T1:val	显式零质量 vs 分位数父版本	de_score	44.0	44.0	+0.0
T1:val	显式零质量 vs 分位数父版本	mmd_u	53.7	53.1	+0.6
T1:val	显式零质量 vs 分位数父版本	variogram	49.5	47.8	+1.7
T1:val	对数倍率 vs 分位数父版本	de_direction	55.2	57.4	-2.2
T1:val	对数倍率 vs 分位数父版本	de_score	42.1	44.0	-1.9
T1:val	对数倍率 vs 分位数父版本	mmd_u	50.7	53.1	-2.4
T1:val	对数倍率 vs 分位数父版本	variogram	48.4	47.8	+0.6
T1:val	分位数形状 vs 严格均值位移	de_direction	57.4	55.9	+1.5
T1:val	分位数形状 vs 严格均值位移	de_score	44.0	43.8	+0.2
T1:val	分位数形状 vs 严格均值位移	mmd_u	53.1	51.5	+1.6
T1:val	分位数形状 vs 严格均值位移	variogram	47.8	40.6	+7.2
T1:val	收缩微调 vs 严格均值位移	de_direction	55.4	55.9	-0.5
T1:val	收缩微调 vs 严格均值位移	de_score	43.6	43.8	-0.2
T1:val	收缩微调 vs 严格均值位移	mmd_u	51.2	51.5	-0.3
T1:val	收缩微调 vs 严格均值位移	variogram	42.1	40.6	+1.5
T1:val	全基因流匹配 vs 严格均值位移	de_direction	55.9	55.9	+0.0
T1:val	全基因流匹配 vs 严格均值位移	de_score	43.7	43.8	-0.1
T1:val	全基因流匹配 vs 严格均值位移	mmd_u	47.9	51.5	-3.6
T1:val	全基因流匹配 vs 严格均值位移	variogram	30.2	40.6	-10.4
T2:embryo:val_interp	表达桥 vs 组织尺度	d2_shape	54.6	52.8	+1.8
T2:embryo:val_interp	表达桥 vs 组织尺度	de_direction	67.5	53.2	+14.3
T2:embryo:val_interp	表达桥 vs 组织尺度	de_score	54.1	50.5	+3.6
T2:embryo:val_interp	表达桥 vs 组织尺度	mmd_u	60.2	60.9	-0.7
T2:embryo:val_interp	表达桥 vs 组织尺度	neighborhood_mmd	65.9	64.8	+1.1
T2:embryo:val_interp	表达桥 vs 组织尺度	occupancy_dice	51.2	46.6	+4.6
T2:embryo:val_interp	表达桥 vs 组织尺度	scale_log_ratio	90.8	91.9	-1.1
T2:embryo:val_interp	表达桥 vs 组织尺度	variogram	52.0	59.0	-7.0
T2:heart:val_interp	表达桥 vs 配对	d2_shape	65.4	62.0	+3.4
T2:heart:val_interp	表达桥 vs 配对	de_direction	65.8	60.2	+5.6
T2:heart:val_interp	表达桥 vs 配对	de_score	60.6	57.8	+2.8
T2:heart:val_interp	表达桥 vs 配对	mmd_u	62.5	53.9	+8.6
T2:heart:val_interp	表达桥 vs 配对	neighborhood_mmd	65.8	60.4	+5.4
T2:heart:val_interp	表达桥 vs 配对	occupancy_dice	47.8	48.6	-0.8
T2:heart:val_interp	表达桥 vs 配对	scale_log_ratio	97.9	82.5	+15.4
T2:heart:val_interp	表达桥 vs 配对	variogram	28.4	32.2	-3.8
T2:heart:val_extrap	收缩 vs 简单位移	d2_shape	46.2	46.2	+0.0
T2:heart:val_extrap	收缩 vs 简单位移	de_direction	51.9	52.2	-0.3
T2:heart:val_extrap	收缩 vs 简单位移	de_score	50.0	49.6	+0.4
T2:heart:val_extrap	收缩 vs 简单位移	mmd_u	49.9	49.9	+0.0
T2:heart:val_extrap	收缩 vs 简单位移	neighborhood_mmd	52.5	52.4	+0.1
T2:heart:val_extrap	收缩 vs 简单位移	occupancy_dice	53.2	53.2	+0.0
T2:heart:val_extrap	收缩 vs 简单位移	scale_log_ratio	49.7	49.7	+0.0
T2:heart:val_extrap	收缩 vs 简单位移	variogram	48.5	47.7	+0.8
T2:heart:val_extrap	空间平滑 vs 简单位移	d2_shape	46.2	46.2	+0.0
T2:heart:val_extrap	空间平滑 vs 简单位移	de_direction	52.2	52.2	+0.0
T2:heart:val_extrap	空间平滑 vs 简单位移	de_score	49.2	49.6	-0.4
T2:heart:val_extrap	空间平滑 vs 简单位移	mmd_u	49.9	49.9	+0.0
T2:heart:val_extrap	空间平滑 vs 简单位移	neighborhood_mmd	52.5	52.4	+0.1
T2:heart:val_extrap	空间平滑 vs 简单位移	occupancy_dice	53.2	53.2	+0.0
T2:heart:val_extrap	空间平滑 vs 简单位移	scale_log_ratio	49.7	49.7	+0.0
T2:heart:val_extrap	空间平滑 vs 简单位移	variogram	45.3	47.7	-2.4
T3:gata4	零膨胀 vs 基因置零	de_direction	50.0	49.7	+0.3
T3:gata4	零膨胀 vs 基因置零	de_score	42.6	39.2	+3.4
T3:gata4	零膨胀 vs 基因置零	mmd_u	51.8	51.5	+0.3
T3:gata4	零膨胀 vs 基因置零	severity_slope	50.0	50.0	+0.0
T3:gata4	零膨胀 vs 基因置零	variogram	49.3	51.0	-1.7
T3:gata4	收缩优化 vs 基因置零	de_direction	49.7	49.7	+0.0
T3:gata4	收缩优化 vs 基因置零	de_score	41.2	39.2	+2.0
T3:gata4	收缩优化 vs 基因置零	mmd_u	52.1	51.5	+0.6
T3:gata4	收缩优化 vs 基因置零	severity_slope	50.0	50.0	+0.0
T3:gata4	收缩优化 vs 基因置零	variogram	51.3	51.0	+0.3
T3:gata4	非负均值修复 vs 基因置零	de_direction	49.7	49.7	+0.0
T3:gata4	非负均值修复 vs 基因置零	de_score	40.8	39.2	+1.6
T3:gata4	非负均值修复 vs 基因置零	mmd_u	52.2	51.5	+0.7
T3:gata4	非负均值修复 vs 基因置零	severity_slope	50.0	50.0	+0.0
T3:gata4	非负均值修复 vs 基因置零	variogram	51.3	51.0	+0.3
T3:gata4	空间平滑 vs 基因置零	de_direction	49.3	49.7	-0.4
T3:gata4	空间平滑 vs 基因置零	de_score	38.1	39.2	-1.1
T3:gata4	空间平滑 vs 基因置零	mmd_u	42.1	51.5	-9.4
T3:gata4	空间平滑 vs 基因置零	severity_slope	50.0	50.0	+0.0
T3:gata4	空间平滑 vs 基因置零	variogram	25.0	51.0	-26.0
