query,seed,model,total,de,direction,severity_abs,severity_r2,mmd,variogram,mse,de_skill,direction_skill,severity_abs_skill,mmd_skill,variogram_skill
Dnmt3a,0,wt_identity,47.150067557705555,-0.24999999999999997,-0.1308131220457489,6.907755278982137,0.0067,0.012562833726406097,0.011518878862261772,0.03260261142001693,44.117647058823536,46.72894477137103,50.0,48.55879918478961,48.8185168130123
Dnmt3a,0,v88,57.608151082691705,-0.03124999999999997,0.2692132560979176,1.1505898754795143,0.1949,0.02312154695391655,0.020434675738215446,0.051995132658042245,49.18032786885246,58.41539148942631,85.85862759814184,33.50130627718191,34.56738996102631
Dnmt3a,0,candidate,56.58260680721076,-0.09374999999999999,0.22974248156542043,1.271506790680544,0.164,0.022930631414055824,0.019468048587441444,0.0507735946980539,47.61904761904762,57.00861842537191,84.58455816388847,33.690200471142376,35.69717897055364
Dnmt3a,0,scrambled_response,55.254210819571206,-0.12499999999999996,0.11291104255784738,2.080873709851091,0.0411,0.012837196700274944,0.01909189485013485,0.048980394088756714,46.87500000000001,53.21531594674417,76.94212383977089,47.99822816912489,36.15704365809317
Dnmt3a,1,wt_identity,46.908397559220546,-0.24999999999999997,-0.1308131220457489,6.907755278982137,0.0067,0.012829206883907318,0.012410832569003105,0.03260261142001693,44.117647058823536,46.72894477137103,50.0,47.18242971897299,47.862196030674596
Dnmt3a,1,v88,57.82277512698971,-0.03124999999999997,0.2692132560979176,1.1505898754795143,0.1949,0.022842448204755783,0.018337979912757874,0.051995132658042245,49.18032786885246,58.41539148942631,85.85862759814184,33.134893992226814,37.79980894218398
Dnmt3a,1,candidate,56.7753686109424,-0.09374999999999999,0.22974248156542043,1.271506790680544,0.164,0.02268817275762558,0.0176746416836977,0.0507735946980539,47.61904761904762,57.00861842537191,84.58455816388847,33.28758881517799,38.71061900114575
Dnmt3a,1,scrambled_response,55.35782920804999,-0.12499999999999996,0.11291104255784738,2.080873709851091,0.0411,0.012983451597392559,0.017375998198986053,0.048980394088756714,46.87500000000001,53.21531594674417,76.94212383977089,46.876301402540236,39.13516366395493
Dnmt3a,2,wt_identity,47.198484492360706,-0.24999999999999997,-0.1308131220457489,6.907755278982137,0.0067,0.011839422397315502,0.010908038355410099,0.03260261142001693,44.117647058823536,46.72894477137103,50.0,49.04724252499699,48.69106348589066
Dnmt3a,2,v88,57.45523145703893,-0.03124999999999997,0.2692132560979176,1.1505898754795143,0.1949,0.023854143917560577,0.01897292397916317,0.051995132658042245,49.18032786885246,58.41539148942631,85.85862759814184,32.10020670199705,34.75754400314379
Dnmt3a,2,candidate,56.41825488833772,-0.09374999999999999,0.22974248156542043,1.271506790680544,0.164,0.02370460331439972,0.018137140199542046,0.0507735946980539,47.61904761904762,57.00861842537191,84.58455816388847,32.23885167724418,35.819803175488
Dnmt3a,2,scrambled_response,54.90272126229458,-0.12499999999999996,0.11291104255784738,2.080873709851091,0.0411,0.01328317541629076,0.01911858655512333,0.048980394088756714,46.87500000000001,53.21531594674417,76.94212383977089,46.121294526636675,34.57882465586764
Kmt2a,0,wt_identity,49.4252909332964,-0.13157894736842102,-0.052167889596178435,5.782114792940245,0.0104,0.011699490249156952,0.013298789039254189,0.03389464650586866,46.478873239436616,48.62342128363024,54.514292963011044,48.32199321344896,48.73201517739025
Kmt2a,0,v88,80.15349976768925,0.5789473684210525,0.5965192615505864,0.11765249130475312,0.7975,0.005729799158871174,0.004606594331562519,0.012316821196289457,74.99999999999999,73.93446096977523,99.90480805521497,67.24311658343647,76.55635651786655
Kmt2a,0,candidate,78.90598489762559,0.5526315789473685,0.5888659011678972,0.1554657041858065,0.7756,0.006228762678802013,0.005229951348155737,0.013045017444639208,73.33333333333333,73.48315700848428,99.352579621833,65.11212904610805,73.54494068141621
Kmt2a,0,scrambled_response,63.62222672107783,0.1842105263157895,0.1736080553577106,1.0862402068901724,0.2159,0.007520011160522699,0.01294112578034401,0.03605957438388688,55.93220338983051,55.20076509501581,87.45357001079232,60.176935675198784,49.471870583159856
Kmt2a,1,wt_identity,49.61821448559788,-0.13157894736842102,-0.052167889596178435,5.782114792940245,0.0104,0.012497656047344208,0.01198646891862154,0.03389464650586866,46.478873239436616,48.62342128363024,54.514292963011044,47.75040800244864,52.00093739765927
Kmt2a,1,v88,80.87133202052321,0.5789473684210525,0.5965192615505864,0.11765249130475312,0.7975,0.0050615654326975346,0.0043915677815675735,0.012316821196289457,74.99999999999999,73.93446096977523,99.90480805521497,72.39128276349692,77.80701040820051
Kmt2a,1,candidate,79.66047926516262,0.5526315789473685,0.5888659011678972,0.1554657041858065,0.7756,0.005534909665584564,0.004856947343796492,0.013045017444639208,73.33333333333333,73.48315700848428,99.352579621833,70.08898638287798,75.51083427047428
Kmt2a,1,scrambled_response,64.08200850721882,0.1842105263157895,0.1736080553577106,1.0862402068901724,0.2159,0.007401789538562298,0.011956721544265747,0.03605957438388688,55.93220338983051,55.20076509501581,87.45357001079232,62.27731249414718,52.06857768149958
Kmt2a,2,wt_identity,49.75670745578933,-0.13157894736842102,-0.052167889596178435,5.782114792940245,0.0104,0.011780289001762867,0.012186853215098381,0.03389464650586866,46.478873239436616,48.62342128363024,54.514292963011044,50.12567064802003,50.1692055566953
Kmt2a,2,v88,80.37142609459248,0.5789473684210525,0.5965192615505864,0.11765249130475312,0.7975,0.005558186676353216,0.004533030558377504,0.012316821196289457,74.99999999999999,73.93446096977523,99.90480805521497,69.77792519533406,75.47822268631064
Kmt2a,2,candidate,79.20883633800405,0.5526315789473685,0.5888659011678972,0.1554657041858065,0.7756,0.005899692885577679,0.0051482790149748325,0.013045017444639208,73.33333333333333,73.48315700848428,99.352579621833,68.30803321376153,72.53672743466679
Kmt2a,2,scrambled_response,63.83653318040646,0.1842105263157895,0.1736080553577106,1.0862402068901724,0.2159,0.007389286067336798,0.01293532270938158,0.03605957438388688,55.93220338983051,55.20076509501581,87.45357001079232,62.559831368643984,48.57635778460004
Kdm2b,0,wt_identity,50.50281779820351,0.0641025641025641,-0.015579489052406482,6.907755278982137,-0.0071,0.043271444737911224,0.03077341429889202,0.09243260215648386,51.908396946564885,49.5764473785792,50.0,50.302828220627745,49.998093538923975
Kdm2b,0,v88,78.65335015293634,0.5897435897435896,0.6296463983726215,0.7652022626880288,0.8068,0.019913749769330025,0.012425943277776241,0.03569060860496858,75.55555555555556,76.36890063292132,90.32326006977902,70.30785694082955,73.45875597118805
Kdm2b,0,candidate,78.52820440713607,0.5897435897435896,0.6305662299483531,0.792552618401596,0.8067,0.020317252725362778,0.012435955926775932,0.03585256391298167,75.55555555555556,76.42778294723503,90.00008146582961,69.82813020074732,73.43995016391962
Kdm2b,0,scrambled_response,60.67640478683671,0.21794871794871792,0.13573369384415188,1.9941729431654112,0.0628,0.03760863095521927,0.02935391291975975,0.08786222620190134,57.14285714285714,54.02094974052994,77.7741354243149,54.02993708773087,51.26479877800817
Kdm2b,1,wt_identity,50.33222140077886,0.0641025641025641,-0.015579489052406482,6.907755278982137,-0.0071,0.04813852906227112,0.029607484117150307,0.09243260215648386,51.908396946564885,49.5764473785792,50.0,48.91859779929698,49.94198420311198
Kdm2b,1,v88,78.83623234157565,0.5897435897435896,0.6296463983726215,0.7652022626880288,0.8068,0.019923295825719833,0.011484482325613499,0.03569060860496858,75.55555555555556,76.36890063292132,90.32326006977902,71.39231973530951,74.11808913745946
Kdm2b,1,candidate,78.7027040306156,0.5897435897435896,0.6305662299483531,0.792552618401596,0.8067,0.02050054632127285,0.011406869627535343,0.03585256391298167,75.55555555555556,76.42778294723503,90.00008146582961,70.72755144357956,74.27206359316536
Kdm2b,1,scrambled_response,60.872238254904715,0.21794871794871792,0.13573369384415188,1.9941729431654112,0.0628,0.037443872541189194,0.02799135074019432,0.08786222620190134,57.14285714285714,54.02094974052994,77.7741354243149,55.5462801580218,51.43820252342181
Kdm2b,2,wt_identity,50.432388774631846,0.0641025641025641,-0.015579489052406482,6.907755278982137,-0.0071,0.04525693133473396,0.030747268348932266,0.09243260215648386,51.908396946564885,49.5764473785792,50.0,50.452532238117165,48.89317471804404
Kdm2b,2,v88,78.65978501577744,0.5897435897435896,0.6296463983726215,0.7652022626880288,0.8068,0.01962110958993435,0.012965395115315914,0.03569060860496858,75.55555555555556,76.36890063292132,90.32326006977902,71.60286856576266,71.59667431930215
Kdm2b,2,candidate,78.54082464058402,0.5897435897435896,0.6305662299483531,0.792552618401596,0.8067,0.02021893300116062,0.012763889506459236,0.03585256391298167,75.55555555555556,76.42778294723503,90.00008146582961,70.90965768115151,71.97541186141261
Kdm2b,2,scrambled_response,60.79016718369673,0.21794871794871792,0.13573369384415188,1.9941729431654112,0.0628,0.03691171482205391,0.02950398437678814,0.08786222620190134,57.14285714285714,54.02094974052994,77.7741354243149,55.819967312556265,50.00178340152027
Dnmt1,0,wt_identity,49.54875642366546,0.03124999999999999,-0.08068448310894079,6.907755278982137,-0.0048,0.029702704399824142,0.022698411718010902,0.06950552698148331,50.83333333333333,47.98983895819601,50.0,49.0747461183137,48.904089373985194
Dnmt1,0,v88,81.45900653575035,0.65625,0.7570529307544788,0.6222112417454764,0.7398,0.009212031960487366,0.008291416801512241,0.02378301958218114,76.25,82.37542171808118,91.94824204408908,76.0699062396911,73.43377308056067
Dnmt1,0,candidate,80.05298227466237,0.609375,0.7376916844384778,0.6449769052155193,0.7348,0.00996006466448307,0.008264086209237576,0.024292247011656116,73.49397590361446,81.03353066696373,91.66968960862785,74.57239425045644,73.50371405781712
Dnmt1,0,scrambled_response,63.2369684102043,0.18749999999999997,0.29451057284483784,1.5887372536062965,0.1241,0.01780514419078827,0.021060805767774582,0.06176909292682787,55.45454545454545,59.02453915451113,81.44166867815831,61.8109552886832,50.83422726289145
Dnmt1,1,wt_identity,49.93105970786806,0.03124999999999999,-0.08068448310894079,6.907755278982137,-0.0048,0.025012874975800514,0.02143193408846855,0.06950552698148331,50.83333333333333,47.98983895819601,50.0,51.4510279506715,50.11845767798098
Dnmt1,1,v88,81.30116238263997,0.65625,0.7570529307544788,0.6222112417454764,0.7398,0.008586188778281212,0.008782505989074707,0.02378301958218114,76.25,82.37542171808118,91.94824204408908,75.80416664946813,71.85933055201545
Dnmt1,1,candidate,79.9083273512287,0.609375,0.7376916844384778,0.6449769052155193,0.7348,0.009311400353908539,0.00865484494715929,0.024292247011656116,73.49397590361446,81.03353066696373,91.66968960862785,74.2525409194695,72.17530751137666
Dnmt1,1,scrambled_response,63.15097682286184,0.18749999999999997,0.29451057284483784,1.5887372536062965,0.1241,0.017085103318095207,0.02059876173734665,0.06176909292682787,55.45454545454545,59.02453915451113,81.44166867815831,60.89216885903578,51.137512065581916
Dnmt1,2,wt_identity,49.73743653277305,0.03124999999999999,-0.08068448310894079,6.907755278982137,-0.0048,0.02779976651072502,0.021709304302930832,0.06950552698148331,50.83333333333333,47.98983895819601,50.0,49.86420098563966,50.07840843684114
Dnmt1,2,v88,81.58956656327977,0.65625,0.7570529307544788,0.6222112417454764,0.7398,0.007807859685271978,0.008925758302211761,0.02378301958218114,76.25,82.37542171808118,91.94824204408908,78.27379487006361,71.75994047911959
Dnmt1,2,candidate,80.19612112298026,0.609375,0.7376916844384778,0.6449769052155193,0.7348,0.008507445454597473,0.008812636137008667,0.024292247011656116,73.49397590361446,81.03353066696373,91.66968960862785,76.74374392629753,72.0359251480291
Dnmt1,2,scrambled_response,63.46240380675618,0.18749999999999997,0.29451057284483784,1.5887372536062965,0.1241,0.015961702913045883,0.020866278558969498,0.06176909292682787,55.45454545454545,59.02453915451113,81.44166867815831,63.514732375296305,51.09650408987034
Dnmt3b,0,wt_identity,47.846526398816096,-0.18181818181818182,-0.06987585758482855,6.907755278982137,0.2474,0.020049849525094032,0.01090021338313818,0.03708439645877162,45.3125,48.21266712566179,50.0,47.83513022187129,49.49242488470121
Dnmt3b,0,v88,74.82292814110589,0.45454545454545453,0.5541509877356782,0.41315257792281807,0.6756,0.007350216619670391,0.007786833681166172,0.02345327418775986,67.44186046511628,70.82138824607782,94.46342599343328,71.70313991252182,58.30987065238264
Dnmt3b,0,candidate,74.5731938631366,0.45454545454545453,0.5280048956841733,0.4063112361403686,0.696,0.007550518028438091,0.007290080189704895,0.021920365066633998,67.44186046511628,69.45670293829696,94.55199715166384,71.14325877565891,60.015870600405606
Dnmt3b,0,scrambled_response,62.8859770292359,0.24242424242424243,0.25435358650686035,1.4495592143389404,0.206,0.013567844405770302,0.014009462669491768,0.04070750607885546,57.99999999999999,57.79975577235707,82.72411413090701,57.62582168500877,42.99888689023541
Dnmt3b,1,wt_identity,48.00074691845792,-0.18181818181818182,-0.06987585758482855,6.907755278982137,0.2474,0.018853353336453438,0.011315778829157352,0.03708439645877162,45.3125,48.21266712566179,50.0,49.38389932419244,49.09702772674222
Dnmt3b,1,v88,74.66551425667546,0.45454545454545453,0.5541509877356782,0.41315257792281807,0.6756,0.007887383922934532,0.007872079499065876,0.02345327418775986,67.44186046511628,70.82138824607782,94.46342599343328,70.22118642740872,58.56512732467205
Dnmt3b,1,candidate,74.41454957945211,0.45454545454545453,0.5280048956841733,0.4063112361403686,0.696,0.008125567808747292,0.007337483111768961,0.021920365066633998,67.44186046511628,69.45670293829696,94.55199715166384,69.5834705514487,60.37249939066488
Dnmt3b,1,scrambled_response,62.86416571851103,0.24242424242424243,0.25435358650686035,1.4495592143389404,0.206,0.014875243417918682,0.012674474157392979,0.04070750607885546,57.99999999999999,57.79975577235707,82.72411413090701,55.34122787194686,46.15313622576738
Dnmt3b,2,wt_identity,47.615754769966486,-0.18181818181818182,-0.06987585758482855,6.907755278982137,0.2474,0.019821247085928917,0.01314382441341877,0.03708439645877162,45.3125,48.21266712566179,50.0,48.123491191331006,46.17523806989147
Dnmt3b,2,v88,74.77016910645874,0.45454545454545453,0.5541509877356782,0.41315257792281807,0.6756,0.007713338825851679,0.008012219332158566,0.02345327418775986,67.44186046511628,70.82138824607782,94.46342599343328,70.69467950781858,59.16307332634816
Dnmt3b,2,candidate,74.51616488180173,0.45454545454545453,0.5280048956841733,0.4063112361403686,0.696,0.00789300911128521,0.007547690998762846,0.021920365066633998,67.44186046511628,69.45670293829696,94.55199715166384,70.20605080124965,60.70882029533369
Dnmt3b,2,scrambled_response,62.94464776577425,0.24242424242424243,0.25435358650686035,1.4495592143389404,0.206,0.014213566668331623,0.013511911034584045,0.04070750607885546,57.99999999999999,57.79975577235707,82.72411413090701,56.474393501138366,45.45941337277032
Ehmt2,0,wt_identity,50.86384431045704,0.06666666666666665,0.06230196693462208,6.907755278982137,-0.1688,0.010456669144332409,0.011451045982539654,0.032587309962151624,52.054794520547944,51.780268926157625,50.0,47.58196931558022,51.15628006104532
Ehmt2,0,v88,71.24954949778483,0.4222222222222222,0.5316349730180734,0.3878579686618062,0.5107,0.01167631708085537,0.009907674044370651,0.02667615473729215,66.66666666666667,70.75956500266263,95.16822947105756,44.68692781761712,55.064619265509066
Ehmt2,0,candidate,70.10101963947822,0.39999999999999997,0.4972369632465113,0.42711226286138454,0.494,0.012104272842407227,0.01037750393152237,0.027138370433549587,65.51724137931035,68.90842053719923,94.65342086930278,43.75284986933815,53.81306112173802
Ehmt2,0,scrambled_response,58.72335900139344,0.06666666666666665,0.1037365658305337,1.5738494634691493,0.0527,0.009732996113598347,0.015310738235712051,0.04413662371195485,52.054794520547944,53.036151370743504,81.73681920536858,49.484134262302035,43.444773621559904
Ehmt2,1,wt_identity,50.72027229938633,0.06666666666666665,0.06230196693462208,6.907755278982137,-0.1688,0.010808521881699562,0.012741824612021446,0.032587309962151624,52.054794520547944,51.780268926157625,50.0,47.15604276853577,50.00051974322809
Ehmt2,1,v88,71.25292207493848,0.4222222222222222,0.5316349730180734,0.3878579686618062,0.5107,0.011836273595690727,0.010621125809848309,0.02667615473729215,66.66666666666667,70.75956500266263,95.16822947105756,44.835179026561406,54.88439966651333
Ehmt2,1,candidate,70.14242255394191,0.39999999999999997,0.4972369632465113,0.42711226286138454,0.494,0.01211422961205244,0.01114532072097063,0.027138370433549587,65.51724137931035,68.90842053719923,94.65342086930278,44.24623170746273,53.59052479534729
Ehmt2,1,scrambled_response,58.79178625798568,0.06666666666666665,0.1037365658305337,1.5738494634691493,0.0527,0.009890836663544178,0.01576947048306465,0.04413662371195485,52.054794520547944,53.036151370743504,81.73681920536858,49.44125063237934,44.364439773846954
Ehmt2,2,wt_identity,51.18385747132175,0.06666666666666665,0.06230196693462208,6.907755278982137,-0.1688,0.010112169198691845,0.011838399805128574,0.032587309962151624,52.054794520547944,51.780268926157625,50.0,49.75587992828549,51.89557865279627
Ehmt2,2,v88,71.63418425560431,0.4222222222222222,0.5316349730180734,0.3878579686618062,0.5107,0.012028741650283337,0.009078018367290497,0.02667615473729215,66.66666666666667,70.75956500266263,95.16822947105756,45.201376321549134,59.10088098235462
Ehmt2,2,candidate,70.51450499692193,0.39999999999999997,0.4972369632465113,0.42711226286138454,0.494,0.012333479709923267,0.009531986899673939,0.027138370433549587,65.51724137931035,68.90842053719923,94.65342086930278,44.55292950660653,57.781508633881785
Ehmt2,2,scrambled_response,59.09874090942861,0.06666666666666665,0.1037365658305337,1.5738494634691493,0.0527,0.009356766939163208,0.015516811981797218,0.04413662371195485,52.054794520547944,53.036151370743504,81.73681920536858,51.813599526101875,44.64284957629977
Kmt2b,0,wt_identity,47.84213429780665,-0.16666666666666663,-0.17618215861255818,6.907755278982137,0.03,0.013760030269622803,0.01586630567908287,0.04188235657141044,45.87155963302752,45.723356030717504,50.0,51.51293387413759,49.60344169153136
Kmt2b,0,v88,78.80752170416662,0.5925925925925926,0.6779584842135874,0.32128283647667827,0.7033,0.008415067568421364,0.007255128119140863,0.016074212414628638,73.52941176470587,78.11525484889602,96.09450177288257,63.60356107589775,69.54789612753093
Kmt2b,0,candidate,77.81500376335644,0.611111111111111,0.6404222646951765,0.3658048511224318,0.6817,0.00923326425254345,0.008556121028959751,0.017797457549644513,74.62686567164178,75.75672887037598,95.49938577078653,61.397604259398165,65.56503613056873
Kmt2b,0,scrambled_response,61.997597771664175,0.16666666666666663,0.15806073975242604,1.4985817802942067,0.112,0.009590190835297108,0.015731139108538628,0.04404777389356671,54.94505494505495,54.57994398393916,82.49990193702294,60.482508487827005,49.827734867099096
Kmt2b,1,wt_identity,47.43456017911467,-0.16666666666666663,-0.17618215861255818,6.907755278982137,0.03,0.015470626763999462,0.016307229176163673,0.04188235657141044,45.87155963302752,45.723356030717504,50.0,48.13103428320478,49.5816145942808
Kmt2b,1,v88,78.7908623355999,0.5925925925925926,0.6779584842135874,0.32128283647667827,0.7033,0.008379975333809853,0.007386998273432255,0.016074212414628638,73.52941176470587,78.11525484889602,96.09450177288257,63.4381718204526,69.58773790361474
Kmt2b,1,candidate,77.81477468625874,0.611111111111111,0.6404222646951765,0.3658048511224318,0.6817,0.00918491743505001,0.008653510361909866,0.017797457549644513,74.62686567164178,75.75672887037598,95.49938577078653,61.22764959955117,65.81710465661811
Kmt2b,1,scrambled_response,61.779948332227356,0.16666666666666663,0.15806073975242604,1.4985817802942067,0.112,0.010543075390160084,0.015391611494123936,0.04404777389356671,54.94505494505495,54.57994398393916,82.49990193702294,57.827749502907764,51.08925535151766
Kmt2b,2,wt_identity,47.64915618332068,-0.16666666666666663,-0.17618215861255818,6.907755278982137,0.03,0.01437508873641491,0.015864446759223938,0.04188235657141044,45.87155963302752,45.723356030717504,50.0,50.16300676871271,49.216105918593975
Kmt2b,2,v88,78.71417614388469,0.5925925925925926,0.6779584842135874,0.32128283647667827,0.7033,0.008268323726952076,0.007607225328683853,0.016074212414628638,73.52941176470587,78.11525484889602,96.09450177288257,63.77856906648391,68.11856463812767
Kmt2b,2,candidate,77.75992584489624,0.611111111111111,0.6404222646951765,0.3658048511224318,0.6817,0.009041212499141693,0.00881956983357668,0.017797457549644513,74.62686567164178,75.75672887037598,95.49938577078653,61.66038336631018,64.4823934894482
Kmt2b,2,scrambled_response,61.784166784507086,0.16666666666666663,0.15806073975242604,1.4985817802942067,0.112,0.009821072220802307,0.016371194273233414,0.04404777389356671,54.94505494505495,54.57994398393916,82.49990193702294,59.661074805143166,48.39199805166116
