panel_symbol	ensembl_id
A2m	ENSMUSG00000030111
AI646519	ENSMUSG00000087521
Abca6	ENSMUSG00000044749
Abca8a	ENSMUSG00000041828
Abcc9	ENSMUSG00000030249
Abi3bp	ENSMUSG00000035258
Ablim3	ENSMUSG00000032735
Acer2	ENSMUSG00000038007
Ackr3	ENSMUSG00000044337
Acta2	ENSMUSG00000035783
Actg1	ENSMUSG00000062825
Acvr1c	ENSMUSG00000026834
Adamts12	ENSMUSG00000047497
Adamts6	ENSMUSG00000046169
Adamts8	ENSMUSG00000031994
Adcy2	ENSMUSG00000021536
Adgrf5	ENSMUSG00000056492
Adgrg6	ENSMUSG00000039116
Adgrl4	ENSMUSG00000039167
Adm	ENSMUSG00000030790
Afp	ENSMUSG00000054932
Agtr2	ENSMUSG00000068122
Ahnak	ENSMUSG00000069833
Ahsg	ENSMUSG00000022868
Akr1c19	ENSMUSG00000071551
Aldh1a2	ENSMUSG00000013584
Aldob	ENSMUSG00000028307
Alox5ap	ENSMUSG00000060063
Alx1	ENSMUSG00000036602
Angpt1	ENSMUSG00000022309
Angptl6	ENSMUSG00000038742
Ankrd1	ENSMUSG00000024803
Ano1	ENSMUSG00000031075
Anxa1	ENSMUSG00000024659
Apln	ENSMUSG00000037010
Aplnr	ENSMUSG00000044338
Apoa1	ENSMUSG00000032083
Apob	ENSMUSG00000020609
Apoc2	ENSMUSG00000002992
Apod	ENSMUSG00000022548
Apoe	ENSMUSG00000002985
Apold1	ENSMUSG00000090698
Aprt	ENSMUSG00000006589
Arg1	ENSMUSG00000019987
Arhgap31	ENSMUSG00000022799
Astn2	ENSMUSG00000028373
Bambi	ENSMUSG00000024232
Bco1	ENSMUSG00000031845
Bex3	ENSMUSG00000046432
Bhlha9	ENSMUSG00000044243
Birc3	ENSMUSG00000032000
Bmp10	ENSMUSG00000030046
Bmp2	ENSMUSG00000027358
Bmp4	ENSMUSG00000021835
Bmx	ENSMUSG00000031377
Bnc1	ENSMUSG00000025105
Bnc2	ENSMUSG00000028487
Bpifc	ENSMUSG00000050108
Btg2	ENSMUSG00000020423
Btnl9	ENSMUSG00000040283
C1qtnf9	ENSMUSG00000071347
Cacna1d	ENSMUSG00000015968
Cacna2d2	ENSMUSG00000010066
Cacnb2	ENSMUSG00000057914
Cadm1	ENSMUSG00000032076
Car4	ENSMUSG00000000805
Car8	ENSMUSG00000041261
Casp4	ENSMUSG00000033538
Casq1	ENSMUSG00000007122
Cav1	ENSMUSG00000007655
Ccbe1	ENSMUSG00000046318
Ccdc80	ENSMUSG00000022665
Ccdc85a	ENSMUSG00000032878
Cck	ENSMUSG00000032532
Ccn5	ENSMUSG00000027656
Ccna2	ENSMUSG00000027715
Ccser1	ENSMUSG00000039578
Cd300lg	ENSMUSG00000017309
Cd34	ENSMUSG00000016494
Cd93	ENSMUSG00000027435
Cdh12	ENSMUSG00000040452
Cdh18	ENSMUSG00000040420
Cdh4	ENSMUSG00000000305
Cdh5	ENSMUSG00000031871
Cdk1	ENSMUSG00000019942
Cemip2	ENSMUSG00000024754
Cenpf	ENSMUSG00000026605
Cer1	ENSMUSG00000038192
Cfh	ENSMUSG00000026365
Cited1	ENSMUSG00000051159
Ckmt2	ENSMUSG00000021622
Cldn11	ENSMUSG00000037625
Cldn4	ENSMUSG00000047501
Cldn5	ENSMUSG00000041378
Clec14a	ENSMUSG00000045930
Clec1a	ENSMUSG00000033082
Clec3b	ENSMUSG00000025784
Clmp	ENSMUSG00000032024
Cnmd	ENSMUSG00000022025
Col15a1	ENSMUSG00000028339
Col1a1	ENSMUSG00000001506
Col1a2	ENSMUSG00000029661
Col3a1	ENSMUSG00000026043
Col5a1	ENSMUSG00000026837
Col6a1	ENSMUSG00000001119
Colec10	ENSMUSG00000038591
Cpa1	ENSMUSG00000054446
Cpne5	ENSMUSG00000024008
Crabp1	ENSMUSG00000032291
Crabp2	ENSMUSG00000004885
Csf2rb	ENSMUSG00000071713
Csmd1	ENSMUSG00000060924
Cspg4	ENSMUSG00000032911
Csrp3	ENSMUSG00000030470
Cthrc1	ENSMUSG00000054196
Ctla2a	ENSMUSG00000044258
Ctnna3	ENSMUSG00000060843
Ctsh	ENSMUSG00000032359
Cxcl1	ENSMUSG00000029380
Cxcl12	ENSMUSG00000061353
Cxcl13	ENSMUSG00000023078
Cxcl17	ENSMUSG00000060188
Cyp1b1	ENSMUSG00000024087
Cyp26a1	ENSMUSG00000024987
Cytl1	ENSMUSG00000062329
Cyyr1	ENSMUSG00000041134
Daam1	ENSMUSG00000034574
Dach1	ENSMUSG00000055639
Depdc7	ENSMUSG00000027173
Dgkb	ENSMUSG00000036095
Dgkg	ENSMUSG00000022861
Diaph3	ENSMUSG00000022021
Dkk1	ENSMUSG00000024868
Dkk2	ENSMUSG00000028031
Dlk1	ENSMUSG00000040856
Dll1	ENSMUSG00000014773
Dlx2	ENSMUSG00000023391
Dlx5	ENSMUSG00000029755
Dmrt2	ENSMUSG00000048138
Dock2	ENSMUSG00000020143
Dtx1	ENSMUSG00000029603
Dusp14	ENSMUSG00000018648
Ebf1	ENSMUSG00000057098
Ebf2	ENSMUSG00000022053
Ebf3	ENSMUSG00000010476
Ecm1	ENSMUSG00000028108
Ecscr	ENSMUSG00000073599
Edil3	ENSMUSG00000034488
Edn1	ENSMUSG00000021367
Ednrb	ENSMUSG00000022122
Efna5	ENSMUSG00000048915
Egfl7	ENSMUSG00000026921
Elavl3	ENSMUSG00000003410
Eln	ENSMUSG00000029675
Emcn	ENSMUSG00000054690
Entpd1	ENSMUSG00000048120
Epha4	ENSMUSG00000026235
Erbb4	ENSMUSG00000062209
Ermap	ENSMUSG00000028644
Esam	ENSMUSG00000001946
Etv2	ENSMUSG00000006311
Ezr	ENSMUSG00000052397
Fbln2	ENSMUSG00000064080
Fbln5	ENSMUSG00000021186
Fbxl22	ENSMUSG00000050503
Fbxo32	ENSMUSG00000022358
Fezf1	ENSMUSG00000029697
Fgb	ENSMUSG00000033831
Fgf10	ENSMUSG00000021732
Fgf12	ENSMUSG00000022523
Fgf13	ENSMUSG00000031137
Fgf14	ENSMUSG00000025551
Fgf8	ENSMUSG00000025219
Fmo2	ENSMUSG00000040170
Fmod	ENSMUSG00000041559
Foxa2	ENSMUSG00000037025
Foxc1	ENSMUSG00000050295
Foxc2	ENSMUSG00000046714
Foxd1	ENSMUSG00000078302
Foxd2	ENSMUSG00000055210
Foxd3	ENSMUSG00000067261
Foxf1	ENSMUSG00000042812
Foxi2	ENSMUSG00000048377
Foxl2	ENSMUSG00000050397
Foxp2	ENSMUSG00000029563
Frzb	ENSMUSG00000027004
Fst	ENSMUSG00000021765
Fxyd5	ENSMUSG00000009687
Gal	ENSMUSG00000024907
Galnt18	ENSMUSG00000038296
Gata1	ENSMUSG00000031162
Gata2	ENSMUSG00000015053
Gata4	ENSMUSG00000021944
Gata5	ENSMUSG00000015627
Gata6	ENSMUSG00000005836
Gdf10	ENSMUSG00000021943
Gfi1b	ENSMUSG00000026815
Ghrl	ENSMUSG00000064177
Gimap1	ENSMUSG00000090019
Gja1	ENSMUSG00000050953
Gja4	ENSMUSG00000050234
Gja5	ENSMUSG00000057123
Gm13889	ENSMUSG00000087006
Gm14226	ENSMUSG00000084897
Gm15915	ENSMUSG00000085723
Gngt2	ENSMUSG00000038811
Gpihbp1	ENSMUSG00000022579
Gpm6a	ENSMUSG00000031517
Gpx3	ENSMUSG00000018339
Gramd1b	ENSMUSG00000040111
Grem2	ENSMUSG00000050069
Gria1	ENSMUSG00000020524
Gxylt2	ENSMUSG00000030074
Gyg	ENSMUSG00000019528
H19	ENSMUSG00000000031
Hand1	ENSMUSG00000037335
Hand2	ENSMUSG00000038193
Hcn4	ENSMUSG00000032338
Hemgn	ENSMUSG00000028332
Hey2	ENSMUSG00000019789
Hhex	ENSMUSG00000024986
Homer2	ENSMUSG00000025813
Hoxa1	ENSMUSG00000029844
Hoxa10	ENSMUSG00000000938
Hoxa11	ENSMUSG00000038210
Hoxa3	ENSMUSG00000079560
Hoxa7	ENSMUSG00000038236
Hoxb1	ENSMUSG00000018973
Hoxb9	ENSMUSG00000020875
Hoxc8	ENSMUSG00000001657
Hoxc9	ENSMUSG00000036139
Hoxd1	ENSMUSG00000042448
Hoxd9	ENSMUSG00000043342
Hpse2	ENSMUSG00000074852
Hs3st4	ENSMUSG00000078591
Htra1	ENSMUSG00000006205
Icam2	ENSMUSG00000001029
Ifi203	ENSMUSG00000039997
Ifi204	ENSMUSG00000073489
Igfbpl1	ENSMUSG00000035551
Irx1	ENSMUSG00000060969
Irx3	ENSMUSG00000031734
Irx5	ENSMUSG00000031737
Isl1	ENSMUSG00000042258
Itga4	ENSMUSG00000027009
Itga8	ENSMUSG00000026768
Itgbl1	ENSMUSG00000032925
Itih5	ENSMUSG00000025780
Itm2a	ENSMUSG00000031239
Kcna5	ENSMUSG00000045534
Kcnab1	ENSMUSG00000027827
Kcnb2	ENSMUSG00000092083
Kcnc2	ENSMUSG00000035681
Kcnd2	ENSMUSG00000060882
Kcnd3	ENSMUSG00000040896
Kcnj3	ENSMUSG00000026824
Kcnma1	ENSMUSG00000063142
Kcnq5	ENSMUSG00000028033
Kirrel3	ENSMUSG00000032036
Kitl	ENSMUSG00000019966
Klf2	ENSMUSG00000055148
Klhl4	ENSMUSG00000025597
Lama2	ENSMUSG00000019899
Lefty1	ENSMUSG00000038793
Lefty2	ENSMUSG00000066652
Lgals1	ENSMUSG00000068220
Lgr6	ENSMUSG00000042793
Lhx1	ENSMUSG00000018698
Lhx5	ENSMUSG00000029595
Lmo1	ENSMUSG00000036111
Lmo2	ENSMUSG00000032698
Lmod1	ENSMUSG00000048096
Lox	ENSMUSG00000024529
Lrrc4c	ENSMUSG00000050587
Lsamp	ENSMUSG00000061080
Ltbp2	ENSMUSG00000002020
Lum	ENSMUSG00000036446
Lyve1	ENSMUSG00000030787
Mab21l2	ENSMUSG00000057777
Magi1	ENSMUSG00000045095
Map1b	ENSMUSG00000052727
Map3k7cl	ENSMUSG00000025610
Mef2c	ENSMUSG00000005583
Meg3	ENSMUSG00000021268
Meox1	ENSMUSG00000001493
Meox2	ENSMUSG00000036144
Mgll	ENSMUSG00000033174
Mid1	ENSMUSG00000035299
Mmrn2	ENSMUSG00000041445
Mpped2	ENSMUSG00000016386
Mpz	ENSMUSG00000056569
Msln	ENSMUSG00000063011
Msx2	ENSMUSG00000021469
Mtus2	ENSMUSG00000029651
Muc16	ENSMUSG00000109564
Mybphl	ENSMUSG00000068745
Myh11	ENSMUSG00000018830
Myh3	ENSMUSG00000020908
Myh7	ENSMUSG00000053093
Myh8	ENSMUSG00000055775
Myl4	ENSMUSG00000061086
Myl7	ENSMUSG00000020469
Mylk	ENSMUSG00000022836
Mylk4	ENSMUSG00000044951
Myrf	ENSMUSG00000036098
Nav3	ENSMUSG00000020181
Nebl	ENSMUSG00000053702
Negr1	ENSMUSG00000040037
Nfatc1	ENSMUSG00000033016
Ngfr	ENSMUSG00000000120
Nkain3	ENSMUSG00000055761
Nkx1-2	ENSMUSG00000048528
Nkx3-1	ENSMUSG00000022061
Nlgn1	ENSMUSG00000063887
Nodal	ENSMUSG00000037171
Nos3	ENSMUSG00000028978
Noto	ENSMUSG00000068302
Npm3	ENSMUSG00000056209
Nppa	ENSMUSG00000041616
Nppb	ENSMUSG00000029019
Npr3	ENSMUSG00000022206
Nr2f1	ENSMUSG00000069171
Nr2f2	ENSMUSG00000030551
Nrg1	ENSMUSG00000062991
Nrk	ENSMUSG00000052854
Nrp2	ENSMUSG00000025969
Nrxn3	ENSMUSG00000066392
Ntf5	ENSMUSG00000074121
Ntm	ENSMUSG00000059974
Ntn1	ENSMUSG00000020902
Ntrk3	ENSMUSG00000059146
Nxf3	ENSMUSG00000057000
Olfr558	ENSMUSG00000070423
Olfr78	ENSMUSG00000043366
Olfr872	ENSMUSG00000066897
Osr1	ENSMUSG00000048387
Otx2	ENSMUSG00000021848
Pam	ENSMUSG00000026335
Pax3	ENSMUSG00000004872
Pax6	ENSMUSG00000027168
Pcdh17	ENSMUSG00000035566
Pcdh19	ENSMUSG00000051323
Pcdh7	ENSMUSG00000029108
Pcsk5	ENSMUSG00000024713
Pdcd4	ENSMUSG00000024975
Pdgfb	ENSMUSG00000000489
Pdgfrb	ENSMUSG00000024620
Pdzrn4	ENSMUSG00000036218
Pecam1	ENSMUSG00000020717
Phactr1	ENSMUSG00000054728
Phlda2	ENSMUSG00000010760
Phox2b	ENSMUSG00000012520
Pifo	ENSMUSG00000010136
Pitx2	ENSMUSG00000028023
Pkhd1l1	ENSMUSG00000038725
Plcb4	ENSMUSG00000039943
Pln	ENSMUSG00000038583
Plp1	ENSMUSG00000031425
Plvap	ENSMUSG00000034845
Plxnd1	ENSMUSG00000030123
Pmp22	ENSMUSG00000018217
Pnliprp1	ENSMUSG00000042179
Podxl	ENSMUSG00000025608
Postn	ENSMUSG00000027750
Pparg	ENSMUSG00000000440
Ppp1r1a	ENSMUSG00000022490
Prc1	ENSMUSG00000038943
Prdm6	ENSMUSG00000069378
Prkch	ENSMUSG00000021108
Prrx2	ENSMUSG00000039476
Prss23	ENSMUSG00000039405
Prss35	ENSMUSG00000033491
Ptgds	ENSMUSG00000015090
Ptma	ENSMUSG00000026238
Ptn	ENSMUSG00000029838
Ptprz1	ENSMUSG00000068748
Pum3	ENSMUSG00000041360
Pvalb	ENSMUSG00000005716
Ramp2	ENSMUSG00000001240
Rapgef4	ENSMUSG00000049044
Rasip1	ENSMUSG00000044562
Rbfox1	ENSMUSG00000008658
Rbm24	ENSMUSG00000038132
Rbp7	ENSMUSG00000028996
Rdx	ENSMUSG00000032050
Reln	ENSMUSG00000042453
Rgcc	ENSMUSG00000022018
Rgs3	ENSMUSG00000059810
Rgs5	ENSMUSG00000026678
Rgs6	ENSMUSG00000021219
Robo2	ENSMUSG00000052516
Rps6ka2	ENSMUSG00000023809
Rspo1	ENSMUSG00000028871
Rspo3	ENSMUSG00000019880
Runx1	ENSMUSG00000022952
Ryr3	ENSMUSG00000057378
S100a10	ENSMUSG00000041959
Sbk2	ENSMUSG00000030433
Scn3a	ENSMUSG00000057182
Scn5a	ENSMUSG00000032511
Selenop	ENSMUSG00000064373
Sema3a	ENSMUSG00000028883
Serpina1b	ENSMUSG00000071178
Sfn	ENSMUSG00000047281
Sfrp1	ENSMUSG00000031548
Sfrp5	ENSMUSG00000018822
Shisa3	ENSMUSG00000050010
Shisa6	ENSMUSG00000053930
Shox2	ENSMUSG00000027833
Six1	ENSMUSG00000051367
Slc16a2	ENSMUSG00000033965
Slc22a1	ENSMUSG00000023829
Slc2a1	ENSMUSG00000028645
Slc39a4	ENSMUSG00000063354
Slc4a10	ENSMUSG00000026904
Slc7a3	ENSMUSG00000031297
Slco2a1	ENSMUSG00000032548
Slit2	ENSMUSG00000031558
Slit3	ENSMUSG00000056427
Sln	ENSMUSG00000042045
Smoc1	ENSMUSG00000021136
Smoc2	ENSMUSG00000023886
Sncaip	ENSMUSG00000024534
Sorbs2	ENSMUSG00000031626
Sorcs1	ENSMUSG00000043531
Sost	ENSMUSG00000001494
Sox10	ENSMUSG00000033006
Sox17	ENSMUSG00000025902
Sox2	ENSMUSG00000074637
Sox6	ENSMUSG00000051910
Spats2	ENSMUSG00000051934
Spi1	ENSMUSG00000002111
Spin2c	ENSMUSG00000046550
Sptbn1	ENSMUSG00000020315
Stac	ENSMUSG00000032502
Stard10	ENSMUSG00000030688
Stard8	ENSMUSG00000031216
Steap4	ENSMUSG00000012428
Stmn2	ENSMUSG00000027500
Svep1	ENSMUSG00000028369
Syt1	ENSMUSG00000035864
Tacstd2	ENSMUSG00000051397
Tal1	ENSMUSG00000028717
Tbx1	ENSMUSG00000009097
Tbx18	ENSMUSG00000032419
Tbx2	ENSMUSG00000000093
Tbx3	ENSMUSG00000018604
Tbx4	ENSMUSG00000000094
Tbx5	ENSMUSG00000018263
Tbx6	ENSMUSG00000030699
Tc2n	ENSMUSG00000021187
Tcap	ENSMUSG00000007877
Tcf15	ENSMUSG00000068079
Tcf21	ENSMUSG00000045680
Tdo2	ENSMUSG00000028011
Tdrd12	ENSMUSG00000030491
Tenm3	ENSMUSG00000031561
Tfap2a	ENSMUSG00000021359
Tfap2b	ENSMUSG00000025927
Tfap2c	ENSMUSG00000028640
Tgfb2	ENSMUSG00000039239
Thsd4	ENSMUSG00000032289
Timp4	ENSMUSG00000030317
Tlx1	ENSMUSG00000025215
Tmem108	ENSMUSG00000042757
Tmem158	ENSMUSG00000054871
Tmem163	ENSMUSG00000026347
Tmem255a	ENSMUSG00000036502
Tmsb4x	ENSMUSG00000049775
Tnc	ENSMUSG00000028364
Tnn	ENSMUSG00000026725
Tnxb	ENSMUSG00000033327
Top2a	ENSMUSG00000020914
Trh	ENSMUSG00000005892
Trp63	ENSMUSG00000022510
Trpc3	ENSMUSG00000027716
Trpc6	ENSMUSG00000031997
Trps1	ENSMUSG00000038679
Tspan32	ENSMUSG00000000244
Ttn	ENSMUSG00000051747
Twist1	ENSMUSG00000035799
Upk1b	ENSMUSG00000049436
Upk3b	ENSMUSG00000042985
Upp1	ENSMUSG00000020407
Uts2b	ENSMUSG00000056423
Vamp8	ENSMUSG00000050732
Vcan	ENSMUSG00000021614
Vegfc	ENSMUSG00000031520
Vsnl1	ENSMUSG00000054459
Vwf	ENSMUSG00000001930
Wif1	ENSMUSG00000020218
Wipf3	ENSMUSG00000086040
Wnt2	ENSMUSG00000010797
Wnt3a	ENSMUSG00000009900
Wnt5a	ENSMUSG00000021994
Wnt6	ENSMUSG00000033227
Wt1	ENSMUSG00000016458
Zeb1	ENSMUSG00000024238
Zeb2	ENSMUSG00000026872
Zfp503	ENSMUSG00000039081
